booking_id,employee_id,employee_name,department,origin_city,destination_city,travel_date,return_date,travel_type,airline,ticket_price,currency,booking_status
BKG000001,EMP00072,Sofia Martinez,Marketing,new york,PARIS,2026-11-24,2026-11-26,Domestic,Emirates,2529.21,USD,CONFIRMED
BKG000002,EMP00014,Olivia Davis,Operations,San Francisco,dubai,2026-01-16,2026-01-18,Domestic,Air India,1019.40,GBP,CANCELLED
BKG000003,EMP00080,Noah Williams,Finance, singapore ,Bengaluru,2026-01-04,2026-01-17,International,Emirates,498.40,USD,PENDING
BKG000004,EMP00275,Mia Anderson,Engineering,PARIS,dubai,2026-07-03,2026-07-17,International,Emirates,2372.33,GBP,CONFIRMED
BKG000005,EMP00149,Sofia Martinez,Engineering,LONDON,new york,2026-10-23,2026-10-27,Domestic,Emirates,1670.91,INR,CANCELLED
BKG000006,EMP00108,Priya Patel,Marketing,PARIS, singapore ,2026-11-22,2026-12-06,International,Emirates,2605.25,EUR,PENDING
BKG000007,EMP00139,Lucas Silva,Marketing,San Francisco, singapore ,2026-10-01,2026-10-13,Domestic,British Airways,3558.84,USD,PENDING
BKG000008,EMP00034,Noah Williams,Finance,new york,tokyo,2026-04-28,2026-05-12,International,Singapore Airlines,2794.19,INR,PENDING
BKG000009,EMP00288,  SOFIA MARTINEZ  ,Operations, singapore ,PARIS,2026-11-26,2026-12-04,International,Air India,3783.12,INR,CONFIRMED
BKG000010,EMP00025,Emma Johnson,Engineering, singapore ,Toronto,2026-07-05,2026-07-09,Domestic,Lufthansa,3351.68,INR,PENDING
BKG000011,EMP00271,Mia Anderson,Sales,tokyo,Bengaluru,2026-11-02,2026-11-04,Domestic,Emirates,2901.38,GBP,cancelled
BKG000012,EMP00233,Liam Chen,Engineering,LONDON,PARIS,2026-11-25,2026-12-01,International,Lufthansa,2191.34,USD,PENDING
BKG000013,EMP00083,Priya Patel,Operations,Sydney,San Francisco,2026-11-17,2026-11-22,Domestic,British Airways,2113.51,usd,CONFIRMED
BKG000014,EMP00291,Sofia Martinez,Engineering,dubai,San Francisco,2026-07-05,2026-07-19,Domestic,Qantas,3449.37,EUR,CONFIRMED
BKG000015,EMP00271,Noah Williams,Operations,Bengaluru,Toronto,2026-03-07,2026-03-18,International,Singapore Airlines,3909.97,EUR,CONFIRMED
BKG000016,EMP00062,Mia Anderson,Finance,PARIS,Sydney,2026-06-09,2026-06-16,Domestic,Emirates,1499.39,EUR,CANCELLED
BKG000017,EMP00118,Aarav Sharma,Engineering,new york, singapore ,2026-10-29,2026-11-02,Domestic,British Airways,409.10,EUR,CANCELLED
BKG000018,EMP00293,  LIAM CHEN  ,Operations,Bengaluru,San Francisco,2026-05-23,2026-06-03,International,Singapore Airlines,3321.25,INR,CANCELLED
BKG000019,EMP00211,Lucas Silva,Human Resources,LONDON,Bengaluru,2026-04-08,2026-04-10,Domestic,Emirates,367.30,GBP,PENDING
BKG000020,EMP00072,Mia Anderson,Human Resources,San Francisco,dubai,2026-02-25,2026-03-01,Domestic,Delta,2007.52,USD,CANCELLED
BKG000021,EMP00008,Ethan Brown,Engineering,Sydney,LONDON,2026-08-15,2026-08-28,Domestic,Lufthansa,1778.17,INR,CONFIRMED
BKG000022,EMP00002,Lucas Silva,Human Resources,tokyo,new york,2026-04-20,2026-05-04,International,Qantas,1283.82,INR,confirmed
BKG000023,EMP00278,Olivia Davis,Engineering,dubai,San Francisco,2026-03-21,2026-03-25,International,United Airlines,324.58,INR,CONFIRMED
BKG000024,EMP00042,Ethan Brown,Finance,Sydney, singapore ,2026-09-15,2026-09-29,Domestic,Emirates,2874.87,EUR,CONFIRMED
BKG000025,EMP00021,Olivia Davis,Operations,Toronto,San Francisco,2026-07-26,2026-07-28,Domestic,Air India,2802.08,GBP,CANCELLED
BKG000026,EMP00068,Lucas Silva,Marketing,PARIS,San Francisco,2026-05-14,2026-05-18,International,Qantas,1410.00,usd,PENDING
BKG000027,EMP00110,  ETHAN BROWN  ,Operations,Toronto,LONDON,2026-01-05,2026-01-13,International,Lufthansa,3927.70,USD,CONFIRMED
BKG000028,EMP00155,Ethan Brown,Operations,dubai, singapore ,2026-05-06,2026-05-12,Domestic,Delta,3921.56,USD,PENDING
BKG000029,EMP00080,Ethan Brown,Sales,LONDON, singapore ,2026-03-10,2026-03-15,International,Singapore Airlines,3047.86,EUR,CANCELLED
BKG000030,EMP00027,Noah Williams,Engineering,dubai,Toronto,2026-12-18,2026-12-29,International,Delta,299.87,GBP,PENDING
BKG000031,EMP00283,Mia Anderson,Marketing,dubai, singapore ,2026-03-08,2026-03-19,International,United Airlines,576.45,EUR,CANCELLED
BKG000032,EMP00066,Lucas Silva,Engineering,PARIS,Toronto,2026-10-07,2026-10-08,International,British Airways,3787.84,USD,CONFIRMED
BKG000033,EMP00209,Ethan Brown,Operations,San Francisco,LONDON,2026-07-03,2026-07-07,Domestic,Singapore Airlines,3647.59,EUR,pending
BKG000034,EMP00137,Sofia Martinez,Finance, singapore ,tokyo,2026-07-31,2026-08-01,Domestic,Air India,3678.44,INR,PENDING
BKG000035,EMP00115,Sofia Martinez,Engineering,Bengaluru,PARIS,2026-04-24,2026-04-28,Domestic,Air India,1459.31,USD,PENDING
BKG000036,EMP00170,  ETHAN BROWN  ,Engineering,Sydney,tokyo,2026-05-23,2026-05-29,Domestic,Delta,848.56,GBP,CANCELLED
BKG000037,EMP00224,Priya Patel,Operations,Toronto,tokyo,2026-01-20,2026-01-22,Domestic,Air India,3789.98,EUR,PENDING
BKG000038,EMP00344,Ethan Brown,Finance,tokyo,new york,2026-05-11,2026-05-12,International,Air India,405.49,GBP,CANCELLED
BKG000039,EMP00342,Noah Williams,Human Resources,LONDON,PARIS,2026-11-16,2026-11-22,International,Air India,2964.61,eur,CANCELLED
BKG000040,EMP00155,Olivia Davis,Human Resources,tokyo, singapore ,2026-04-09,2026-04-16,Domestic,Delta,1290.61,INR,CANCELLED
BKG000041,EMP00346,Mia Anderson,Finance,PARIS,Sydney,2026-10-24,2026-11-03,International,Lufthansa,2808.11,GBP,PENDING
BKG000042,EMP00345,Sofia Martinez,Sales,Toronto,PARIS,2026-09-21,2026-10-02,Domestic,Singapore Airlines,721.20,USD,CONFIRMED
BKG000043,EMP00323,Lucas Silva,Operations,Toronto,LONDON,2026-05-06,2026-05-14,Domestic,Air India,2137.06,EUR,PENDING
BKG000044,EMP00091,Sofia Martinez,Marketing,new york, singapore ,2026-03-17,2026-03-28,International,United Airlines,2394.22,USD,pending
BKG000045,EMP00163,  OLIVIA DAVIS  ,Human Resources,Bengaluru,Toronto,2026-08-22,2026-08-25,International,Qantas,3780.61,INR,CANCELLED
BKG000046,EMP00321,Mia Anderson,Finance,San Francisco,PARIS,2026-08-19,2026-08-24,International,Qantas,436.13,GBP,CANCELLED
BKG000047,EMP00071,Emma Johnson,Finance,PARIS,tokyo,2026-05-01,2026-05-06,Domestic,Air India,2951.32,EUR,CANCELLED
BKG000048,EMP00213,Mia Anderson,Engineering,tokyo,PARIS,2026-02-02,2026-02-09,Domestic,Air India,1709.07,USD,CANCELLED
BKG000049,EMP00200,Noah Williams,Human Resources,Bengaluru,new york,2026-10-22,2026-10-29,Domestic,Qantas,1015.24,INR,PENDING
BKG000050,EMP00085,Lucas Silva,Human Resources,tokyo,PARIS,2026-09-06,2026-09-07,Domestic,United Airlines,3820.27,USD,CANCELLED
BKG000051,EMP00026,Liam Chen,Sales,tokyo, singapore ,2026-02-12,2026-02-23,International,British Airways,983.57,GBP,PENDING
BKG000052,EMP00042,Noah Williams,Human Resources,tokyo,dubai,2026-06-22,2026-07-05,Domestic,United Airlines,4199.62,gbp,PENDING
BKG000053,EMP00103,Sofia Martinez,Engineering,LONDON,new york,2026-04-25,2026-05-06,Domestic,Singapore Airlines,634.98,USD,CONFIRMED
BKG000054,EMP00311,  LIAM CHEN  ,Operations,Bengaluru,dubai,2026-10-16,2026-10-20,Domestic,Lufthansa,4056.06,USD,PENDING
BKG000055,EMP00039,Sofia Martinez,Operations,dubai,Bengaluru,2026-10-24,2026-10-25,Domestic,Emirates,2964.55,GBP,pending
BKG000056,EMP00220,Ethan Brown,Marketing,LONDON,new york,2026-12-17,2026-12-27,International,Emirates,2184.32,GBP,PENDING
BKG000057,EMP00186,Lucas Silva,Marketing,tokyo,Sydney,2026-01-07,2026-01-21,International,Lufthansa,1896.79,GBP,CONFIRMED
BKG000058,EMP00304,Lucas Silva,Sales,Sydney,Bengaluru,2026-11-12,2026-11-25,International,Singapore Airlines,3509.38,USD,PENDING
BKG000059,EMP00343,Olivia Davis,Human Resources,San Francisco,Sydney,2026-05-23,2026-05-31,International,United Airlines,2136.77,GBP,CANCELLED
BKG000060,EMP00144,Priya Patel,Operations,San Francisco,tokyo,2026-04-04,2026-04-12,International,United Airlines,2227.84,EUR,PENDING
BKG000061,EMP00244,Sofia Martinez,Marketing,tokyo,Sydney,2026-02-13,2026-02-17,International,Qantas,3355.17,USD,CANCELLED
BKG000062,EMP00189,Olivia Davis,Human Resources,tokyo,San Francisco,2026-05-31,2026-06-04,International,Air India,4186.26,GBP,PENDING
BKG000063,EMP00119,  NOAH WILLIAMS  ,Engineering,Bengaluru,dubai,2026-06-30,2026-07-12,Domestic,British Airways,607.78,EUR,PENDING
BKG000064,EMP00269,Olivia Davis,Operations,Bengaluru,dubai,2026-04-09,2026-04-13,International,Emirates,3517.12,GBP,CANCELLED
BKG000065,EMP00065,Ethan Brown,Sales, singapore ,PARIS,2026-04-27,2026-05-03,Domestic,United Airlines,2377.70,eur,CONFIRMED
BKG000066,EMP00146,Olivia Davis,Human Resources,Bengaluru,LONDON,2026-11-23,2026-12-07,International,Qantas,1510.08,USD,confirmed
BKG000067,EMP00252,Lucas Silva,Engineering,Bengaluru,LONDON,2026-05-10,2026-05-24,Domestic,Lufthansa,728.73,GBP,CONFIRMED
BKG000068,EMP00306,Olivia Davis,Operations,LONDON,Toronto,2026-02-13,2026-02-17,Domestic,Air India,1958.10,INR,PENDING
BKG000069,EMP00318,Olivia Davis,Engineering,Toronto,tokyo,2026-06-02,2026-06-16,Domestic,Singapore Airlines,2672.10,GBP,PENDING
BKG000070,EMP00039,Ethan Brown,Finance, singapore ,dubai,2026-12-05,2026-12-07,Domestic,Air India,1958.06,INR,CONFIRMED
BKG000071,EMP00233,Noah Williams,Engineering,San Francisco,PARIS,2026-05-30,2026-05-31,Domestic,Delta,3334.34,EUR,CANCELLED
BKG000072,EMP00137,  LIAM CHEN  ,Finance,Sydney,San Francisco,2026-08-06,2026-08-08,Domestic,United Airlines,796.96,GBP,CANCELLED
BKG000073,EMP00240,Emma Johnson,Marketing,Toronto,dubai,2026-11-01,2026-11-13,International,Air India,3966.12,INR,PENDING
BKG000074,EMP00310,Priya Patel,Sales,Toronto,new york,2026-08-13,2026-08-15,Domestic,Emirates,1054.01,USD,PENDING
BKG000075,EMP00266,Mia Anderson,Marketing,dubai,new york,2026-12-11,2026-12-25,International,Delta,860.48,INR,CONFIRMED
BKG000076,EMP00210,Priya Patel,Sales,Bengaluru,LONDON,2026-11-22,2026-12-06,International,Emirates,3619.55,GBP,PENDING
BKG000077,EMP00282,Lucas Silva,Engineering,Bengaluru,dubai,2026-07-30,2026-08-11,International,Emirates,1403.23,GBP,cancelled
BKG000078,EMP00237,Ethan Brown,Human Resources,tokyo,Toronto,2026-03-01,2026-03-14,Domestic,Singapore Airlines,2235.23,inr,CONFIRMED
BKG000079,EMP00068,Ethan Brown,Sales,new york,dubai,2026-11-17,2026-11-25,International,Qantas,615.42,EUR,PENDING
BKG000080,EMP00209,Ethan Brown,Engineering,dubai,Toronto,2026-12-30,2027-01-02,Domestic,Emirates,2002.71,USD,CONFIRMED
BKG000081,EMP00261,  NOAH WILLIAMS  ,Marketing, singapore ,Sydney,2026-11-28,2026-12-12,International,Air India,3525.67,INR,CANCELLED
BKG000082,EMP00307,Sofia Martinez,Operations,Sydney, singapore ,2026-05-05,2026-05-13,Domestic,Emirates,1247.09,INR,PENDING
BKG000083,EMP00153,Noah Williams,Operations,Sydney,dubai,2026-06-24,2026-07-07,International,Lufthansa,1941.91,INR,CONFIRMED
BKG000084,EMP00165,Mia Anderson,Finance,Sydney,Toronto,2026-06-26,2026-07-02,Domestic,Air India,1072.93,INR,PENDING
BKG000085,EMP00254,Liam Chen,Engineering,Bengaluru,tokyo,2026-01-23,2026-01-29,Domestic,British Airways,3668.38,INR,PENDING
BKG000086,EMP00210,Liam Chen,Marketing,Bengaluru,new york,2026-02-21,2026-03-02,Domestic,Emirates,2035.52,GBP,CANCELLED
BKG000087,EMP00195,Ethan Brown,Sales,tokyo,LONDON,2026-06-23,2026-07-03,International,United Airlines,2639.23,EUR,PENDING
BKG000088,EMP00223,Emma Johnson,Engineering,dubai,San Francisco,2026-11-20,2026-12-01,Domestic,Qantas,798.77,GBP,cancelled
BKG000089,EMP00192,Priya Patel,Human Resources,PARIS,new york,2026-01-15,2026-01-16,Domestic,Singapore Airlines,2287.16,EUR,PENDING
BKG000090,EMP00255,  SOFIA MARTINEZ  ,Operations,LONDON,Bengaluru,2026-03-29,2026-04-01,Domestic,Singapore Airlines,2001.49,GBP,CANCELLED
BKG000091,EMP00081,Ethan Brown,Engineering,new york,Sydney,2026-08-24,2026-08-29,International,British Airways,4149.62,gbp,PENDING
BKG000092,EMP00197,Sofia Martinez,Human Resources,dubai,Sydney,2026-11-24,2026-12-01,Domestic,Singapore Airlines,1675.97,GBP,PENDING
BKG000093,EMP00141,Lucas Silva,Engineering,dubai,new york,2026-10-22,2026-10-27,Domestic,Qantas,3517.98,GBP,CANCELLED
BKG000094,EMP00318,Sofia Martinez,Sales,PARIS,San Francisco,2026-04-28,2026-05-08,Domestic,Emirates,3805.89,USD,CANCELLED
BKG000095,EMP00068,Priya Patel,Engineering,Bengaluru,new york,2026-06-08,2026-06-21,International,British Airways,3169.72,EUR,CANCELLED
BKG000096,EMP00140,Ethan Brown,Finance,Sydney,PARIS,2026-04-13,2026-04-16,International,Qantas,4066.93,GBP,CANCELLED
BKG000097,EMP00116,Liam Chen,Marketing,LONDON,Sydney,2026-06-23,2026-07-06,International,British Airways,488.44,INR,CONFIRMED
BKG000098,EMP00345,Priya Patel,Marketing,Sydney,LONDON,2026-01-08,2026-01-13,International,Air India,3475.46,GBP,PENDING
BKG000099,EMP00288,  OLIVIA DAVIS  ,Sales,San Francisco,Sydney,2026-02-25,2026-03-08,Domestic,Emirates,2712.45,INR,confirmed
BKG000100,EMP00020,Aarav Sharma,Sales,tokyo,LONDON,2026-12-25,2026-12-30,International,Emirates,516.54,EUR,CONFIRMED
BKG000101,EMP00080,Olivia Davis,Human Resources,PARIS,Toronto,2026-07-18,2026-07-26,Domestic,Qantas,2631.86,GBP,PENDING
BKG000102,EMP00121,Mia Anderson,Sales,PARIS,San Francisco,2026-01-17,2026-01-29,Domestic,British Airways,2341.42,GBP,PENDING
BKG000103,EMP00047,Mia Anderson,Marketing,dubai,San Francisco,2026-02-01,2026-02-08,Domestic,United Airlines,326.36,GBP,CONFIRMED
BKG000104,EMP00107,Ethan Brown,Operations,Toronto,San Francisco,2026-05-05,2026-05-08,Domestic,Singapore Airlines,1460.52,eur,CONFIRMED
BKG000105,EMP00129,Ethan Brown,Finance,dubai, singapore ,2026-11-02,2026-11-03,Domestic,United Airlines,657.76,GBP,CONFIRMED
BKG000106,EMP00027,Noah Williams,Finance,PARIS,new york,2026-05-02,2026-05-12,International,Emirates,3162.31,INR,CONFIRMED
BKG000107,EMP00232,Emma Johnson,Operations,PARIS,Toronto,2026-08-18,2026-08-31,Domestic,United Airlines,3087.15,GBP,CANCELLED
BKG000108,EMP00219,  LUCAS SILVA  ,Marketing,new york,LONDON,2026-08-23,2026-09-03,Domestic,Qantas,3026.60,INR,PENDING
BKG000109,EMP00141,Liam Chen,Operations,PARIS, singapore ,2026-02-07,2026-02-09,International,Air India,4178.08,GBP,CONFIRMED
BKG000110,EMP00336,Emma Johnson,Marketing,Toronto,tokyo,2026-08-21,2026-08-30,Domestic,Air India,1962.34,EUR,confirmed
BKG000111,EMP00161,Emma Johnson,Human Resources,Bengaluru,tokyo,2026-07-31,2026-08-06,International,Delta,1647.15,EUR,PENDING
BKG000112,EMP00222,Emma Johnson,Engineering,LONDON, singapore ,2026-12-18,2026-12-26,International,Lufthansa,2389.99,GBP,CONFIRMED
BKG000113,EMP00027,Lucas Silva,Sales,tokyo,PARIS,2026-12-10,2026-12-12,International,British Airways,542.69,EUR,CANCELLED
BKG000114,EMP00285,Priya Patel,Sales,Bengaluru,San Francisco,2026-03-21,2026-04-01,Domestic,Delta,2462.33,INR,CONFIRMED
BKG000115,EMP00337,Olivia Davis,Marketing,Toronto,Sydney,2026-10-15,2026-10-28,International,United Airlines,856.10,GBP,CONFIRMED
BKG000116,EMP00337,Olivia Davis,Human Resources,new york,San Francisco,2026-06-23,2026-06-29,Domestic,Lufthansa,3143.15,USD,CONFIRMED
BKG000117,EMP00233,  LUCAS SILVA  ,Sales,Sydney,San Francisco,2026-02-16,2026-02-28,Domestic,British Airways,1391.48,gbp,PENDING
BKG000118,EMP00317,Liam Chen,Engineering,LONDON,new york,2026-10-18,2026-10-28,Domestic,Delta,1927.90,INR,CONFIRMED
BKG000119,EMP00263,Sofia Martinez,Engineering,Bengaluru,tokyo,2026-09-06,2026-09-16,International,Air India,572.43,INR,PENDING
BKG000120,EMP00307,Lucas Silva,Engineering,dubai,new york,2026-09-27,2026-10-08,Domestic,Singapore Airlines,1349.79,EUR,CONFIRMED
BKG000121,EMP00004,Emma Johnson,Human Resources,dubai,PARIS,2026-03-12,2026-03-25,International,Lufthansa,647.08,EUR,pending
BKG000122,EMP00224,Aarav Sharma,Engineering,PARIS,LONDON,2026-09-14,2026-09-23,International,Emirates,3637.41,INR,PENDING
BKG000123,EMP00011,Lucas Silva,Sales,tokyo,dubai,2026-10-21,2026-10-28,Domestic,Qantas,3514.67,GBP,CONFIRMED
BKG000124,EMP00206,Olivia Davis,Operations,LONDON,dubai,2026-02-15,2026-02-22,Domestic,Air India,3671.74,GBP,PENDING
BKG000125,EMP00272,Emma Johnson,Operations, singapore ,LONDON,2026-04-24,2026-04-30,Domestic,British Airways,1552.49,EUR,CANCELLED
BKG000126,EMP00309,  LIAM CHEN  ,Finance, singapore ,PARIS,2026-05-01,2026-05-03,Domestic,Lufthansa,4001.27,INR,CONFIRMED
BKG000127,EMP00330,Olivia Davis,Marketing,Toronto,Bengaluru,2026-08-26,2026-09-08,International,British Airways,735.91,USD,CANCELLED
BKG000128,EMP00181,Aarav Sharma,Operations,dubai,PARIS,2026-08-29,2026-09-06,Domestic,Delta,2003.91,USD,CANCELLED
BKG000129,EMP00315,Emma Johnson,Operations,dubai,LONDON,2026-01-30,2026-02-05,International,Qantas,2487.74,USD,CANCELLED
BKG000130,EMP00244,Olivia Davis,Operations,Toronto,San Francisco,2026-08-19,2026-09-01,Domestic,United Airlines,1958.13,gbp,PENDING
BKG000131,EMP00225,Mia Anderson,Operations, singapore ,new york,2026-02-13,2026-02-22,Domestic,British Airways,1641.24,GBP,CONFIRMED
BKG000132,EMP00034,Priya Patel,Sales,PARIS,new york,2026-07-18,2026-07-25,Domestic,Air India,1279.32,EUR,cancelled
BKG000133,EMP00336,Noah Williams,Marketing,Toronto, singapore ,2026-06-20,2026-06-22,International,Lufthansa,2547.77,USD,PENDING
BKG000134,EMP00048,Ethan Brown,Marketing,tokyo,PARIS,2026-06-08,2026-06-17,International,British Airways,194.38,GBP,CONFIRMED
BKG000135,EMP00071,  SOFIA MARTINEZ  ,Finance,PARIS,Sydney,2026-04-03,2026-04-07,Domestic,Delta,3565.27,USD,CONFIRMED
BKG000136,EMP00317,Priya Patel,Finance,Sydney,Toronto,2026-09-17,2026-09-30,International,Lufthansa,781.97,EUR,CONFIRMED
BKG000137,EMP00228,Sofia Martinez,Operations,tokyo,PARIS,2026-08-13,2026-08-14,International,Qantas,1074.73,EUR,CANCELLED
BKG000138,EMP00226,Olivia Davis,Human Resources,Bengaluru,San Francisco,2026-06-08,2026-06-21,International,Air India,2171.86,INR,PENDING
BKG000139,EMP00329,Aarav Sharma,Human Resources,San Francisco, singapore ,2026-03-24,2026-04-07,International,Emirates,3022.52,USD,PENDING
BKG000140,EMP00076,Ethan Brown,Human Resources, singapore ,PARIS,2026-05-26,2026-05-28,Domestic,Singapore Airlines,3452.15,GBP,PENDING
BKG000141,EMP00121,Priya Patel,Human Resources,new york,Bengaluru,2026-01-14,2026-01-21,Domestic,British Airways,1036.12,GBP,CANCELLED
BKG000142,EMP00147,Aarav Sharma,Human Resources,PARIS, singapore ,2026-02-20,2026-03-06,Domestic,Qantas,1950.29,USD,CONFIRMED
BKG000143,EMP00312,Ethan Brown,Operations,dubai,San Francisco,2026-02-10,2026-02-11,International,Emirates,3286.78,eur,confirmed
BKG000144,EMP00235,  OLIVIA DAVIS  ,Engineering,new york,dubai,2026-06-04,2026-06-06,Domestic,Qantas,2554.70,USD,PENDING
BKG000145,EMP00150,Liam Chen,Human Resources,Toronto,San Francisco,2026-11-20,2026-11-29,Domestic,British Airways,1101.50,INR,CANCELLED
BKG000146,EMP00270,Emma Johnson,Operations,LONDON,Toronto,2026-04-06,2026-04-17,Domestic,Air India,3683.19,USD,PENDING
BKG000147,EMP00183,Aarav Sharma,Engineering,PARIS,dubai,2026-11-22,2026-11-29,International,Singapore Airlines,3110.40,USD,CANCELLED
BKG000148,EMP00280,Priya Patel,Sales,PARIS, singapore ,2026-10-25,2026-11-06,Domestic,Qantas,4121.74,INR,CONFIRMED
BKG000149,EMP00019,Mia Anderson,Sales, singapore ,LONDON,2026-11-20,2026-11-23,Domestic,United Airlines,3347.73,USD,CANCELLED
BKG000150,EMP00130,Mia Anderson,Engineering,Sydney,tokyo,2026-06-11,2026-06-16,Domestic,Delta,1576.45,USD,CANCELLED
BKG000151,EMP00205,Lucas Silva,Marketing,dubai,LONDON,2026-12-02,2026-12-08,International,Air India,1503.27,EUR,PENDING
BKG000152,EMP00043,Noah Williams,Marketing,Bengaluru,PARIS,2026-09-12,2026-09-24,International,Emirates,1876.88,EUR,CANCELLED
BKG000153,EMP00339,  PRIYA PATEL  ,Sales,PARIS,LONDON,2026-10-07,2026-10-12,International,Qantas,2578.70,INR,CONFIRMED
BKG000154,EMP00181,Aarav Sharma,Operations,Bengaluru,PARIS,2026-03-27,2026-04-08,International,Delta,2729.03,USD,pending
BKG000155,EMP00016,Liam Chen,Finance,tokyo,PARIS,2026-02-08,2026-02-19,International,United Airlines,635.02,EUR,CANCELLED
BKG000156,EMP00310,Aarav Sharma,Finance,PARIS,Bengaluru,2026-11-27,2026-12-03,International,British Airways,1637.81,usd,CANCELLED
BKG000157,EMP00333,Priya Patel,Sales,Sydney,PARIS,2026-10-21,2026-10-24,Domestic,Emirates,225.73,EUR,PENDING
BKG000158,EMP00134,Noah Williams,Marketing,tokyo,Toronto,2026-09-13,2026-09-22,International,Singapore Airlines,4185.17,GBP,CONFIRMED
BKG000159,EMP00232,Emma Johnson,Finance,San Francisco,LONDON,2026-12-22,2026-12-30,International,Emirates,3426.89,GBP,CONFIRMED
BKG000160,EMP00154,Noah Williams,Finance,LONDON,Toronto,2026-12-08,2026-12-14,Domestic,British Airways,2195.72,USD,CANCELLED
BKG000161,EMP00185,Aarav Sharma,Operations, singapore ,dubai,2026-04-13,2026-04-26,International,Qantas,3398.94,EUR,PENDING
BKG000162,EMP00270,  MIA ANDERSON  ,Human Resources,LONDON,PARIS,2026-11-10,2026-11-12,International,Emirates,631.33,GBP,PENDING
BKG000163,EMP00177,Ethan Brown,Finance,Bengaluru,Sydney,2026-11-25,2026-11-27,Domestic,Lufthansa,1885.08,USD,CANCELLED
BKG000164,EMP00166,Liam Chen,Marketing, singapore ,PARIS,2026-03-05,2026-03-14,Domestic,British Airways,3985.73,GBP,CONFIRMED
BKG000165,EMP00321,Liam Chen,Sales,San Francisco,Toronto,2026-02-10,2026-02-15,Domestic,Lufthansa,2534.58,EUR,pending
BKG000166,EMP00015,Aarav Sharma,Engineering,Toronto,PARIS,2026-03-29,2026-04-09,Domestic,Delta,2776.61,INR,CANCELLED
BKG000167,EMP00149,Ethan Brown,Marketing,new york,Sydney,2026-11-13,2026-11-24,International,Qantas,1119.10,INR,CANCELLED
BKG000168,EMP00213,Mia Anderson,Human Resources,LONDON,new york,2026-06-02,2026-06-10,International,Singapore Airlines,1507.99,EUR,CONFIRMED
BKG000169,EMP00190,Liam Chen,Operations,PARIS,tokyo,2026-06-10,2026-06-24,Domestic,British Airways,1106.29,usd,PENDING
BKG000170,EMP00149,Aarav Sharma,Human Resources,San Francisco, singapore ,2026-05-17,2026-05-25,International,Singapore Airlines,4047.76,EUR,CONFIRMED
BKG000171,EMP00264,  MIA ANDERSON  ,Human Resources,PARIS,San Francisco,2026-06-17,2026-06-27,International,Delta,2149.27,USD,CONFIRMED
BKG000172,EMP00181,Olivia Davis,Engineering,Bengaluru,San Francisco,2026-07-21,2026-07-30,Domestic,Delta,2139.17,INR,CONFIRMED
BKG000173,EMP00136,Liam Chen,Marketing,new york, singapore ,2026-05-27,2026-06-05,International,Air India,1613.02,INR,PENDING
BKG000174,EMP00148,Ethan Brown,Engineering,Sydney,San Francisco,2026-01-27,2026-02-06,International,Qantas,3238.77,GBP,PENDING
BKG000175,EMP00202,Emma Johnson,Sales,Toronto,LONDON,2026-11-16,2026-11-27,International,British Airways,3200.26,EUR,CONFIRMED
BKG000176,EMP00020,Aarav Sharma,Finance,tokyo,Toronto,2026-11-05,2026-11-14,International,Qantas,2238.88,EUR,confirmed
BKG000177,EMP00084,Priya Patel,Human Resources, singapore ,tokyo,2026-11-07,2026-11-16,International,British Airways,2189.85,INR,CANCELLED
BKG000178,EMP00170,Priya Patel,Marketing,dubai,Sydney,2026-12-29,2027-01-08,Domestic,Air India,2501.50,USD,CONFIRMED
BKG000179,EMP00299,Aarav Sharma,Human Resources,dubai,San Francisco,2026-11-02,2026-11-10,Domestic,Air India,722.92,EUR,CANCELLED
BKG000180,EMP00161,  MIA ANDERSON  ,Human Resources,LONDON,dubai,2026-01-17,2026-01-27,Domestic,Air India,2937.24,INR,CONFIRMED
BKG000181,EMP00071,Aarav Sharma,Operations,Toronto,Bengaluru,2026-09-14,2026-09-27,Domestic,British Airways,4192.34,INR,CANCELLED
BKG000182,EMP00176,Ethan Brown,Operations,PARIS, singapore ,2026-09-27,2026-10-04,International,Delta,2609.11,eur,PENDING
BKG000183,EMP00148,Noah Williams,Marketing,Sydney,dubai,2026-05-07,2026-05-12,Domestic,Qantas,1413.53,GBP,CONFIRMED
BKG000184,EMP00347,Olivia Davis,Operations,dubai,PARIS,2026-10-14,2026-10-27,International,Air India,3458.98,EUR,CONFIRMED
BKG000185,EMP00336,Mia Anderson,Sales,dubai,LONDON,2026-05-29,2026-05-30,International,Singapore Airlines,944.44,GBP,PENDING
BKG000186,EMP00301,Olivia Davis,Finance,dubai, singapore ,2026-10-15,2026-10-27,Domestic,United Airlines,2852.92,EUR,CONFIRMED
BKG000187,EMP00242,Priya Patel,Engineering,new york, singapore ,2026-11-23,2026-11-27,Domestic,United Airlines,4055.24,EUR,pending
BKG000188,EMP00148,Sofia Martinez,Sales,Bengaluru,Sydney,2026-07-28,2026-08-08,International,United Airlines,3824.38,USD,CANCELLED
BKG000189,EMP00090,  AARAV SHARMA  ,Human Resources,San Francisco,Toronto,2026-11-30,2026-12-10,Domestic,United Airlines,4188.46,INR,CANCELLED
BKG000190,EMP00291,Noah Williams,Operations,dubai,new york,2026-09-11,2026-09-14,Domestic,British Airways,1281.01,INR,CONFIRMED
BKG000191,EMP00058,Sofia Martinez,Sales,Sydney,Bengaluru,2026-03-10,2026-03-24,Domestic,Qantas,2765.00,EUR,PENDING
BKG000192,EMP00090,Sofia Martinez,Operations,PARIS,dubai,2026-01-08,2026-01-20,International,Air India,2222.35,USD,CANCELLED
BKG000193,EMP00166,Mia Anderson,Finance,LONDON,San Francisco,2026-07-25,2026-08-05,Domestic,Delta,1684.98,INR,CONFIRMED
BKG000194,EMP00121,Priya Patel,Engineering,dubai,new york,2026-05-17,2026-05-23,Domestic,Qantas,1371.77,INR,PENDING
BKG000195,EMP00189,Noah Williams,Operations,dubai,LONDON,2026-12-18,2026-12-27,Domestic,Singapore Airlines,4026.03,inr,CANCELLED
BKG000196,EMP00242,Ethan Brown,Operations,Toronto,PARIS,2026-03-20,2026-03-28,Domestic,Singapore Airlines,2895.80,USD,PENDING
BKG000197,EMP00058,Olivia Davis,Engineering,Sydney,PARIS,2026-09-27,2026-10-05,Domestic,Lufthansa,791.31,INR,CONFIRMED
BKG000198,EMP00229,  ETHAN BROWN  ,Engineering,San Francisco,Sydney,2026-03-01,2026-03-12,International,Lufthansa,2214.05,INR,confirmed
BKG000199,EMP00012,Noah Williams,Human Resources,Sydney,Bengaluru,2026-10-16,2026-10-17,International,United Airlines,3162.88,USD,CANCELLED
BKG000200,EMP00036,Aarav Sharma,Human Resources,PARIS,LONDON,2026-01-24,2026-01-31,Domestic,Delta,1788.18,EUR,CANCELLED
BKG000201,EMP00194,Mia Anderson,Human Resources,tokyo,PARIS,2026-11-25,2026-12-07,Domestic,Lufthansa,2786.42,GBP,PENDING
BKG000202,EMP00115,Liam Chen,Engineering,Sydney,tokyo,2026-03-02,2026-03-05,Domestic,Delta,2009.06,INR,CANCELLED
BKG000203,EMP00080,Priya Patel,Sales,San Francisco,dubai,2026-09-30,2026-10-07,Domestic,Emirates,251.45,INR,PENDING
BKG000204,EMP00052,Emma Johnson,Operations,new york,dubai,2026-11-11,2026-11-24,Domestic,Qantas,2558.96,USD,CONFIRMED
BKG000205,EMP00277,Sofia Martinez,Finance,new york,Bengaluru,2026-05-06,2026-05-18,Domestic,Lufthansa,2175.90,GBP,PENDING
BKG000206,EMP00345,Olivia Davis,Sales,Toronto,PARIS,2026-04-30,2026-05-14,Domestic,Delta,3695.13,EUR,CANCELLED
BKG000207,EMP00090,  OLIVIA DAVIS  ,Marketing,dubai,new york,2026-07-31,2026-08-05,International,Qantas,311.29,GBP,CANCELLED
BKG000208,EMP00210,Lucas Silva,Finance,tokyo,Toronto,2026-11-26,2026-12-07,International,Air India,870.23,inr,PENDING
BKG000209,EMP00238,Liam Chen,Engineering,San Francisco,PARIS,2026-05-04,2026-05-18,International,Air India,2393.73,EUR,cancelled
BKG000210,EMP00231,Emma Johnson,Sales,dubai,San Francisco,2026-07-18,2026-07-22,Domestic,Singapore Airlines,330.27,INR,PENDING
BKG000211,EMP00301,Sofia Martinez,Marketing,Toronto,new york,2026-12-11,2026-12-21,Domestic,Qantas,972.27,GBP,CONFIRMED
BKG000212,EMP00246,Emma Johnson,Finance,San Francisco,dubai,2026-06-05,2026-06-06,Domestic,Air India,3853.72,GBP,CANCELLED
BKG000213,EMP00158,Priya Patel,Sales,Bengaluru,Toronto,2026-05-25,2026-06-01,International,Qantas,2021.30,INR,CANCELLED
BKG000214,EMP00289,Aarav Sharma,Finance,PARIS,tokyo,2026-06-13,2026-06-17,Domestic,United Airlines,1183.96,INR,PENDING
BKG000215,EMP00292,Lucas Silva,Finance,San Francisco,tokyo,2026-06-01,2026-06-04,International,British Airways,1169.89,INR,CONFIRMED
BKG000216,EMP00087,  PRIYA PATEL  ,Finance,Bengaluru,Sydney,2026-11-25,2026-12-07,International,Lufthansa,3860.95,USD,CONFIRMED
BKG000217,EMP00071,Lucas Silva,Marketing,LONDON,new york,2026-09-26,2026-09-27,Domestic,Emirates,3005.25,USD,CONFIRMED
BKG000218,EMP00327,Olivia Davis,Marketing,Bengaluru,PARIS,2026-04-22,2026-05-01,International,Qantas,184.19,INR,CONFIRMED
BKG000219,EMP00009,Noah Williams,Operations,Sydney,dubai,2026-01-07,2026-01-08,International,Lufthansa,556.63,USD,CANCELLED
BKG000220,EMP00130,Ethan Brown,Sales,San Francisco,dubai,2026-09-26,2026-09-29,International,Air India,442.40,INR,cancelled
BKG000221,EMP00335,Emma Johnson,Marketing,San Francisco,dubai,2026-08-24,2026-09-03,Domestic,Emirates,1773.54,inr,PENDING
BKG000222,EMP00043,Liam Chen,Human Resources,new york,LONDON,2026-10-10,2026-10-18,International,British Airways,2428.70,USD,CANCELLED
BKG000223,EMP00244,Olivia Davis,Sales,San Francisco,dubai,2026-09-28,2026-09-29,Domestic,Emirates,2912.47,GBP,CANCELLED
BKG000224,EMP00107,Aarav Sharma,Operations,new york,San Francisco,2026-10-06,2026-10-16,Domestic,Air India,3909.81,GBP,PENDING
BKG000225,EMP00170,  ETHAN BROWN  ,Human Resources,San Francisco,Bengaluru,2026-03-25,2026-04-04,Domestic,Emirates,2163.23,GBP,CANCELLED
BKG000226,EMP00310,Priya Patel,Operations,tokyo,San Francisco,2026-01-28,2026-01-30,International,British Airways,240.87,GBP,CONFIRMED
BKG000227,EMP00222,Lucas Silva,Finance,San Francisco,tokyo,2026-08-19,2026-08-27,International,Emirates,3270.44,GBP,CANCELLED
BKG000228,EMP00195,Liam Chen,Marketing,LONDON, singapore ,2026-05-07,2026-05-19,Domestic,Air India,1412.05,USD,PENDING
BKG000229,EMP00053,Noah Williams,Finance,dubai,Sydney,2026-02-16,2026-02-17,Domestic,Lufthansa,1878.40,INR,PENDING
BKG000230,EMP00306,Emma Johnson,Operations,LONDON,tokyo,2026-02-22,2026-02-23,International,Air India,170.35,INR,CANCELLED
BKG000231,EMP00267,Olivia Davis,Finance,LONDON,Toronto,2026-07-18,2026-07-31,International,Lufthansa,686.47,GBP,confirmed
BKG000232,EMP00142,Lucas Silva,Human Resources, singapore ,LONDON,2026-05-18,2026-05-26,International,Qantas,3313.28,GBP,CONFIRMED
BKG000233,EMP00070,Emma Johnson,Sales,Bengaluru,San Francisco,2026-05-09,2026-05-13,Domestic,Air India,1475.45,INR,PENDING
BKG000234,EMP00070,  OLIVIA DAVIS  ,Sales,PARIS,Bengaluru,2026-06-18,2026-06-26,International,Singapore Airlines,2074.36,eur,CANCELLED
BKG000235,EMP00167,Sofia Martinez,Human Resources,dubai,Sydney,2026-07-23,2026-07-29,International,Air India,1609.26,EUR,CANCELLED
BKG000236,EMP00108,Mia Anderson,Human Resources, singapore ,Toronto,2026-10-31,2026-11-09,International,Emirates,3461.38,INR,CONFIRMED
BKG000237,EMP00338,Noah Williams,Finance, singapore ,PARIS,2026-12-11,2026-12-19,International,Air India,421.78,INR,CONFIRMED
BKG000238,EMP00279,Lucas Silva,Engineering,Sydney,Toronto,2026-10-26,2026-11-02,International,Emirates,566.23,EUR,CANCELLED
BKG000239,EMP00023,Olivia Davis,Operations,PARIS, singapore ,2026-12-03,2026-12-14,International,British Airways,4060.12,INR,CANCELLED
BKG000240,EMP00266,Ethan Brown,Operations,LONDON,PARIS,2026-02-24,2026-02-25,Domestic,Qantas,1646.41,INR,CONFIRMED
BKG000241,EMP00248,Aarav Sharma,Engineering,Sydney, singapore ,2026-12-14,2026-12-24,International,Air India,3875.83,USD,PENDING
BKG000242,EMP00234,Priya Patel,Finance, singapore ,tokyo,2026-03-01,2026-03-15,International,British Airways,2062.74,INR,pending
BKG000243,EMP00059,  AARAV SHARMA  ,Engineering,PARIS,LONDON,2026-12-23,2026-12-31,International,Emirates,2882.73,EUR,PENDING
BKG000244,EMP00287,Priya Patel,Human Resources, singapore ,Toronto,2026-05-05,2026-05-14,International,Singapore Airlines,3374.84,EUR,CONFIRMED
BKG000245,EMP00102,Olivia Davis,Human Resources,tokyo,Bengaluru,2026-04-06,2026-04-17,International,Air India,138.16,EUR,CONFIRMED
BKG000246,EMP00188,Liam Chen,Sales,LONDON, singapore ,2026-04-16,2026-04-21,Domestic,Qantas,584.94,INR,CANCELLED
BKG000247,EMP00301,Lucas Silva,Engineering,PARIS,Bengaluru,2026-09-28,2026-10-09,International,British Airways,3569.71,eur,CANCELLED
BKG000248,EMP00161,Liam Chen,Engineering,dubai,LONDON,2026-12-11,2026-12-23,Domestic,Delta,597.15,GBP,CANCELLED
BKG000249,EMP00071,Olivia Davis,Operations,Sydney,tokyo,2026-12-22,2026-12-25,International,Air India,877.88,EUR,PENDING
BKG000250,EMP00162,Liam Chen,Human Resources,Bengaluru,dubai,2026-10-12,2026-10-15,Domestic,British Airways,4003.52,INR,CONFIRMED
BKG000251,EMP00210,Mia Anderson,Marketing,tokyo,Toronto,2026-03-11,2026-03-15,International,Air India,3017.38,INR,CANCELLED
BKG000252,EMP00017,  NOAH WILLIAMS  ,Sales,LONDON,new york,2026-09-08,2026-09-11,Domestic,Delta,806.29,INR,CONFIRMED
BKG000253,EMP00294,Emma Johnson,Engineering,Bengaluru,Toronto,2026-10-17,2026-10-29,International,British Airways,2331.54,USD,cancelled
BKG000254,EMP00153,Sofia Martinez,Engineering,San Francisco,Bengaluru,2026-08-14,2026-08-23,International,Delta,1542.19,USD,CONFIRMED
BKG000255,EMP00180,Olivia Davis,Marketing,LONDON,dubai,2026-08-13,2026-08-27,International,Lufthansa,2633.90,EUR,CONFIRMED
BKG000256,EMP00306,Noah Williams,Operations,new york,tokyo,2026-04-16,2026-04-29,Domestic,British Airways,4114.32,GBP,CANCELLED
BKG000257,EMP00070,Emma Johnson,Human Resources,dubai,Toronto,2026-05-29,2026-06-08,Domestic,Delta,3657.55,EUR,CANCELLED
BKG000258,EMP00127,Priya Patel,Marketing, singapore ,dubai,2026-12-26,2027-01-09,International,Qantas,700.06,GBP,CONFIRMED
BKG000259,EMP00207,Emma Johnson,Operations,tokyo,Sydney,2026-11-18,2026-11-25,International,British Airways,1975.16,INR,CONFIRMED
BKG000260,EMP00326,Mia Anderson,Marketing,new york, singapore ,2026-06-17,2026-06-27,International,Emirates,3366.37,inr,CANCELLED
BKG000261,EMP00146,  PRIYA PATEL  ,Sales,San Francisco,Sydney,2026-04-22,2026-04-29,Domestic,Qantas,3336.28,USD,PENDING
BKG000262,EMP00226,Liam Chen,Human Resources,Bengaluru,new york,2026-01-24,2026-01-26,Domestic,Air India,945.46,EUR,CONFIRMED
BKG000263,EMP00129,Priya Patel,Engineering, singapore ,PARIS,2026-11-29,2026-12-04,International,Lufthansa,331.29,GBP,CONFIRMED
BKG000264,EMP00049,Emma Johnson,Engineering,San Francisco,Bengaluru,2026-12-25,2027-01-07,Domestic,Qantas,437.99,EUR,cancelled
BKG000265,EMP00062,Priya Patel,Human Resources,Bengaluru,new york,2026-09-23,2026-10-04,Domestic,Qantas,408.98,INR,CONFIRMED
BKG000266,EMP00154,Priya Patel,Finance,LONDON, singapore ,2026-02-15,2026-02-27,International,Lufthansa,2737.63,EUR,PENDING
BKG000267,EMP00226,Liam Chen,Sales,Toronto,new york,2026-02-05,2026-02-14,Domestic,Lufthansa,3873.17,INR,CANCELLED
BKG000268,EMP00197,Olivia Davis,Sales,LONDON,San Francisco,2026-04-22,2026-04-24,International,British Airways,3347.59,EUR,CONFIRMED
BKG000269,EMP00308,Olivia Davis,Marketing,LONDON,dubai,2026-05-22,2026-06-02,International,United Airlines,3579.40,GBP,CANCELLED
BKG000270,EMP00152,  LUCAS SILVA  ,Marketing,Toronto,Sydney,2026-04-16,2026-04-25,Domestic,Singapore Airlines,2139.14,USD,CONFIRMED
BKG000271,EMP00185,Aarav Sharma,Sales,Toronto,LONDON,2026-05-04,2026-05-12,Domestic,Air India,3632.12,INR,CANCELLED
BKG000272,EMP00301,Aarav Sharma,Engineering, singapore ,Sydney,2026-07-07,2026-07-16,Domestic,Delta,1000.23,USD,CONFIRMED
BKG000273,EMP00206,Lucas Silva,Engineering,dubai,Toronto,2026-07-23,2026-08-01,Domestic,Delta,461.08,usd,PENDING
BKG000274,EMP00301,Lucas Silva,Marketing, singapore ,Toronto,2026-09-19,2026-09-23,Domestic,Delta,2970.60,EUR,PENDING
BKG000275,EMP00314,Mia Anderson,Operations,LONDON,Bengaluru,2026-01-30,2026-02-03,Domestic,Delta,2837.60,EUR,confirmed
BKG000276,EMP00178,Mia Anderson,Operations, singapore ,new york,2026-03-03,2026-03-04,International,Lufthansa,1637.23,GBP,CONFIRMED
BKG000277,EMP00269,Noah Williams,Engineering,new york,tokyo,2026-03-02,2026-03-15,International,Emirates,2144.28,GBP,PENDING
BKG000278,EMP00131,Liam Chen,Engineering,Toronto, singapore ,2026-01-29,2026-02-06,Domestic,Singapore Airlines,3142.38,USD,PENDING
BKG000279,EMP00187,  MIA ANDERSON  ,Human Resources,new york,dubai,2026-01-23,2026-02-06,Domestic,Lufthansa,3919.13,USD,CONFIRMED
BKG000280,EMP00214,Sofia Martinez,Marketing,tokyo,San Francisco,2026-10-11,2026-10-24,International,Delta,3490.07,GBP,PENDING
BKG000281,EMP00024,Ethan Brown,Human Resources,new york,San Francisco,2026-03-03,2026-03-12,Domestic,Qantas,3653.41,GBP,CONFIRMED
BKG000282,EMP00103,Priya Patel,Sales,Sydney,Bengaluru,2026-06-17,2026-06-19,International,Singapore Airlines,2012.82,INR,CONFIRMED
BKG000283,EMP00210,Aarav Sharma,Engineering,Sydney,San Francisco,2026-04-11,2026-04-23,Domestic,British Airways,2714.64,USD,CONFIRMED
BKG000284,EMP00272,Sofia Martinez,Finance,tokyo,dubai,2026-06-21,2026-06-22,International,Qantas,4041.64,EUR,CONFIRMED
BKG000285,EMP00212,Ethan Brown,Marketing,LONDON,new york,2026-12-31,2027-01-05,International,Qantas,4096.18,USD,CONFIRMED
BKG000286,EMP00039,Lucas Silva,Operations,Sydney, singapore ,2026-10-25,2026-10-27,Domestic,Air India,2822.77,eur,cancelled
BKG000287,EMP00163,Priya Patel,Human Resources,dubai,tokyo,2026-05-02,2026-05-07,International,Singapore Airlines,424.72,EUR,PENDING
BKG000288,EMP00085,  EMMA JOHNSON  ,Human Resources,Toronto,LONDON,2026-03-11,2026-03-24,International,British Airways,1778.57,GBP,CONFIRMED
BKG000289,EMP00047,Emma Johnson,Finance,dubai,Sydney,2026-04-17,2026-04-25,International,United Airlines,997.28,GBP,PENDING
BKG000290,EMP00026,Ethan Brown,Marketing,San Francisco,tokyo,2026-03-17,2026-03-19,International,Delta,3465.97,EUR,PENDING
BKG000291,EMP00128,Ethan Brown,Engineering,Bengaluru,Toronto,2026-01-16,2026-01-23,International,Emirates,3399.90,EUR,CANCELLED
BKG000292,EMP00206,Sofia Martinez,Sales,new york,dubai,2026-03-04,2026-03-05,Domestic,Delta,3863.11,USD,CONFIRMED
BKG000293,EMP00170,Emma Johnson,Engineering,San Francisco,Sydney,2026-01-12,2026-01-14,Domestic,Qantas,326.60,INR,CONFIRMED
BKG000294,EMP00089,Lucas Silva,Sales,new york,Bengaluru,2026-07-22,2026-07-30,Domestic,Lufthansa,1241.93,INR,CANCELLED
BKG000295,EMP00256,Noah Williams,Human Resources,Toronto,San Francisco,2026-03-18,2026-03-19,International,United Airlines,477.90,INR,CANCELLED
BKG000296,EMP00010,Ethan Brown,Human Resources,San Francisco,Toronto,2026-03-12,2026-03-19,International,Qantas,2341.63,INR,CONFIRMED
BKG000297,EMP00093,  NOAH WILLIAMS  ,Engineering,Sydney,PARIS,2026-06-26,2026-07-06,International,Singapore Airlines,239.56,GBP,pending
BKG000298,EMP00120,Olivia Davis,Finance,Bengaluru,Toronto,2026-01-30,2026-02-12,Domestic,Singapore Airlines,2800.01,GBP,PENDING
BKG000299,EMP00182,Lucas Silva,Finance,new york,dubai,2026-10-01,2026-10-15,Domestic,Singapore Airlines,2537.48,gbp,CANCELLED
BKG000300,EMP00253,Sofia Martinez,Operations,PARIS, singapore ,2026-10-30,2026-10-31,International,Lufthansa,2120.98,USD,CANCELLED
BKG000301,EMP00245,Ethan Brown,Engineering,Toronto,San Francisco,2026-01-29,2026-02-02,International,Singapore Airlines,3410.30,GBP,CONFIRMED
BKG000302,EMP00301,Liam Chen,Marketing,PARIS,new york,2026-04-01,2026-04-14,Domestic,Emirates,3573.64,GBP,CONFIRMED
BKG000303,EMP00166,Noah Williams,Finance,tokyo,LONDON,2026-02-07,2026-02-13,Domestic,Air India,3350.72,INR,PENDING
BKG000304,EMP00183,Olivia Davis,Finance, singapore ,Toronto,2026-11-29,2026-12-05,Domestic,Air India,1371.84,GBP,CANCELLED
BKG000305,EMP00094,Aarav Sharma,Operations,new york,Bengaluru,2026-03-07,2026-03-10,International,Singapore Airlines,2729.76,USD,CANCELLED
BKG000306,EMP00164,  PRIYA PATEL  ,Finance,PARIS,LONDON,2026-09-12,2026-09-15,Domestic,British Airways,1942.25,GBP,CONFIRMED
BKG000307,EMP00001,Emma Johnson,Engineering,LONDON,tokyo,2026-04-18,2026-04-22,International,Qantas,3108.94,EUR,PENDING
BKG000308,EMP00052,Lucas Silva,Human Resources,tokyo,PARIS,2026-07-31,2026-08-08,Domestic,Lufthansa,1961.25,USD,cancelled
BKG000309,EMP00176,Emma Johnson,Finance,PARIS,dubai,2026-05-31,2026-06-01,International,Lufthansa,3106.50,USD,CONFIRMED
BKG000310,EMP00221,Aarav Sharma,Marketing,Toronto,Bengaluru,2026-06-23,2026-07-03,Domestic,Air India,760.98,USD,CANCELLED
BKG000311,EMP00277,Ethan Brown,Sales,San Francisco,Bengaluru,2026-06-19,2026-06-23,International,Delta,1089.20,USD,CANCELLED
BKG000312,EMP00185,Aarav Sharma,Engineering,Sydney,Bengaluru,2026-07-21,2026-07-31,International,Emirates,1321.76,inr,CONFIRMED
BKG000313,EMP00042,Noah Williams,Human Resources,new york,dubai,2026-04-13,2026-04-15,Domestic,Delta,3322.30,INR,CONFIRMED
BKG000314,EMP00199,Ethan Brown,Finance,dubai,LONDON,2026-09-08,2026-09-19,International,Air India,1627.16,INR,CANCELLED
BKG000315,EMP00138,  SOFIA MARTINEZ  ,Operations,Bengaluru,Sydney,2026-01-23,2026-01-28,Domestic,Lufthansa,3189.12,USD,PENDING
BKG000316,EMP00117,Olivia Davis,Operations,PARIS,Toronto,2026-02-13,2026-02-24,Domestic,Air India,3459.09,INR,PENDING
BKG000317,EMP00041,Noah Williams,Human Resources,Bengaluru,San Francisco,2026-10-02,2026-10-13,Domestic,Lufthansa,610.75,INR,PENDING
BKG000318,EMP00217,Aarav Sharma,Engineering,San Francisco,dubai,2026-03-30,2026-04-02,International,Singapore Airlines,4188.86,EUR,CONFIRMED
BKG000319,EMP00285,Lucas Silva,Human Resources,PARIS,LONDON,2026-11-01,2026-11-06,International,Delta,2240.33,USD,confirmed
BKG000320,EMP00213,Emma Johnson,Finance,Toronto,Sydney,2026-12-25,2027-01-04,Domestic,Emirates,3893.71,USD,PENDING
BKG000321,EMP00197,Noah Williams,Marketing,Sydney,PARIS,2026-05-27,2026-06-10,International,Qantas,272.86,GBP,PENDING
BKG000322,EMP00170,Lucas Silva,Marketing,Toronto,tokyo,2026-07-26,2026-07-29,Domestic,United Airlines,3162.66,GBP,CONFIRMED
BKG000323,EMP00252,Noah Williams,Marketing,PARIS,dubai,2026-07-10,2026-07-11,Domestic,Singapore Airlines,668.29,INR,PENDING
BKG000324,EMP00109,  MIA ANDERSON  ,Human Resources,tokyo,LONDON,2026-06-14,2026-06-19,International,British Airways,3469.75,EUR,CONFIRMED
BKG000325,EMP00292,Ethan Brown,Engineering,Sydney,tokyo,2026-02-03,2026-02-08,Domestic,Singapore Airlines,3690.74,eur,CONFIRMED
BKG000326,EMP00102,Priya Patel,Sales,new york,Sydney,2026-01-30,2026-02-03,International,Qantas,2180.92,USD,CONFIRMED
BKG000327,EMP00229,Olivia Davis,Finance,San Francisco,tokyo,2026-12-15,2026-12-16,International,British Airways,1524.54,GBP,PENDING
BKG000328,EMP00084,Aarav Sharma,Operations,dubai,new york,2026-12-19,2026-12-21,Domestic,Singapore Airlines,2761.31,EUR,PENDING
BKG000329,EMP00243,Aarav Sharma,Finance,tokyo,Toronto,2026-05-18,2026-05-29,Domestic,United Airlines,1032.98,GBP,CONFIRMED
BKG000330,EMP00236,Priya Patel,Sales,dubai,Bengaluru,2026-12-31,2027-01-12,Domestic,Qantas,1352.75,INR,pending
BKG000331,EMP00288,Priya Patel,Marketing,new york,Toronto,2026-10-27,2026-10-29,International,Delta,2912.41,INR,CANCELLED
BKG000332,EMP00336,Noah Williams,Marketing,dubai,tokyo,2026-02-02,2026-02-08,International,Singapore Airlines,731.71,EUR,PENDING
BKG000333,EMP00349,  PRIYA PATEL  ,Finance,Toronto,tokyo,2026-01-30,2026-02-12,Domestic,Qantas,4189.67,GBP,CANCELLED
BKG000334,EMP00098,Olivia Davis,Sales,tokyo,new york,2026-08-03,2026-08-10,Domestic,Qantas,3818.63,GBP,CANCELLED
BKG000335,EMP00050,Noah Williams,Human Resources, singapore ,Toronto,2026-09-17,2026-09-22,Domestic,Delta,3078.76,EUR,CONFIRMED
BKG000336,EMP00158,Sofia Martinez,Human Resources,LONDON,dubai,2026-12-15,2026-12-21,International,British Airways,1183.08,GBP,PENDING
BKG000337,EMP00298,Olivia Davis,Operations,LONDON,Sydney,2026-08-26,2026-09-09,Domestic,Qantas,3748.86,USD,CONFIRMED
BKG000338,EMP00078,Aarav Sharma,Finance,Sydney,dubai,2026-12-15,2026-12-22,Domestic,British Airways,1789.50,inr,PENDING
BKG000339,EMP00324,Priya Patel,Finance, singapore ,LONDON,2026-03-15,2026-03-21,International,United Airlines,139.23,GBP,PENDING
BKG000340,EMP00067,Emma Johnson,Operations, singapore ,San Francisco,2026-04-18,2026-05-01,International,Air India,1765.85,INR,PENDING
BKG000341,EMP00008,Priya Patel,Sales,new york,Toronto,2026-07-16,2026-07-17,Domestic,United Airlines,2881.13,EUR,confirmed
BKG000342,EMP00197,  EMMA JOHNSON  ,Operations,PARIS,dubai,2026-04-26,2026-05-08,International,Lufthansa,386.37,USD,CONFIRMED
BKG000343,EMP00173,Ethan Brown,Human Resources,Bengaluru,Toronto,2026-06-02,2026-06-07,Domestic,British Airways,4184.25,INR,CANCELLED
BKG000344,EMP00117,Aarav Sharma,Finance,San Francisco, singapore ,2026-07-03,2026-07-16,Domestic,Singapore Airlines,3115.03,EUR,PENDING
BKG000345,EMP00274,Noah Williams,Operations,new york,Bengaluru,2026-03-05,2026-03-11,Domestic,United Airlines,2820.84,USD,CANCELLED
BKG000346,EMP00064,Lucas Silva,Operations,LONDON,Bengaluru,2026-01-25,2026-02-06,International,Qantas,2983.62,EUR,PENDING
BKG000347,EMP00340,Emma Johnson,Operations,new york,PARIS,2026-12-22,2027-01-02,International,Lufthansa,1828.81,USD,PENDING
BKG000348,EMP00055,Emma Johnson,Human Resources,Toronto,LONDON,2026-09-19,2026-10-01,Domestic,Singapore Airlines,3294.07,EUR,PENDING
BKG000349,EMP00281,Aarav Sharma,Human Resources,tokyo,dubai,2026-07-03,2026-07-15,Domestic,Qantas,1468.86,USD,CONFIRMED
BKG000350,EMP00077,Mia Anderson,Engineering,LONDON, singapore ,2026-01-07,2026-01-18,Domestic,Emirates,3811.50,EUR,CANCELLED
BKG000351,EMP00090,  EMMA JOHNSON  ,Engineering,dubai,Sydney,2026-08-22,2026-08-27,International,British Airways,3390.51,gbp,CONFIRMED
BKG000352,EMP00071,Aarav Sharma,Marketing,LONDON, singapore ,2026-08-07,2026-08-19,Domestic,British Airways,1578.71,INR,confirmed
BKG000353,EMP00059,Liam Chen,Human Resources,LONDON,tokyo,2026-11-15,2026-11-20,International,Qantas,1229.08,INR,PENDING
BKG000354,EMP00058,Liam Chen,Finance,Bengaluru,tokyo,2026-12-20,2027-01-03,Domestic,Lufthansa,543.15,INR,CANCELLED
BKG000355,EMP00184,Lucas Silva,Operations,Bengaluru, singapore ,2026-10-19,2026-10-30,Domestic,Lufthansa,2090.96,INR,CANCELLED
BKG000356,EMP00336,Noah Williams,Sales,Bengaluru,new york,2026-02-27,2026-03-06,Domestic,Singapore Airlines,4109.81,GBP,CONFIRMED
BKG000357,EMP00247,Sofia Martinez,Sales,Toronto,LONDON,2026-09-23,2026-10-02,International,Lufthansa,3543.25,USD,PENDING
BKG000358,EMP00085,Mia Anderson,Engineering, singapore ,Toronto,2026-01-06,2026-01-17,International,British Airways,1102.84,GBP,PENDING
BKG000359,EMP00207,Lucas Silva,Finance,San Francisco,Toronto,2026-01-26,2026-02-04,Domestic,Qantas,1932.29,INR,CANCELLED
BKG000360,EMP00255,  EMMA JOHNSON  ,Marketing,Bengaluru,Sydney,2026-02-15,2026-03-01,Domestic,Emirates,1766.03,USD,PENDING
BKG000361,EMP00327,Olivia Davis,Sales,new york, singapore ,2026-10-13,2026-10-22,Domestic,Qantas,3997.45,GBP,CANCELLED
BKG000362,EMP00318,Ethan Brown,Operations,San Francisco,Sydney,2026-01-28,2026-02-11,International,British Airways,3040.93,USD,PENDING
BKG000363,EMP00325,Priya Patel,Sales,San Francisco,new york,2026-02-19,2026-03-04,International,Emirates,306.77,EUR,pending
BKG000364,EMP00101,Olivia Davis,Finance,tokyo,LONDON,2026-09-10,2026-09-13,Domestic,Air India,999.61,eur,PENDING
BKG000365,EMP00064,Olivia Davis,Human Resources,tokyo,new york,2026-06-23,2026-06-25,International,Lufthansa,4052.53,USD,CANCELLED
BKG000366,EMP00248,Olivia Davis,Operations,new york,Toronto,2026-09-29,2026-10-11,Domestic,Lufthansa,3100.42,EUR,PENDING
BKG000367,EMP00215,Lucas Silva,Operations,Toronto,PARIS,2026-02-23,2026-03-02,Domestic,Delta,1743.31,GBP,CANCELLED
BKG000368,EMP00263,Olivia Davis,Sales, singapore ,San Francisco,2026-05-31,2026-06-08,International,Singapore Airlines,939.63,GBP,PENDING
BKG000369,EMP00327,  ETHAN BROWN  ,Sales, singapore ,San Francisco,2026-12-18,2026-12-24,Domestic,British Airways,2414.10,INR,CANCELLED
BKG000370,EMP00268,Aarav Sharma,Engineering,Sydney,dubai,2026-12-12,2026-12-24,Domestic,Air India,712.93,USD,PENDING
BKG000371,EMP00075,Noah Williams,Engineering, singapore ,PARIS,2026-04-13,2026-04-18,International,Singapore Airlines,3194.66,USD,CANCELLED
BKG000372,EMP00115,Ethan Brown,Marketing,Bengaluru,LONDON,2026-07-03,2026-07-17,International,Singapore Airlines,2204.56,GBP,CANCELLED
BKG000373,EMP00161,Lucas Silva,Operations,new york,Bengaluru,2026-12-21,2027-01-01,Domestic,United Airlines,3154.17,EUR,PENDING
BKG000374,EMP00302,Priya Patel,Operations,Bengaluru,San Francisco,2026-11-14,2026-11-28,Domestic,Singapore Airlines,1320.25,EUR,cancelled
BKG000375,EMP00062,Ethan Brown,Human Resources, singapore ,San Francisco,2026-12-16,2026-12-18,Domestic,Air India,1258.78,GBP,CANCELLED
BKG000376,EMP00239,Priya Patel,Marketing,Toronto,dubai,2026-03-08,2026-03-11,Domestic,United Airlines,747.11,GBP,CONFIRMED
BKG000377,EMP00282,Olivia Davis,Sales,Toronto,dubai,2026-11-02,2026-11-03,Domestic,British Airways,2263.61,eur,PENDING
BKG000378,EMP00275,  ETHAN BROWN  ,Human Resources,Sydney, singapore ,2026-09-24,2026-09-26,Domestic,British Airways,1022.49,EUR,PENDING
BKG000379,EMP00317,Sofia Martinez,Operations,PARIS,tokyo,2026-12-06,2026-12-12,International,United Airlines,588.07,GBP,PENDING
BKG000380,EMP00196,Priya Patel,Engineering,Toronto,San Francisco,2026-08-17,2026-08-21,International,Delta,2324.17,GBP,CONFIRMED
BKG000381,EMP00250,Mia Anderson,Engineering,PARIS,Toronto,2026-01-13,2026-01-22,International,Singapore Airlines,1426.88,USD,CANCELLED
BKG000382,EMP00108,Emma Johnson,Marketing,Sydney,Toronto,2026-02-19,2026-02-22,Domestic,Air India,3529.51,EUR,CONFIRMED
BKG000383,EMP00013,Liam Chen,Human Resources,tokyo,LONDON,2026-10-03,2026-10-17,International,United Airlines,477.09,USD,CANCELLED
BKG000384,EMP00117,Olivia Davis,Sales,dubai,Toronto,2026-04-02,2026-04-15,International,Air India,1960.59,INR,CONFIRMED
BKG000385,EMP00274,Emma Johnson,Engineering,new york,Bengaluru,2026-08-10,2026-08-16,Domestic,United Airlines,2979.60,USD,cancelled
BKG000386,EMP00311,Noah Williams,Engineering,LONDON,PARIS,2026-07-03,2026-07-12,International,Qantas,1676.17,USD,CANCELLED
BKG000387,EMP00280,  LUCAS SILVA  ,Sales,Sydney,San Francisco,2026-08-31,2026-09-03,Domestic,Delta,2883.34,GBP,CONFIRMED
BKG000388,EMP00003,Aarav Sharma,Operations,Sydney, singapore ,2026-01-06,2026-01-15,International,Emirates,1363.14,GBP,CONFIRMED
BKG000389,EMP00114,Liam Chen,Operations,Sydney, singapore ,2026-04-19,2026-04-26,International,Singapore Airlines,587.66,USD,CONFIRMED
BKG000390,EMP00129,Emma Johnson,Engineering,Sydney,LONDON,2026-10-09,2026-10-17,Domestic,Qantas,4002.28,gbp,PENDING
BKG000391,EMP00036,Olivia Davis,Finance,San Francisco,LONDON,2026-03-07,2026-03-18,International,Qantas,1958.64,GBP,PENDING
BKG000392,EMP00087,Lucas Silva,Engineering, singapore ,tokyo,2026-12-22,2027-01-01,International,Singapore Airlines,3325.49,INR,PENDING
BKG000393,EMP00246,Priya Patel,Human Resources,PARIS, singapore ,2026-05-22,2026-06-05,International,British Airways,3281.05,INR,CANCELLED
BKG000394,EMP00276,Liam Chen,Finance, singapore ,LONDON,2026-10-10,2026-10-12,International,Emirates,3087.90,USD,PENDING
BKG000395,EMP00019,Sofia Martinez,Operations,new york,Bengaluru,2026-09-17,2026-09-28,International,Qantas,2787.95,EUR,CANCELLED
BKG000396,EMP00257,  MIA ANDERSON  ,Operations,San Francisco,PARIS,2026-07-07,2026-07-14,Domestic,Air India,1604.57,USD,confirmed
BKG000397,EMP00229,Liam Chen,Finance,Toronto, singapore ,2026-12-06,2026-12-10,Domestic,Lufthansa,3122.55,INR,CANCELLED
BKG000398,EMP00136,Emma Johnson,Sales,San Francisco,Sydney,2026-07-03,2026-07-04,Domestic,United Airlines,2847.83,GBP,CONFIRMED
BKG000399,EMP00053,Priya Patel,Marketing,Bengaluru,new york,2026-07-18,2026-07-26,International,Delta,2480.82,EUR,CONFIRMED
BKG000400,EMP00265,Emma Johnson,Sales,tokyo,PARIS,2026-07-12,2026-07-23,International,Singapore Airlines,2226.80,GBP,CANCELLED
BKG000401,EMP00226,Liam Chen,Finance,Bengaluru,new york,2026-06-26,2026-07-04,Domestic,Emirates,2219.33,GBP,CANCELLED
BKG000402,EMP00061,Olivia Davis,Marketing, singapore ,San Francisco,2026-04-19,2026-04-22,Domestic,Air India,3429.58,USD,PENDING
BKG000403,EMP00083,Olivia Davis,Marketing,Bengaluru,Sydney,2026-09-04,2026-09-15,International,United Airlines,1114.17,eur,CONFIRMED
BKG000404,EMP00021,Ethan Brown,Operations, singapore ,San Francisco,2026-10-21,2026-10-31,Domestic,United Airlines,798.67,EUR,CANCELLED
BKG000405,EMP00044,  NOAH WILLIAMS  ,Finance,Toronto,new york,2026-09-22,2026-09-29,International,Qantas,3658.59,EUR,CANCELLED
BKG000406,EMP00320,Liam Chen,Marketing,tokyo, singapore ,2026-04-23,2026-05-07,International,Lufthansa,3074.68,GBP,CANCELLED
BKG000407,EMP00198,Lucas Silva,Finance,Toronto,LONDON,2026-08-21,2026-08-31,Domestic,United Airlines,945.58,INR,confirmed
BKG000408,EMP00308,Olivia Davis,Engineering,LONDON,San Francisco,2026-03-18,2026-03-28,Domestic,Emirates,2087.54,EUR,PENDING
BKG000409,EMP00190,Lucas Silva,Engineering,new york,Bengaluru,2026-11-05,2026-11-14,International,Singapore Airlines,3948.76,INR,CANCELLED
BKG000410,EMP00131,Liam Chen,Human Resources,Toronto,LONDON,2026-07-15,2026-07-21,Domestic,Emirates,1275.73,INR,PENDING
BKG000411,EMP00061,Ethan Brown,Operations,new york,LONDON,2026-05-12,2026-05-16,Domestic,Air India,2790.55,GBP,CANCELLED
BKG000412,EMP00130,Olivia Davis,Sales,LONDON,San Francisco,2026-07-29,2026-08-04,International,British Airways,2616.47,INR,PENDING
BKG000413,EMP00190,Liam Chen,Operations,Sydney,Toronto,2026-04-15,2026-04-22,International,Delta,4153.11,GBP,PENDING
BKG000414,EMP00229,  SOFIA MARTINEZ  ,Marketing, singapore ,LONDON,2026-12-28,2027-01-04,Domestic,Emirates,994.99,INR,CANCELLED
BKG000415,EMP00326,Lucas Silva,Engineering,Sydney,new york,2026-06-23,2026-07-06,Domestic,Lufthansa,2044.41,INR,CONFIRMED
BKG000416,EMP00312,Emma Johnson,Engineering,dubai,San Francisco,2026-02-15,2026-02-17,International,Air India,2624.98,gbp,PENDING
BKG000417,EMP00225,Mia Anderson,Engineering,new york,San Francisco,2026-12-31,2027-01-10,Domestic,Delta,914.57,EUR,CANCELLED
BKG000418,EMP00081,Aarav Sharma,Engineering,new york,tokyo,2026-11-11,2026-11-14,International,Air India,1560.76,INR,confirmed
BKG000419,EMP00047,Emma Johnson,Operations,San Francisco,Toronto,2026-07-27,2026-08-06,International,British Airways,1537.70,GBP,CONFIRMED
BKG000420,EMP00003,Olivia Davis,Sales,San Francisco,Sydney,2026-04-26,2026-05-06,Domestic,Air India,2185.45,USD,PENDING
BKG000421,EMP00276,Noah Williams,Operations,PARIS,LONDON,2026-09-15,2026-09-20,International,Qantas,4061.51,INR,CANCELLED
BKG000422,EMP00301,Mia Anderson,Engineering,PARIS,Sydney,2026-05-05,2026-05-18,International,Emirates,1171.90,INR,CANCELLED
BKG000423,EMP00181,  LUCAS SILVA  ,Operations,San Francisco,dubai,2026-11-21,2026-12-04,Domestic,Delta,1132.89,USD,PENDING
BKG000424,EMP00244,Liam Chen,Sales,PARIS,LONDON,2026-07-24,2026-08-04,International,Singapore Airlines,3768.81,GBP,CANCELLED
BKG000425,EMP00121,Sofia Martinez,Marketing,San Francisco,Sydney,2026-04-04,2026-04-16,Domestic,Delta,963.66,EUR,CANCELLED
BKG000426,EMP00062,Emma Johnson,Engineering,Toronto,PARIS,2026-05-08,2026-05-22,International,United Airlines,3238.12,USD,CONFIRMED
BKG000427,EMP00141,Olivia Davis,Human Resources,Toronto,PARIS,2026-09-04,2026-09-10,Domestic,Delta,1743.35,EUR,PENDING
BKG000428,EMP00258,Aarav Sharma,Sales,tokyo,Sydney,2026-01-28,2026-02-06,International,Lufthansa,1985.36,USD,CANCELLED
BKG000429,EMP00007,Aarav Sharma,Marketing,Bengaluru,PARIS,2026-12-24,2027-01-02,Domestic,Air India,2490.51,gbp,cancelled
BKG000430,EMP00122,Noah Williams,Sales,dubai, singapore ,2026-07-05,2026-07-15,International,British Airways,1612.97,INR,CANCELLED
BKG000431,EMP00144,Lucas Silva,Human Resources,tokyo,PARIS,2026-08-06,2026-08-10,Domestic,Lufthansa,4115.43,EUR,PENDING
BKG000432,EMP00196,  LUCAS SILVA  ,Finance,dubai,San Francisco,2026-02-21,2026-03-05,Domestic,Lufthansa,2049.79,USD,CANCELLED
BKG000433,EMP00274,Ethan Brown,Marketing,Bengaluru, singapore ,2026-04-01,2026-04-08,International,Qantas,1344.14,USD,CANCELLED
BKG000434,EMP00244,Noah Williams,Marketing, singapore ,new york,2026-07-23,2026-07-25,Domestic,Qantas,3157.94,GBP,CONFIRMED
BKG000435,EMP00011,Priya Patel,Human Resources,Sydney,Toronto,2026-07-04,2026-07-10,Domestic,British Airways,3658.86,EUR,PENDING
BKG000436,EMP00167,Priya Patel,Marketing,Sydney, singapore ,2026-10-23,2026-11-02,International,Qantas,3749.70,INR,PENDING
BKG000437,EMP00216,Priya Patel,Marketing,Bengaluru, singapore ,2026-11-11,2026-11-16,International,Emirates,442.78,GBP,CONFIRMED
BKG000438,EMP00310,Noah Williams,Marketing,PARIS,dubai,2026-04-27,2026-05-03,International,Delta,3741.78,GBP,CANCELLED
BKG000439,EMP00012,Liam Chen,Finance,Bengaluru,tokyo,2026-10-28,2026-11-06,Domestic,Delta,3956.98,USD,CONFIRMED
BKG000440,EMP00243,Emma Johnson,Operations,tokyo,LONDON,2026-04-18,2026-04-21,Domestic,United Airlines,3265.41,USD,confirmed
BKG000441,EMP00159,  LUCAS SILVA  ,Finance,Toronto, singapore ,2026-02-23,2026-02-28,Domestic,Delta,1928.09,EUR,CONFIRMED
BKG000442,EMP00167,Priya Patel,Human Resources, singapore ,new york,2026-03-09,2026-03-18,International,Delta,2358.06,eur,CONFIRMED
BKG000443,EMP00223,Olivia Davis,Operations, singapore ,Sydney,2026-12-24,2027-01-02,International,British Airways,2085.14,EUR,CANCELLED
BKG000444,EMP00080,Noah Williams,Sales,dubai,tokyo,2026-02-15,2026-02-23,Domestic,United Airlines,2255.13,EUR,PENDING
BKG000445,EMP00245,Mia Anderson,Sales,Bengaluru,Toronto,2026-06-26,2026-07-01,Domestic,Air India,3375.70,EUR,CONFIRMED
BKG000446,EMP00224,Ethan Brown,Human Resources,PARIS,San Francisco,2026-01-04,2026-01-13,Domestic,Lufthansa,3036.95,INR,PENDING
BKG000447,EMP00265,Sofia Martinez,Operations,dubai,LONDON,2026-07-13,2026-07-17,International,Delta,2765.70,GBP,PENDING
BKG000448,EMP00057,Noah Williams,Marketing,LONDON,San Francisco,2026-07-31,2026-08-04,International,Qantas,1230.31,INR,CONFIRMED
BKG000449,EMP00012,Ethan Brown,Finance,new york,San Francisco,2026-04-07,2026-04-13,Domestic,Delta,1218.32,INR,CONFIRMED
BKG000450,EMP00112,  MIA ANDERSON  ,Sales,LONDON,San Francisco,2026-01-05,2026-01-09,International,Delta,3325.76,INR,CONFIRMED
BKG000451,EMP00029,Liam Chen,Sales,new york,tokyo,2026-07-10,2026-07-18,International,Emirates,2336.22,EUR,confirmed
BKG000452,EMP00128,Emma Johnson,Human Resources,dubai,Bengaluru,2026-04-09,2026-04-23,International,Singapore Airlines,3129.49,USD,CONFIRMED
BKG000453,EMP00243,Sofia Martinez,Human Resources,LONDON,Toronto,2026-04-12,2026-04-20,International,British Airways,767.13,USD,CANCELLED
BKG000454,EMP00102,Noah Williams,Sales,LONDON,PARIS,2026-10-09,2026-10-18,Domestic,Singapore Airlines,4090.96,EUR,PENDING
BKG000455,EMP00300,Noah Williams,Engineering,PARIS,new york,2026-11-21,2026-11-28,International,Singapore Airlines,156.43,usd,CONFIRMED
BKG000456,EMP00128,Emma Johnson,Finance,Bengaluru, singapore ,2026-10-25,2026-11-07,International,Emirates,2918.65,GBP,PENDING
BKG000457,EMP00275,Liam Chen,Engineering,new york,tokyo,2026-11-17,2026-11-18,Domestic,Qantas,1069.31,GBP,CANCELLED
BKG000458,EMP00184,Lucas Silva,Marketing,San Francisco,new york,2026-08-13,2026-08-25,Domestic,Delta,3786.55,INR,CANCELLED
BKG000459,EMP00098,  MIA ANDERSON  ,Operations,Sydney,dubai,2026-12-28,2027-01-05,Domestic,British Airways,1440.62,INR,CANCELLED
BKG000460,EMP00272,Emma Johnson,Finance,Toronto,Sydney,2026-05-21,2026-06-04,International,Delta,3463.23,GBP,CONFIRMED
BKG000461,EMP00010,Liam Chen,Operations,Sydney,tokyo,2026-08-21,2026-08-22,International,Singapore Airlines,1428.43,USD,CANCELLED
BKG000462,EMP00283,Mia Anderson,Finance,tokyo,San Francisco,2026-12-04,2026-12-13,International,British Airways,1792.00,GBP,cancelled
BKG000463,EMP00092,Liam Chen,Engineering,Sydney,LONDON,2026-02-26,2026-02-28,Domestic,Emirates,2100.31,USD,CONFIRMED
BKG000464,EMP00303,Olivia Davis,Sales,tokyo,Sydney,2026-01-17,2026-01-27,Domestic,British Airways,1020.55,USD,CANCELLED
BKG000465,EMP00185,Aarav Sharma,Operations,Bengaluru,LONDON,2026-01-07,2026-01-11,International,British Airways,3360.54,USD,PENDING
BKG000466,EMP00156,Emma Johnson,Engineering,Sydney,new york,2026-11-12,2026-11-17,Domestic,Emirates,533.00,EUR,CANCELLED
BKG000467,EMP00292,Sofia Martinez,Marketing,San Francisco,dubai,2026-09-30,2026-10-07,Domestic,Air India,3164.12,GBP,CANCELLED
BKG000468,EMP00282,  LIAM CHEN  ,Human Resources,tokyo,LONDON,2026-12-12,2026-12-20,International,Lufthansa,2298.31,inr,CONFIRMED
BKG000469,EMP00325,Lucas Silva,Human Resources,Sydney,PARIS,2026-06-30,2026-07-06,International,Singapore Airlines,2417.63,EUR,PENDING
BKG000470,EMP00230,Mia Anderson,Human Resources,Sydney,dubai,2026-07-12,2026-07-25,Domestic,United Airlines,4130.46,USD,PENDING
BKG000471,EMP00110,Sofia Martinez,Sales,dubai,new york,2026-09-23,2026-09-26,Domestic,Delta,3869.98,EUR,PENDING
BKG000472,EMP00136,Liam Chen,Sales,Bengaluru,PARIS,2026-02-18,2026-02-19,Domestic,Singapore Airlines,1165.47,GBP,CONFIRMED
BKG000473,EMP00167,Emma Johnson,Human Resources,tokyo,San Francisco,2026-02-17,2026-02-27,Domestic,Qantas,3488.88,USD,cancelled
BKG000474,EMP00196,Olivia Davis,Engineering,dubai,new york,2026-11-01,2026-11-12,Domestic,British Airways,1539.56,INR,CANCELLED
BKG000475,EMP00006,Olivia Davis,Marketing,LONDON,dubai,2026-08-02,2026-08-16,International,United Airlines,1363.52,USD,CANCELLED
BKG000476,EMP00114,Ethan Brown,Finance,Toronto, singapore ,2026-06-13,2026-06-22,Domestic,Air India,4081.84,USD,PENDING
BKG000477,EMP00173,  LIAM CHEN  ,Engineering,dubai,Bengaluru,2026-04-24,2026-05-01,International,United Airlines,2356.46,GBP,CONFIRMED
BKG000478,EMP00070,Liam Chen,Human Resources,Sydney,tokyo,2026-02-13,2026-02-20,Domestic,Qantas,1732.90,EUR,CANCELLED
BKG000479,EMP00137,Emma Johnson,Human Resources,Sydney,San Francisco,2026-10-15,2026-10-25,International,Emirates,579.12,INR,CONFIRMED
BKG000480,EMP00305,Priya Patel,Marketing,PARIS,San Francisco,2026-08-05,2026-08-11,Domestic,Delta,810.56,GBP,PENDING
BKG000481,EMP00120,Aarav Sharma,Finance,Bengaluru, singapore ,2026-11-12,2026-11-26,International,Lufthansa,3211.55,usd,PENDING
BKG000482,EMP00148,Liam Chen,Engineering,new york,dubai,2026-02-27,2026-03-11,International,Emirates,1364.88,INR,CANCELLED
BKG000483,EMP00280,Sofia Martinez,Operations,San Francisco,Toronto,2026-01-12,2026-01-18,International,Qantas,2662.01,EUR,CONFIRMED
BKG000484,EMP00023,Ethan Brown,Sales,new york,Bengaluru,2026-12-22,2027-01-03,Domestic,United Airlines,1278.78,GBP,cancelled
BKG000485,EMP00340,Noah Williams,Marketing,new york, singapore ,2026-01-28,2026-02-05,International,Emirates,197.84,INR,PENDING
BKG000486,EMP00306,  MIA ANDERSON  ,Operations,Sydney,LONDON,2026-04-29,2026-05-06,Domestic,Lufthansa,931.41,INR,PENDING
BKG000487,EMP00157,Ethan Brown,Sales,new york,LONDON,2026-10-15,2026-10-27,International,Air India,3157.11,USD,CONFIRMED
BKG000488,EMP00121,Noah Williams,Operations,PARIS,tokyo,2026-06-27,2026-07-08,International,United Airlines,2673.23,INR,CANCELLED
BKG000489,EMP00202,Priya Patel,Marketing,dubai,San Francisco,2026-01-16,2026-01-25,Domestic,Emirates,3097.95,EUR,CONFIRMED
BKG000490,EMP00310,Noah Williams,Sales,Toronto, singapore ,2026-08-02,2026-08-06,International,Lufthansa,963.57,EUR,PENDING
BKG000491,EMP00070,Ethan Brown,Human Resources,San Francisco, singapore ,2026-10-25,2026-11-03,Domestic,Lufthansa,1415.38,USD,PENDING
BKG000492,EMP00211,Lucas Silva,Sales, singapore ,new york,2026-04-05,2026-04-11,International,Delta,739.98,EUR,PENDING
BKG000493,EMP00137,Olivia Davis,Operations, singapore ,new york,2026-02-24,2026-02-27,Domestic,Singapore Airlines,1062.12,USD,CANCELLED
BKG000494,EMP00241,Olivia Davis,Marketing,Bengaluru, singapore ,2026-07-03,2026-07-05,International,Lufthansa,3596.69,inr,CANCELLED
BKG000495,EMP00210,  AARAV SHARMA  ,Engineering, singapore ,dubai,2026-08-31,2026-09-03,International,Air India,1028.02,EUR,confirmed
BKG000496,EMP00167,Mia Anderson,Human Resources, singapore ,Sydney,2026-04-15,2026-04-17,Domestic,Air India,1771.86,USD,CANCELLED
BKG000497,EMP00293,Olivia Davis,Operations,tokyo,PARIS,2026-11-08,2026-11-20,Domestic,Emirates,1962.57,USD,PENDING
BKG000498,EMP00286,Aarav Sharma,Human Resources,Sydney,tokyo,2026-05-06,2026-05-15,Domestic,Singapore Airlines,1308.01,INR,CANCELLED
BKG000499,EMP00151,Lucas Silva,Operations,dubai,Sydney,2026-06-05,2026-06-18,Domestic,Lufthansa,2011.40,INR,CONFIRMED
BKG000500,EMP00280,Olivia Davis,Finance,Sydney,LONDON,2026-02-16,2026-02-28,International,Air India,1439.72,USD,CONFIRMED
BKG000501,EMP00129,Emma Johnson,Sales,Toronto,San Francisco,2026-04-02,2026-04-10,Domestic,Emirates,492.06,INR,PENDING
BKG000502,EMP00262,Lucas Silva,Operations,LONDON,Toronto,2026-11-21,2026-11-27,Domestic,Air India,2365.41,USD,CANCELLED
BKG000503,EMP00092,Liam Chen,Marketing,Toronto, singapore ,2026-03-29,2026-04-04,Domestic,Air India,1376.89,INR,CONFIRMED
BKG000504,EMP00002,  SOFIA MARTINEZ  ,Operations, singapore ,LONDON,2026-05-28,2026-06-08,International,United Airlines,1991.26,INR,CONFIRMED
BKG000505,EMP00302,Sofia Martinez,Marketing,new york,Sydney,2026-10-06,2026-10-19,International,Qantas,1793.42,USD,CONFIRMED
BKG000506,EMP00318,Noah Williams,Marketing,new york,dubai,2026-11-04,2026-11-14,Domestic,United Airlines,874.15,USD,cancelled
BKG000507,EMP00309,Olivia Davis,Sales,new york,San Francisco,2026-12-01,2026-12-07,International,Emirates,320.05,inr,CONFIRMED
BKG000508,EMP00297,Mia Anderson,Sales,dubai,Toronto,2026-04-02,2026-04-05,Domestic,Emirates,3255.53,GBP,CONFIRMED
BKG000509,EMP00150,Emma Johnson,Human Resources,LONDON,Bengaluru,2026-07-08,2026-07-15,Domestic,Emirates,2954.05,GBP,CANCELLED
BKG000510,EMP00314,Sofia Martinez,Engineering,tokyo,Toronto,2026-06-18,2026-06-27,Domestic,Emirates,2093.34,GBP,CONFIRMED
BKG000511,EMP00320,Olivia Davis,Sales,PARIS,dubai,2026-08-07,2026-08-17,Domestic,Qantas,2240.40,INR,CANCELLED
BKG000512,EMP00100,Noah Williams,Engineering, singapore ,dubai,2026-09-10,2026-09-23,Domestic,United Airlines,2016.73,USD,CANCELLED
BKG000513,EMP00171,  AARAV SHARMA  ,Sales,Toronto,tokyo,2026-04-17,2026-04-30,Domestic,United Airlines,2733.72,GBP,PENDING
BKG000514,EMP00282,Ethan Brown,Sales,LONDON,PARIS,2026-05-11,2026-05-24,Domestic,Emirates,2918.21,GBP,PENDING
BKG000515,EMP00170,Sofia Martinez,Sales,Toronto,new york,2026-07-22,2026-08-03,International,Qantas,3372.80,EUR,CONFIRMED
BKG000516,EMP00212,Mia Anderson,Marketing,Bengaluru,Toronto,2026-09-04,2026-09-07,Domestic,Delta,2424.97,GBP,PENDING
BKG000517,EMP00182,Priya Patel,Engineering,new york,dubai,2026-10-12,2026-10-21,Domestic,Delta,3550.22,GBP,cancelled
BKG000518,EMP00200,Olivia Davis,Finance,Sydney, singapore ,2026-07-12,2026-07-23,Domestic,Delta,2997.49,GBP,CANCELLED
BKG000519,EMP00122,Mia Anderson,Sales,dubai,Bengaluru,2026-12-30,2026-12-31,International,Delta,1001.85,GBP,CONFIRMED
BKG000520,EMP00228,Emma Johnson,Operations,PARIS,new york,2026-03-31,2026-04-02,Domestic,Qantas,3812.22,eur,CONFIRMED
BKG000521,EMP00074,Priya Patel,Engineering,Bengaluru,Toronto,2026-04-08,2026-04-14,Domestic,Singapore Airlines,3076.25,INR,PENDING
BKG000522,EMP00023,  NOAH WILLIAMS  ,Marketing,Sydney,LONDON,2026-07-18,2026-07-30,Domestic,British Airways,2024.85,USD,CONFIRMED
BKG000523,EMP00328,Noah Williams,Finance,dubai,new york,2026-02-22,2026-03-03,International,Singapore Airlines,905.59,GBP,CANCELLED
BKG000524,EMP00081,Liam Chen,Sales,Bengaluru,LONDON,2026-09-30,2026-10-06,Domestic,United Airlines,4029.86,USD,PENDING
BKG000525,EMP00073,Noah Williams,Marketing,PARIS,Toronto,2026-04-16,2026-04-25,International,Singapore Airlines,818.80,GBP,PENDING
BKG000526,EMP00015,Liam Chen,Human Resources,Sydney,Bengaluru,2026-11-10,2026-11-16,Domestic,Emirates,1685.09,USD,CONFIRMED
BKG000527,EMP00160,Priya Patel,Sales, singapore ,Sydney,2026-08-07,2026-08-14,Domestic,Emirates,4092.62,INR,CANCELLED
BKG000528,EMP00159,Mia Anderson,Marketing,LONDON,Sydney,2026-10-18,2026-10-21,International,Qantas,1065.31,EUR,confirmed
BKG000529,EMP00094,Lucas Silva,Marketing,Toronto,dubai,2026-03-15,2026-03-29,International,British Airways,1969.39,USD,PENDING
BKG000530,EMP00088,Mia Anderson,Sales,LONDON,tokyo,2026-02-03,2026-02-11,International,Lufthansa,2192.43,INR,PENDING
BKG000531,EMP00237,  ETHAN BROWN  ,Human Resources,Sydney,LONDON,2026-02-24,2026-03-02,International,Singapore Airlines,2653.17,EUR,PENDING
BKG000532,EMP00221,Olivia Davis,Human Resources,LONDON,tokyo,2026-09-04,2026-09-11,International,Singapore Airlines,826.19,USD,CONFIRMED
BKG000533,EMP00238,Olivia Davis,Sales,Bengaluru,LONDON,2026-12-31,2027-01-10,Domestic,Qantas,838.79,inr,CANCELLED
BKG000534,EMP00331,Mia Anderson,Marketing,LONDON,Bengaluru,2026-02-05,2026-02-15,Domestic,Emirates,1007.86,EUR,PENDING
BKG000535,EMP00232,Liam Chen,Operations,new york,San Francisco,2026-10-25,2026-11-07,International,Air India,2631.53,INR,CANCELLED
BKG000536,EMP00223,Noah Williams,Marketing,PARIS,dubai,2026-04-11,2026-04-15,International,Emirates,2497.53,INR,CANCELLED
BKG000537,EMP00028,Ethan Brown,Engineering,dubai,new york,2026-03-07,2026-03-21,International,Emirates,3633.89,USD,PENDING
BKG000538,EMP00196,Priya Patel,Human Resources,Toronto,tokyo,2026-05-01,2026-05-08,International,Air India,2344.08,EUR,CANCELLED
BKG000539,EMP00214,Priya Patel,Finance,San Francisco,Toronto,2026-09-01,2026-09-04,International,Lufthansa,667.85,USD,pending
BKG000540,EMP00070,  LUCAS SILVA  ,Engineering, singapore ,Sydney,2026-11-28,2026-11-29,Domestic,Air India,3629.42,INR,CANCELLED
BKG000541,EMP00231,Ethan Brown,Human Resources,Bengaluru,Toronto,2026-11-16,2026-11-19,International,Singapore Airlines,878.03,USD,PENDING
BKG000542,EMP00280,Lucas Silva,Operations,San Francisco,Toronto,2026-10-23,2026-10-31,International,United Airlines,4111.19,INR,PENDING
BKG000543,EMP00073,Emma Johnson,Marketing,LONDON,Sydney,2026-12-27,2027-01-02,International,Qantas,2229.15,USD,CANCELLED
BKG000544,EMP00314,Noah Williams,Engineering,LONDON,Toronto,2026-05-06,2026-05-14,International,United Airlines,2032.98,INR,CANCELLED
BKG000545,EMP00149,Noah Williams,Finance,PARIS,Bengaluru,2026-10-21,2026-11-02,Domestic,Delta,3086.04,GBP,PENDING
BKG000546,EMP00337,Aarav Sharma,Sales,Bengaluru, singapore ,2026-02-01,2026-02-12,Domestic,Delta,2097.82,eur,CANCELLED
BKG000547,EMP00144,Olivia Davis,Sales,dubai,PARIS,2026-09-16,2026-09-18,International,United Airlines,3145.03,EUR,CONFIRMED
BKG000548,EMP00134,Liam Chen,Marketing, singapore ,Sydney,2026-10-30,2026-11-11,Domestic,Qantas,857.70,USD,PENDING
BKG000549,EMP00197,  LUCAS SILVA  ,Finance, singapore ,San Francisco,2026-06-25,2026-06-27,International,Lufthansa,980.30,GBP,PENDING
BKG000550,EMP00238,Liam Chen,Human Resources,dubai,LONDON,2026-01-28,2026-02-08,International,Delta,2063.17,EUR,confirmed
BKG000551,EMP00272,Liam Chen,Human Resources,tokyo,Sydney,2026-07-14,2026-07-25,Domestic,Delta,3903.07,INR,PENDING
BKG000552,EMP00050,Aarav Sharma,Operations,PARIS,Toronto,2026-07-15,2026-07-26,International,Air India,2610.78,GBP,CANCELLED
BKG000553,EMP00201,Olivia Davis,Human Resources,dubai,LONDON,2026-06-21,2026-06-26,Domestic,Singapore Airlines,2241.41,EUR,PENDING
BKG000554,EMP00211,Aarav Sharma,Engineering,new york,LONDON,2026-06-10,2026-06-19,Domestic,Qantas,1554.19,GBP,CONFIRMED
BKG000555,EMP00030,Emma Johnson,Operations,new york,LONDON,2026-05-09,2026-05-13,Domestic,Emirates,3008.95,USD,CANCELLED
BKG000556,EMP00095,Olivia Davis,Engineering,Toronto, singapore ,2026-02-14,2026-02-28,Domestic,Delta,1321.84,USD,PENDING
BKG000557,EMP00132,Priya Patel,Finance,dubai,Bengaluru,2026-11-24,2026-12-02,Domestic,Delta,3290.59,INR,CANCELLED
BKG000558,EMP00226,  LIAM CHEN  ,Engineering,new york,PARIS,2026-07-18,2026-07-24,International,Singapore Airlines,2610.03,EUR,PENDING
BKG000559,EMP00112,Lucas Silva,Operations,LONDON,San Francisco,2026-11-27,2026-12-05,Domestic,Qantas,3038.83,usd,CANCELLED
BKG000560,EMP00255,Aarav Sharma,Finance,LONDON,PARIS,2026-01-18,2026-01-20,Domestic,United Airlines,2831.59,GBP,PENDING
BKG000561,EMP00264,Aarav Sharma,Marketing,PARIS,Bengaluru,2026-03-19,2026-03-31,International,Qantas,1899.12,USD,cancelled
BKG000562,EMP00063,Mia Anderson,Operations,new york,Bengaluru,2026-10-04,2026-10-08,International,British Airways,2901.89,INR,CANCELLED
BKG000563,EMP00042,Priya Patel,Human Resources,LONDON,tokyo,2026-01-29,2026-02-09,International,Singapore Airlines,840.60,USD,CANCELLED
BKG000564,EMP00055,Lucas Silva,Marketing,San Francisco,PARIS,2026-07-16,2026-07-27,International,Qantas,466.24,INR,CANCELLED
BKG000565,EMP00123,Olivia Davis,Human Resources,new york,dubai,2026-04-08,2026-04-11,International,Emirates,3354.38,GBP,CONFIRMED
BKG000566,EMP00029,Priya Patel,Sales,Bengaluru,new york,2026-09-13,2026-09-22,Domestic,Air India,602.20,INR,CONFIRMED
BKG000567,EMP00120,  OLIVIA DAVIS  ,Engineering,Sydney, singapore ,2026-12-14,2026-12-28,Domestic,Lufthansa,2114.69,USD,CANCELLED
BKG000568,EMP00008,Liam Chen,Finance,new york,dubai,2026-08-30,2026-09-09,Domestic,Delta,3468.62,USD,CANCELLED
BKG000569,EMP00255,Emma Johnson,Operations, singapore ,LONDON,2026-08-22,2026-09-01,Domestic,Emirates,3402.17,INR,CONFIRMED
BKG000570,EMP00280,Olivia Davis,Finance,tokyo,PARIS,2026-06-22,2026-07-05,International,Singapore Airlines,3238.05,EUR,CONFIRMED
BKG000571,EMP00087,Lucas Silva,Marketing,LONDON,PARIS,2026-06-21,2026-06-23,International,Lufthansa,1909.74,USD,CONFIRMED
BKG000572,EMP00250,Aarav Sharma,Engineering,Toronto,tokyo,2026-03-10,2026-03-12,Domestic,United Airlines,852.00,usd,confirmed
BKG000573,EMP00065,Mia Anderson,Finance,Toronto,dubai,2026-12-28,2027-01-08,Domestic,Delta,2254.19,INR,PENDING
BKG000574,EMP00256,Liam Chen,Operations,Toronto,new york,2026-05-03,2026-05-06,Domestic,Delta,1539.24,USD,CANCELLED
BKG000575,EMP00317,Emma Johnson,Sales,San Francisco,LONDON,2026-10-13,2026-10-17,Domestic,Qantas,3262.95,EUR,CANCELLED
BKG000576,EMP00255,  MIA ANDERSON  ,Finance,San Francisco,LONDON,2026-05-22,2026-05-23,Domestic,United Airlines,340.43,GBP,CONFIRMED
BKG000577,EMP00233,Olivia Davis,Engineering,tokyo,dubai,2026-05-26,2026-05-30,Domestic,United Airlines,3893.43,EUR,PENDING
BKG000578,EMP00037,Emma Johnson,Finance,new york,Sydney,2026-03-22,2026-04-04,International,British Airways,1829.79,GBP,CANCELLED
BKG000579,EMP00122,Emma Johnson,Marketing,LONDON,tokyo,2026-04-28,2026-05-11,International,Singapore Airlines,1652.17,EUR,CONFIRMED
BKG000580,EMP00075,Lucas Silva,Finance,Toronto,Bengaluru,2026-02-07,2026-02-15,International,Lufthansa,1700.31,EUR,CONFIRMED
BKG000581,EMP00172,Sofia Martinez,Finance,San Francisco,tokyo,2026-08-23,2026-09-04,Domestic,United Airlines,1264.86,USD,PENDING
BKG000582,EMP00152,Sofia Martinez,Operations,tokyo, singapore ,2026-08-27,2026-09-04,Domestic,Lufthansa,2478.74,EUR,PENDING
BKG000583,EMP00243,Olivia Davis,Human Resources,Sydney,Bengaluru,2026-02-14,2026-02-21,International,United Airlines,3098.47,EUR,confirmed
BKG000584,EMP00294,Liam Chen,Engineering,tokyo,San Francisco,2026-05-07,2026-05-13,International,United Airlines,283.44,INR,CANCELLED
BKG000585,EMP00051,  MIA ANDERSON  ,Human Resources,tokyo,Toronto,2026-09-16,2026-09-17,International,Singapore Airlines,459.01,usd,PENDING
BKG000586,EMP00152,Priya Patel,Finance,tokyo,San Francisco,2026-12-21,2027-01-02,Domestic,United Airlines,2077.51,GBP,CONFIRMED
BKG000587,EMP00071,Mia Anderson,Marketing,Bengaluru,new york,2026-03-24,2026-04-05,International,Lufthansa,3342.62,GBP,PENDING
BKG000588,EMP00272,Priya Patel,Engineering,new york, singapore ,2026-11-17,2026-11-25,International,Air India,3191.78,EUR,PENDING
BKG000589,EMP00264,Aarav Sharma,Marketing,Toronto,PARIS,2026-12-17,2026-12-19,International,United Airlines,572.74,GBP,CANCELLED
BKG000590,EMP00332,Liam Chen,Operations,new york,tokyo,2026-08-27,2026-09-06,Domestic,Singapore Airlines,684.70,GBP,PENDING
BKG000591,EMP00108,Olivia Davis,Marketing,LONDON,Sydney,2026-05-03,2026-05-12,Domestic,British Airways,1559.06,GBP,CANCELLED
BKG000592,EMP00191,Emma Johnson,Sales,tokyo,dubai,2026-09-15,2026-09-26,International,Qantas,2165.92,USD,CONFIRMED
BKG000593,EMP00318,Mia Anderson,Sales,Sydney,Toronto,2026-08-29,2026-09-10,Domestic,Singapore Airlines,3758.97,INR,PENDING
BKG000594,EMP00056,  EMMA JOHNSON  ,Finance,tokyo, singapore ,2026-02-14,2026-02-16,International,Emirates,2964.10,INR,pending
BKG000595,EMP00151,Aarav Sharma,Human Resources,San Francisco,Toronto,2026-03-19,2026-04-02,Domestic,Qantas,1534.54,INR,CANCELLED
BKG000596,EMP00119,Aarav Sharma,Operations,dubai,San Francisco,2026-11-27,2026-11-28,International,Air India,2481.11,GBP,CONFIRMED
BKG000597,EMP00156,Mia Anderson,Operations,Sydney,Toronto,2026-09-06,2026-09-16,Domestic,Delta,820.69,GBP,PENDING
BKG000598,EMP00181,Liam Chen,Sales,PARIS,dubai,2026-04-27,2026-05-05,International,Lufthansa,2644.01,eur,CONFIRMED
BKG000599,EMP00083,Liam Chen,Finance,dubai, singapore ,2026-12-31,2027-01-09,Domestic,United Airlines,4174.59,EUR,CONFIRMED
BKG000600,EMP00018,Ethan Brown,Marketing,PARIS, singapore ,2026-08-14,2026-08-19,International,British Airways,723.61,INR,CONFIRMED
BKG000601,EMP00208,Aarav Sharma,Human Resources,Sydney,dubai,2026-10-04,2026-10-07,Domestic,Qantas,3905.47,EUR,CONFIRMED
BKG000602,EMP00243,Noah Williams,Sales,Sydney,Toronto,2026-01-03,2026-01-15,Domestic,Qantas,1501.83,USD,PENDING
BKG000603,EMP00013,  NOAH WILLIAMS  ,Human Resources, singapore ,Toronto,2026-09-03,2026-09-04,Domestic,Qantas,1578.17,GBP,CONFIRMED
BKG000604,EMP00101,Noah Williams,Engineering,San Francisco,Toronto,2026-01-29,2026-02-08,Domestic,Qantas,2882.42,USD,CONFIRMED
BKG000605,EMP00310,Olivia Davis,Operations,San Francisco,Sydney,2026-09-20,2026-09-27,Domestic,British Airways,1742.04,INR,pending
BKG000606,EMP00180,Priya Patel,Sales,PARIS,new york,2026-07-09,2026-07-16,International,Emirates,1000.04,INR,PENDING
BKG000607,EMP00213,Lucas Silva,Finance,Bengaluru,dubai,2026-08-01,2026-08-14,Domestic,Lufthansa,967.76,INR,CONFIRMED
BKG000608,EMP00210,Aarav Sharma,Marketing,LONDON,Bengaluru,2026-09-26,2026-10-02,International,Air India,833.56,INR,CONFIRMED
BKG000609,EMP00149,Lucas Silva,Operations, singapore ,dubai,2026-12-30,2027-01-09,International,United Airlines,3477.02,GBP,CONFIRMED
BKG000610,EMP00115,Mia Anderson,Engineering,Bengaluru,Toronto,2026-10-27,2026-11-01,Domestic,Lufthansa,1191.72,INR,CANCELLED
BKG000611,EMP00331,Mia Anderson,Finance,dubai,Bengaluru,2026-03-05,2026-03-16,Domestic,Emirates,3240.05,inr,CONFIRMED
BKG000612,EMP00133,  LUCAS SILVA  ,Marketing,PARIS,Sydney,2026-02-04,2026-02-14,International,Emirates,1642.67,USD,CANCELLED
BKG000613,EMP00237,Priya Patel,Marketing,Toronto,new york,2026-05-13,2026-05-16,Domestic,British Airways,786.30,GBP,CONFIRMED
BKG000614,EMP00272,Noah Williams,Marketing,PARIS,new york,2026-07-04,2026-07-11,Domestic,Singapore Airlines,3247.09,EUR,PENDING
BKG000615,EMP00155,Priya Patel,Sales, singapore ,Toronto,2026-02-18,2026-02-28,International,Emirates,2300.43,GBP,PENDING
BKG000616,EMP00249,Priya Patel,Human Resources, singapore ,Toronto,2026-03-15,2026-03-16,International,Lufthansa,537.86,EUR,pending
BKG000617,EMP00273,Ethan Brown,Marketing,San Francisco,Toronto,2026-09-15,2026-09-19,Domestic,Air India,1998.80,USD,CANCELLED
BKG000618,EMP00160,Priya Patel,Marketing, singapore ,new york,2026-03-01,2026-03-15,International,Lufthansa,3453.52,GBP,PENDING
BKG000619,EMP00114,Emma Johnson,Finance,dubai,new york,2026-03-30,2026-04-11,Domestic,Singapore Airlines,1374.31,EUR,CANCELLED
BKG000620,EMP00248,Aarav Sharma,Human Resources,tokyo,LONDON,2026-03-08,2026-03-10,Domestic,Singapore Airlines,559.89,USD,CONFIRMED
BKG000621,EMP00342,  NOAH WILLIAMS  ,Engineering,dubai,new york,2026-08-29,2026-08-31,Domestic,Emirates,3874.00,EUR,CONFIRMED
BKG000622,EMP00075,Emma Johnson,Marketing, singapore ,tokyo,2026-10-28,2026-11-01,International,British Airways,1556.99,EUR,CONFIRMED
BKG000623,EMP00271,Aarav Sharma,Finance,LONDON, singapore ,2026-09-16,2026-09-26,Domestic,Delta,820.84,USD,CANCELLED
BKG000624,EMP00095,Olivia Davis,Human Resources,Sydney,Bengaluru,2026-02-20,2026-02-24,Domestic,Lufthansa,3525.75,inr,PENDING
BKG000625,EMP00161,Emma Johnson,Engineering,Sydney,San Francisco,2026-08-06,2026-08-10,International,Emirates,2240.49,INR,PENDING
BKG000626,EMP00043,Aarav Sharma,Sales,dubai,Toronto,2026-07-04,2026-07-16,International,Emirates,1689.91,INR,CANCELLED
BKG000627,EMP00209,Ethan Brown,Sales,dubai,Sydney,2026-11-04,2026-11-16,International,Singapore Airlines,3615.64,INR,confirmed
BKG000628,EMP00345,Mia Anderson,Engineering, singapore ,new york,2026-12-14,2026-12-20,International,Qantas,2252.46,USD,CANCELLED
BKG000629,EMP00053,Olivia Davis,Marketing,tokyo,Bengaluru,2026-03-03,2026-03-06,Domestic,Emirates,1603.94,EUR,CANCELLED
BKG000630,EMP00218,  SOFIA MARTINEZ  ,Marketing,Toronto,tokyo,2026-06-23,2026-06-27,International,Delta,3240.45,GBP,CONFIRMED
BKG000631,EMP00208,Olivia Davis,Human Resources,PARIS,Sydney,2026-11-26,2026-12-03,International,Lufthansa,3253.44,USD,CANCELLED
BKG000632,EMP00016,Liam Chen,Engineering,Bengaluru,Sydney,2026-03-04,2026-03-09,Domestic,Emirates,2152.39,USD,CONFIRMED
BKG000633,EMP00319,Noah Williams,Operations,Toronto,PARIS,2026-04-02,2026-04-09,Domestic,Emirates,2817.21,INR,CONFIRMED
BKG000634,EMP00134,Ethan Brown,Operations,dubai,Sydney,2026-08-27,2026-08-31,International,United Airlines,4006.53,USD,PENDING
BKG000635,EMP00227,Lucas Silva,Human Resources,tokyo,Sydney,2026-08-09,2026-08-11,Domestic,United Airlines,841.63,GBP,PENDING
BKG000636,EMP00200,Noah Williams,Human Resources,Bengaluru,tokyo,2026-12-28,2026-12-31,Domestic,Qantas,2813.12,INR,CONFIRMED
BKG000637,EMP00135,Lucas Silva,Human Resources, singapore ,Toronto,2026-09-01,2026-09-10,International,British Airways,3247.20,gbp,CONFIRMED
BKG000638,EMP00179,Priya Patel,Marketing,new york,LONDON,2026-06-14,2026-06-15,Domestic,British Airways,1672.74,INR,confirmed
BKG000639,EMP00127,  SOFIA MARTINEZ  ,Finance,tokyo,PARIS,2026-06-26,2026-07-02,International,Emirates,3834.39,USD,CONFIRMED
BKG000640,EMP00167,Ethan Brown,Engineering,PARIS, singapore ,2026-06-06,2026-06-08,International,Air India,2437.64,INR,CONFIRMED
BKG000641,EMP00293,Lucas Silva,Human Resources,Bengaluru,new york,2026-05-17,2026-05-18,International,Emirates,3417.97,USD,PENDING
BKG000642,EMP00342,Ethan Brown,Sales,San Francisco,tokyo,2026-12-20,2026-12-31,Domestic,Delta,1602.40,INR,PENDING
BKG000643,EMP00136,Noah Williams,Engineering,LONDON,Toronto,2026-04-14,2026-04-22,International,Air India,3402.78,USD,CONFIRMED
BKG000644,EMP00291,Emma Johnson,Operations,Toronto,PARIS,2026-10-24,2026-10-26,International,Air India,975.74,USD,PENDING
BKG000645,EMP00340,Lucas Silva,Operations,dubai,Toronto,2026-11-30,2026-12-14,International,Singapore Airlines,1810.40,GBP,PENDING
BKG000646,EMP00322,Aarav Sharma,Marketing,Bengaluru,Toronto,2026-11-16,2026-11-25,Domestic,Qantas,988.85,INR,CONFIRMED
BKG000647,EMP00268,Aarav Sharma,Finance,Sydney,tokyo,2026-05-18,2026-05-29,International,Qantas,722.79,EUR,CANCELLED
BKG000648,EMP00033,  PRIYA PATEL  ,Marketing,dubai,Bengaluru,2026-12-17,2026-12-30,Domestic,Air India,1209.09,GBP,PENDING
BKG000649,EMP00059,Sofia Martinez,Finance,dubai,San Francisco,2026-11-27,2026-11-30,Domestic,United Airlines,1121.99,GBP,pending
BKG000650,EMP00104,Aarav Sharma,Finance,Sydney,tokyo,2026-08-26,2026-09-03,International,Lufthansa,238.90,gbp,PENDING
BKG000651,EMP00011,Mia Anderson,Engineering, singapore ,new york,2026-12-04,2026-12-13,Domestic,British Airways,2574.53,USD,CANCELLED
BKG000652,EMP00121,Liam Chen,Engineering,LONDON,Bengaluru,2026-07-28,2026-08-03,Domestic,Delta,2145.52,USD,CANCELLED
BKG000653,EMP00200,Olivia Davis,Marketing,LONDON,tokyo,2026-05-02,2026-05-12,Domestic,Air India,1009.47,USD,PENDING
BKG000654,EMP00302,Noah Williams,Engineering,dubai,Sydney,2026-03-31,2026-04-04,International,British Airways,2974.44,USD,PENDING
BKG000655,EMP00143,Sofia Martinez,Finance,tokyo,Sydney,2026-06-12,2026-06-21,International,Qantas,3039.94,GBP,CANCELLED
BKG000656,EMP00344,Aarav Sharma,Finance,Toronto,new york,2026-01-11,2026-01-22,International,Air India,1381.82,GBP,CANCELLED
BKG000657,EMP00005,  LUCAS SILVA  ,Human Resources,Sydney,San Francisco,2026-12-17,2026-12-19,International,Delta,488.22,EUR,PENDING
BKG000658,EMP00330,Priya Patel,Human Resources, singapore ,Sydney,2026-06-02,2026-06-06,Domestic,Delta,3655.09,INR,CANCELLED
BKG000659,EMP00052,Lucas Silva,Finance,tokyo,PARIS,2026-08-30,2026-09-11,International,Emirates,1555.57,GBP,CANCELLED
BKG000660,EMP00323,Liam Chen,Human Resources,new york,LONDON,2026-08-21,2026-09-02,Domestic,United Airlines,1754.70,GBP,cancelled
BKG000661,EMP00265,Sofia Martinez,Marketing,LONDON, singapore ,2026-06-10,2026-06-20,Domestic,Air India,3353.98,GBP,CONFIRMED
BKG000662,EMP00168,Olivia Davis,Sales, singapore ,PARIS,2026-08-20,2026-08-28,Domestic,Emirates,1811.15,EUR,CONFIRMED
BKG000663,EMP00286,Aarav Sharma,Marketing,Toronto,San Francisco,2026-07-21,2026-07-28,Domestic,Emirates,4094.44,eur,CONFIRMED
BKG000664,EMP00220,Olivia Davis,Operations, singapore ,new york,2026-05-15,2026-05-27,International,Lufthansa,483.37,GBP,PENDING
BKG000665,EMP00223,Ethan Brown,Human Resources,LONDON,new york,2026-03-29,2026-04-08,International,Emirates,1035.89,EUR,CANCELLED
BKG000666,EMP00196,  MIA ANDERSON  ,Finance,dubai,PARIS,2026-04-08,2026-04-22,International,Singapore Airlines,2568.34,GBP,CANCELLED
BKG000667,EMP00015,Liam Chen,Sales,tokyo, singapore ,2026-12-13,2026-12-17,International,Singapore Airlines,2640.14,EUR,PENDING
BKG000668,EMP00069,Mia Anderson,Sales,Bengaluru,LONDON,2026-07-09,2026-07-19,International,Singapore Airlines,3030.41,INR,CONFIRMED
BKG000669,EMP00027,Aarav Sharma,Sales,LONDON, singapore ,2026-11-02,2026-11-07,Domestic,Qantas,3825.56,USD,CANCELLED
BKG000670,EMP00344,Lucas Silva,Sales,Sydney,tokyo,2026-01-03,2026-01-08,Domestic,United Airlines,2488.39,GBP,PENDING
BKG000671,EMP00046,Liam Chen,Sales,Bengaluru,PARIS,2026-03-28,2026-04-06,International,Lufthansa,1182.46,GBP,pending
BKG000672,EMP00221,Priya Patel,Sales,Bengaluru,dubai,2026-01-23,2026-01-26,International,Delta,2229.25,INR,CANCELLED
BKG000673,EMP00028,Mia Anderson,Finance,Bengaluru, singapore ,2026-03-26,2026-04-01,Domestic,United Airlines,1057.83,USD,CANCELLED
BKG000674,EMP00254,Emma Johnson,Engineering, singapore ,Sydney,2026-08-29,2026-09-03,International,British Airways,4154.38,INR,PENDING
BKG000675,EMP00048,  PRIYA PATEL  ,Finance,LONDON,San Francisco,2026-08-23,2026-08-31,International,Lufthansa,3526.61,GBP,CONFIRMED
BKG000676,EMP00270,Aarav Sharma,Operations,Toronto,San Francisco,2026-10-16,2026-10-27,Domestic,Air India,3875.29,eur,CANCELLED
BKG000677,EMP00349,Noah Williams,Marketing,LONDON,tokyo,2026-09-13,2026-09-24,Domestic,Air India,1644.12,USD,CONFIRMED
BKG000678,EMP00233,Mia Anderson,Marketing,new york, singapore ,2026-06-15,2026-06-18,International,United Airlines,1464.06,USD,PENDING
BKG000679,EMP00067,Olivia Davis,Finance,Bengaluru,PARIS,2026-12-02,2026-12-12,Domestic,Delta,1438.54,USD,CANCELLED
BKG000680,EMP00131,Lucas Silva,Finance,Toronto,tokyo,2026-02-06,2026-02-15,Domestic,Air India,483.89,EUR,CONFIRMED
BKG000681,EMP00062,Liam Chen,Sales,tokyo,dubai,2026-03-25,2026-04-01,International,Air India,3122.43,GBP,CANCELLED
BKG000682,EMP00189,Emma Johnson,Operations, singapore ,tokyo,2026-12-17,2026-12-27,Domestic,Qantas,1937.41,INR,cancelled
BKG000683,EMP00189,Lucas Silva,Operations,Toronto,tokyo,2026-09-01,2026-09-06,Domestic,Air India,2693.20,USD,CONFIRMED
BKG000684,EMP00332,  SOFIA MARTINEZ  ,Marketing,PARIS,Sydney,2026-01-21,2026-01-30,Domestic,Qantas,2271.30,USD,CANCELLED
BKG000685,EMP00077,Noah Williams,Finance,tokyo,LONDON,2026-05-29,2026-06-06,International,Singapore Airlines,2254.22,GBP,PENDING
BKG000686,EMP00056,Ethan Brown,Operations,Sydney,LONDON,2026-10-19,2026-10-20,International,Air India,505.50,GBP,CONFIRMED
BKG000687,EMP00059,Aarav Sharma,Marketing,Toronto,LONDON,2026-07-01,2026-07-06,International,Lufthansa,3327.60,INR,CANCELLED
BKG000688,EMP00233,Olivia Davis,Marketing,tokyo,dubai,2026-01-24,2026-01-26,International,Delta,1512.64,EUR,PENDING
BKG000689,EMP00223,Emma Johnson,Operations,LONDON,PARIS,2026-04-19,2026-04-22,Domestic,United Airlines,1731.33,usd,CANCELLED
BKG000690,EMP00337,Lucas Silva,Marketing,Bengaluru,Sydney,2026-03-29,2026-04-09,International,Delta,2643.48,GBP,CANCELLED
BKG000691,EMP00070,Liam Chen,Engineering,tokyo,dubai,2026-12-20,2026-12-31,Domestic,Emirates,3449.15,EUR,CONFIRMED
BKG000692,EMP00224,Sofia Martinez,Marketing,Bengaluru, singapore ,2026-01-14,2026-01-18,Domestic,Emirates,1347.74,INR,CANCELLED
BKG000693,EMP00079,  LIAM CHEN  ,Marketing,tokyo,new york,2026-03-17,2026-03-25,International,Qantas,2043.68,INR,confirmed
BKG000694,EMP00027,Lucas Silva,Sales,San Francisco,PARIS,2026-10-27,2026-10-31,Domestic,Emirates,2692.07,INR,CANCELLED
BKG000695,EMP00250,Aarav Sharma,Human Resources,Bengaluru,Toronto,2026-08-01,2026-08-15,International,Qantas,1066.18,USD,PENDING
BKG000696,EMP00138,Emma Johnson,Marketing,tokyo,PARIS,2026-09-28,2026-09-29,International,Qantas,597.12,GBP,CANCELLED
BKG000697,EMP00099,Noah Williams,Human Resources,tokyo,new york,2026-08-18,2026-08-30,International,Qantas,1066.98,EUR,CONFIRMED
BKG000698,EMP00200,Noah Williams,Human Resources,PARIS,Sydney,2026-10-28,2026-11-08,International,Qantas,3383.00,EUR,CONFIRMED
BKG000699,EMP00067,Mia Anderson,Finance,dubai,LONDON,2026-11-15,2026-11-19,Domestic,Lufthansa,2591.46,USD,CANCELLED
BKG000700,EMP00025,Ethan Brown,Engineering,dubai,San Francisco,2026-08-01,2026-08-09,International,Delta,1576.74,EUR,CONFIRMED
BKG000701,EMP00221,Priya Patel,Engineering,Sydney,new york,2026-03-31,2026-04-14,Domestic,Emirates,2412.88,INR,CONFIRMED
BKG000702,EMP00078,  NOAH WILLIAMS  ,Marketing,PARIS,new york,2026-05-13,2026-05-19,Domestic,United Airlines,3900.66,inr,CANCELLED
BKG000703,EMP00053,Olivia Davis,Operations,LONDON, singapore ,2026-08-23,2026-09-06,Domestic,Emirates,801.55,USD,CANCELLED
BKG000704,EMP00260,Mia Anderson,Human Resources, singapore ,PARIS,2026-04-16,2026-04-22,Domestic,Lufthansa,2760.14,GBP,cancelled
BKG000705,EMP00126,Aarav Sharma,Human Resources,San Francisco,Sydney,2026-03-12,2026-03-14,International,Delta,2180.49,USD,PENDING
BKG000706,EMP00078,Sofia Martinez,Operations,tokyo,PARIS,2026-05-17,2026-05-23,International,Singapore Airlines,683.02,INR,CANCELLED
BKG000707,EMP00016,Priya Patel,Human Resources,Bengaluru,Toronto,2026-07-31,2026-08-07,Domestic,United Airlines,3047.91,USD,CANCELLED
BKG000708,EMP00032,Lucas Silva,Human Resources,PARIS,Bengaluru,2026-02-13,2026-02-19,Domestic,Lufthansa,3802.25,USD,CONFIRMED
BKG000709,EMP00349,Lucas Silva,Marketing,Sydney,dubai,2026-11-20,2026-12-02,International,British Airways,3829.66,USD,PENDING
BKG000710,EMP00229,Lucas Silva,Marketing,Toronto, singapore ,2026-05-24,2026-06-02,Domestic,Qantas,2965.68,INR,CANCELLED
BKG000711,EMP00200,  PRIYA PATEL  ,Marketing,LONDON,new york,2026-04-12,2026-04-17,Domestic,Delta,992.04,GBP,CANCELLED
BKG000712,EMP00304,Ethan Brown,Sales, singapore ,new york,2026-09-24,2026-09-30,Domestic,Delta,3084.16,USD,CONFIRMED
BKG000713,EMP00182,Ethan Brown,Engineering,PARIS,dubai,2026-01-31,2026-02-14,Domestic,Emirates,1950.85,USD,CANCELLED
BKG000714,EMP00180,Sofia Martinez,Sales,San Francisco,Toronto,2026-08-21,2026-08-27,International,Lufthansa,3034.55,EUR,CANCELLED
BKG000715,EMP00051,Mia Anderson,Finance,Sydney,San Francisco,2026-02-23,2026-03-01,International,Air India,454.34,usd,pending
BKG000716,EMP00190,Emma Johnson,Marketing,Bengaluru,San Francisco,2026-08-06,2026-08-09,International,Air India,3677.82,INR,PENDING
BKG000717,EMP00084,Lucas Silva,Finance,Bengaluru,Sydney,2026-11-22,2026-11-29,Domestic,Qantas,3021.49,EUR,CANCELLED
BKG000718,EMP00234,Sofia Martinez,Human Resources,Sydney,LONDON,2026-12-27,2027-01-05,Domestic,Lufthansa,3971.80,GBP,CANCELLED
BKG000719,EMP00293,Priya Patel,Sales,tokyo,LONDON,2026-03-02,2026-03-12,Domestic,Lufthansa,600.39,GBP,CONFIRMED
BKG000720,EMP00073,  LIAM CHEN  ,Operations,dubai,Sydney,2026-07-11,2026-07-16,International,United Airlines,3942.23,GBP,CONFIRMED
BKG000721,EMP00281,Emma Johnson,Sales, singapore ,Sydney,2026-05-26,2026-05-30,Domestic,United Airlines,1823.71,GBP,CONFIRMED
BKG000722,EMP00068,Olivia Davis,Finance,PARIS,Bengaluru,2026-10-17,2026-10-25,International,Qantas,2842.26,EUR,PENDING
BKG000723,EMP00203,Sofia Martinez,Sales,Toronto,tokyo,2026-06-16,2026-06-18,Domestic,Qantas,3122.52,USD,PENDING
BKG000724,EMP00330,Emma Johnson,Operations,new york,PARIS,2026-03-26,2026-04-07,Domestic,Singapore Airlines,4017.09,USD,CANCELLED
BKG000725,EMP00062,Aarav Sharma,Marketing,San Francisco,Sydney,2026-10-19,2026-10-28,Domestic,United Airlines,1241.85,EUR,CANCELLED
BKG000726,EMP00311,Ethan Brown,Sales,Toronto,Bengaluru,2026-05-06,2026-05-20,International,United Airlines,2125.21,USD,confirmed
BKG000727,EMP00163,Ethan Brown,Human Resources, singapore ,Bengaluru,2026-06-24,2026-07-01,International,Emirates,587.75,USD,CONFIRMED
BKG000728,EMP00046,Noah Williams,Finance,dubai, singapore ,2026-10-05,2026-10-08,International,Air India,2888.72,usd,CONFIRMED
BKG000729,EMP00153,  AARAV SHARMA  ,Human Resources, singapore ,new york,2026-11-11,2026-11-17,Domestic,British Airways,701.24,GBP,CANCELLED
BKG000730,EMP00306,Sofia Martinez,Operations,LONDON,new york,2026-05-13,2026-05-20,Domestic,Qantas,2195.17,INR,CONFIRMED
BKG000731,EMP00209,Ethan Brown,Engineering,new york,tokyo,2026-02-28,2026-03-05,International,United Airlines,1782.57,EUR,PENDING
BKG000732,EMP00334,Ethan Brown,Finance,Sydney,LONDON,2026-01-10,2026-01-15,International,Air India,1939.61,EUR,CONFIRMED
BKG000733,EMP00217,Ethan Brown,Operations,Sydney, singapore ,2026-03-14,2026-03-20,International,United Airlines,124.08,INR,CONFIRMED
BKG000734,EMP00140,Mia Anderson,Operations, singapore ,new york,2026-11-14,2026-11-19,International,Air India,4196.91,EUR,CONFIRMED
BKG000735,EMP00274,Liam Chen,Operations,Sydney,dubai,2026-10-27,2026-11-10,Domestic,Delta,486.04,USD,CONFIRMED
BKG000736,EMP00313,Sofia Martinez,Operations,Sydney,dubai,2026-03-13,2026-03-25,International,British Airways,2711.49,INR,PENDING
BKG000737,EMP00307,Mia Anderson,Sales,PARIS,tokyo,2026-05-20,2026-05-24,Domestic,Lufthansa,2757.49,USD,confirmed
BKG000738,EMP00212,  LIAM CHEN  ,Operations,new york,LONDON,2026-11-08,2026-11-16,International,Air India,2315.58,USD,CANCELLED
BKG000739,EMP00308,Lucas Silva,Sales,Bengaluru,LONDON,2026-10-03,2026-10-04,International,Lufthansa,3543.71,USD,PENDING
BKG000740,EMP00114,Aarav Sharma,Marketing,PARIS,San Francisco,2026-03-05,2026-03-13,Domestic,Delta,2896.66,GBP,PENDING
BKG000741,EMP00120,Sofia Martinez,Human Resources,Toronto,dubai,2026-04-09,2026-04-11,International,United Airlines,1265.49,eur,CANCELLED
BKG000742,EMP00257,Olivia Davis,Human Resources,tokyo,LONDON,2026-01-04,2026-01-08,Domestic,Singapore Airlines,2812.14,EUR,PENDING
BKG000743,EMP00292,Noah Williams,Finance, singapore ,LONDON,2026-02-03,2026-02-13,International,Singapore Airlines,3578.48,USD,CONFIRMED
BKG000744,EMP00233,Ethan Brown,Engineering,Sydney,dubai,2026-12-21,2027-01-01,International,United Airlines,3603.75,GBP,CANCELLED
BKG000745,EMP00239,Ethan Brown,Human Resources,tokyo,dubai,2026-08-10,2026-08-24,International,United Airlines,3725.91,EUR,CONFIRMED
BKG000746,EMP00003,Priya Patel,Human Resources,tokyo,Toronto,2026-01-25,2026-01-30,Domestic,British Airways,453.78,USD,PENDING
BKG000747,EMP00085,  SOFIA MARTINEZ  ,Sales,tokyo,LONDON,2026-04-26,2026-05-08,International,Emirates,2674.06,USD,CONFIRMED
BKG000748,EMP00129,Priya Patel,Finance,tokyo,new york,2026-01-15,2026-01-23,Domestic,Qantas,1092.51,GBP,cancelled
BKG000749,EMP00308,Emma Johnson,Operations,PARIS,Toronto,2026-01-28,2026-02-11,International,Emirates,2671.42,USD,CONFIRMED
BKG000750,EMP00066,Emma Johnson,Engineering,new york,Bengaluru,2026-02-13,2026-02-14,International,United Airlines,1350.00,INR,PENDING
BKG000751,EMP00196,Noah Williams,Human Resources,new york,Toronto,2026-02-03,2026-02-05,Domestic,Air India,1071.10,USD,CONFIRMED
BKG000752,EMP00052,Olivia Davis,Sales,Bengaluru,tokyo,2026-08-21,2026-08-28,Domestic,Qantas,2230.23,EUR,CANCELLED
BKG000753,EMP00294,Sofia Martinez,Finance,new york, singapore ,2026-02-25,2026-02-27,International,British Airways,1837.71,INR,CANCELLED
BKG000754,EMP00160,Liam Chen,Operations, singapore ,new york,2026-04-06,2026-04-10,International,British Airways,1389.65,eur,CONFIRMED
BKG000755,EMP00005,Priya Patel,Operations,dubai,tokyo,2026-03-17,2026-03-25,Domestic,United Airlines,1088.54,USD,PENDING
BKG000756,EMP00036,  SOFIA MARTINEZ  ,Sales,San Francisco,dubai,2026-08-05,2026-08-11,Domestic,Qantas,2954.71,INR,CANCELLED
BKG000757,EMP00215,Noah Williams,Sales,PARIS,tokyo,2026-11-04,2026-11-16,Domestic,Emirates,1973.55,USD,CANCELLED
BKG000758,EMP00239,Sofia Martinez,Operations,new york,dubai,2026-09-11,2026-09-15,Domestic,Singapore Airlines,2081.44,GBP,CANCELLED
BKG000759,EMP00006,Priya Patel,Engineering,tokyo, singapore ,2026-07-12,2026-07-16,International,United Airlines,2383.14,EUR,confirmed
BKG000760,EMP00102,Aarav Sharma,Finance,San Francisco,tokyo,2026-05-29,2026-06-06,International,Lufthansa,1013.30,GBP,CONFIRMED
BKG000761,EMP00012,Sofia Martinez,Finance,Sydney,San Francisco,2026-03-31,2026-04-06,International,Emirates,205.65,EUR,CONFIRMED
BKG000762,EMP00234,Noah Williams,Finance,LONDON,tokyo,2026-07-14,2026-07-25,International,British Airways,2816.51,INR,CONFIRMED
BKG000763,EMP00099,Sofia Martinez,Operations,LONDON,San Francisco,2026-12-31,2027-01-02,International,British Airways,1417.24,INR,CONFIRMED
BKG000764,EMP00077,Noah Williams,Sales,new york,dubai,2026-11-22,2026-11-26,Domestic,United Airlines,2688.19,GBP,CANCELLED
BKG000765,EMP00241,  EMMA JOHNSON  ,Marketing,Sydney,Bengaluru,2026-03-06,2026-03-20,Domestic,Lufthansa,2195.14,GBP,CONFIRMED
BKG000766,EMP00270,Priya Patel,Marketing,Bengaluru, singapore ,2026-09-13,2026-09-22,International,Qantas,2052.93,INR,PENDING
BKG000767,EMP00104,Sofia Martinez,Human Resources,Toronto,new york,2026-11-23,2026-12-06,Domestic,Air India,1011.86,inr,CONFIRMED
BKG000768,EMP00044,Ethan Brown,Finance, singapore ,tokyo,2026-07-13,2026-07-23,Domestic,Delta,1933.58,GBP,PENDING
BKG000769,EMP00173,Olivia Davis,Human Resources,new york,Sydney,2026-04-28,2026-05-08,International,Qantas,1884.62,GBP,CANCELLED
BKG000770,EMP00227,Liam Chen,Finance,dubai,Bengaluru,2026-09-12,2026-09-18,International,Emirates,1585.10,USD,confirmed
BKG000771,EMP00142,Emma Johnson,Finance,Sydney,Toronto,2026-05-31,2026-06-14,Domestic,Emirates,411.10,USD,CANCELLED
BKG000772,EMP00129,Priya Patel,Sales,PARIS,San Francisco,2026-10-07,2026-10-11,International,Singapore Airlines,2999.02,EUR,CANCELLED
BKG000773,EMP00207,Priya Patel,Human Resources,new york,PARIS,2026-10-06,2026-10-11,Domestic,Qantas,2788.69,EUR,PENDING
BKG000774,EMP00265,  SOFIA MARTINEZ  ,Operations,San Francisco,dubai,2026-07-23,2026-07-27,International,Qantas,1509.89,USD,PENDING
BKG000775,EMP00108,Lucas Silva,Human Resources,San Francisco,Bengaluru,2026-06-10,2026-06-24,International,United Airlines,1648.78,EUR,CANCELLED
BKG000776,EMP00174,Priya Patel,Finance,new york,Sydney,2026-06-06,2026-06-18,International,Air India,2917.91,INR,CANCELLED
BKG000777,EMP00291,Aarav Sharma,Engineering,dubai,tokyo,2026-12-20,2026-12-29,Domestic,Lufthansa,4107.15,GBP,CANCELLED
BKG000778,EMP00201,Sofia Martinez,Engineering,Toronto,tokyo,2026-10-18,2026-10-29,International,Singapore Airlines,2057.09,GBP,PENDING
BKG000779,EMP00346,Emma Johnson,Operations,dubai,LONDON,2026-10-19,2026-10-27,Domestic,United Airlines,3492.02,INR,CONFIRMED
BKG000780,EMP00106,Noah Williams,Finance,San Francisco,LONDON,2026-01-14,2026-01-17,International,Emirates,1975.03,gbp,PENDING
BKG000781,EMP00081,Lucas Silva,Engineering, singapore ,tokyo,2026-09-23,2026-09-24,Domestic,Air India,2071.26,USD,pending
BKG000782,EMP00222,Noah Williams,Marketing,San Francisco, singapore ,2026-07-19,2026-08-02,International,Lufthansa,2583.13,GBP,CONFIRMED
BKG000783,EMP00004,  SOFIA MARTINEZ  ,Finance,Sydney,Bengaluru,2026-10-28,2026-11-01,International,Emirates,3484.30,EUR,PENDING
BKG000784,EMP00295,Mia Anderson,Engineering,Toronto,Bengaluru,2026-09-27,2026-10-03,Domestic,Delta,2756.90,INR,PENDING
BKG000785,EMP00213,Liam Chen,Finance,dubai,Bengaluru,2026-06-27,2026-07-09,Domestic,Air India,1987.94,EUR,CANCELLED
BKG000786,EMP00123,Aarav Sharma,Finance,LONDON,Bengaluru,2026-12-24,2027-01-03,International,Delta,2839.96,USD,CANCELLED
BKG000787,EMP00063,Ethan Brown,Sales,San Francisco,Sydney,2026-12-24,2027-01-05,Domestic,Emirates,2177.93,GBP,PENDING
BKG000788,EMP00023,Ethan Brown,Human Resources, singapore ,PARIS,2026-07-29,2026-08-06,Domestic,Emirates,2726.58,INR,CONFIRMED
BKG000789,EMP00006,Aarav Sharma,Sales,tokyo,San Francisco,2026-07-15,2026-07-21,Domestic,Lufthansa,1454.61,INR,PENDING
BKG000790,EMP00225,Sofia Martinez,Finance,LONDON, singapore ,2026-09-06,2026-09-14,International,Delta,3553.58,EUR,CANCELLED
BKG000791,EMP00274,Emma Johnson,Marketing,LONDON,San Francisco,2026-01-10,2026-01-20,International,Lufthansa,436.55,USD,PENDING
BKG000792,EMP00111,  LIAM CHEN  ,Marketing, singapore ,Sydney,2026-12-13,2026-12-18,Domestic,Singapore Airlines,1923.60,USD,pending
BKG000793,EMP00228,Noah Williams,Engineering,Sydney,LONDON,2026-11-22,2026-12-05,Domestic,United Airlines,3271.43,eur,PENDING
BKG000794,EMP00216,Aarav Sharma,Engineering,San Francisco,dubai,2026-05-08,2026-05-14,Domestic,British Airways,3467.75,USD,CONFIRMED
BKG000795,EMP00263,Lucas Silva,Engineering, singapore ,San Francisco,2026-04-23,2026-04-25,International,British Airways,2413.18,EUR,CONFIRMED
BKG000796,EMP00119,Emma Johnson,Finance,Sydney,tokyo,2026-11-16,2026-11-20,Domestic,British Airways,1439.34,USD,PENDING
BKG000797,EMP00235,Sofia Martinez,Finance,PARIS,new york,2026-07-25,2026-08-05,Domestic,Delta,2771.78,GBP,PENDING
BKG000798,EMP00256,Olivia Davis,Engineering,San Francisco,Bengaluru,2026-01-23,2026-01-25,Domestic,Delta,4032.86,GBP,PENDING
BKG000799,EMP00326,Liam Chen,Marketing,tokyo, singapore ,2026-11-20,2026-12-02,International,Qantas,395.46,USD,PENDING
BKG000800,EMP00258,Sofia Martinez,Operations,Bengaluru,tokyo,2026-11-08,2026-11-18,Domestic,Singapore Airlines,206.55,USD,CANCELLED
BKG000801,EMP00031,  EMMA JOHNSON  ,Finance,tokyo,San Francisco,2026-06-08,2026-06-12,International,Qantas,1330.19,EUR,CANCELLED
BKG000802,EMP00228,Olivia Davis,Marketing,new york,dubai,2026-07-12,2026-07-16,International,Lufthansa,1254.76,USD,CANCELLED
BKG000803,EMP00170,Sofia Martinez,Sales,tokyo,dubai,2026-09-24,2026-10-07,Domestic,Singapore Airlines,2320.39,EUR,confirmed
BKG000804,EMP00094,Priya Patel,Human Resources,San Francisco,Bengaluru,2026-12-18,2026-12-30,Domestic,Emirates,3669.06,USD,CANCELLED
BKG000805,EMP00089,Emma Johnson,Operations, singapore ,dubai,2026-04-09,2026-04-10,Domestic,Singapore Airlines,2190.29,INR,CONFIRMED
BKG000806,EMP00091,Lucas Silva,Operations, singapore ,dubai,2026-08-28,2026-09-02,Domestic,Delta,1284.24,inr,CONFIRMED
BKG000807,EMP00204,Priya Patel,Human Resources,dubai,Sydney,2026-11-22,2026-11-26,Domestic,Qantas,1920.81,INR,CONFIRMED
BKG000808,EMP00043,Lucas Silva,Sales,Bengaluru,new york,2026-03-21,2026-04-04,Domestic,Lufthansa,1169.75,INR,PENDING
BKG000809,EMP00247,Olivia Davis,Engineering,dubai,Bengaluru,2026-06-06,2026-06-14,International,Lufthansa,3036.64,EUR,CANCELLED
BKG000810,EMP00252,  PRIYA PATEL  ,Human Resources,new york,LONDON,2026-03-21,2026-03-25,International,Air India,4079.61,GBP,CANCELLED
BKG000811,EMP00064,Aarav Sharma,Human Resources,dubai,LONDON,2026-07-16,2026-07-24,Domestic,Singapore Airlines,3232.84,GBP,PENDING
BKG000812,EMP00334,Aarav Sharma,Human Resources,Bengaluru,PARIS,2026-06-28,2026-07-07,International,Singapore Airlines,1108.80,USD,CANCELLED
BKG000813,EMP00234,Olivia Davis,Marketing,new york,San Francisco,2026-07-05,2026-07-16,Domestic,Delta,1129.45,EUR,PENDING
BKG000814,EMP00042,Olivia Davis,Operations,LONDON,Bengaluru,2026-01-07,2026-01-09,Domestic,Air India,796.56,INR,pending
BKG000815,EMP00301,Lucas Silva,Sales,dubai,Toronto,2026-05-10,2026-05-22,International,Emirates,565.84,GBP,CANCELLED
BKG000816,EMP00004,Noah Williams,Finance,San Francisco,Bengaluru,2026-03-15,2026-03-20,International,United Airlines,515.23,INR,CANCELLED
BKG000817,EMP00192,Liam Chen,Finance,dubai,Bengaluru,2026-09-26,2026-10-03,Domestic,Singapore Airlines,2104.80,USD,CONFIRMED
BKG000818,EMP00094,Aarav Sharma,Finance,San Francisco, singapore ,2026-08-19,2026-08-29,International,Air India,1918.18,USD,CONFIRMED
BKG000819,EMP00064,  LUCAS SILVA  ,Sales,LONDON,PARIS,2026-11-22,2026-11-25,Domestic,British Airways,241.04,eur,CONFIRMED
BKG000820,EMP00004,Noah Williams,Marketing,LONDON,new york,2026-09-02,2026-09-10,Domestic,Emirates,981.16,USD,CONFIRMED
BKG000821,EMP00173,Mia Anderson,Operations,Sydney,dubai,2026-07-12,2026-07-22,International,British Airways,1632.80,GBP,PENDING
BKG000822,EMP00194,Lucas Silva,Operations,San Francisco,tokyo,2026-06-11,2026-06-25,Domestic,British Airways,3682.16,USD,CANCELLED
BKG000823,EMP00063,Olivia Davis,Operations,tokyo, singapore ,2026-01-02,2026-01-10,International,Singapore Airlines,1623.19,INR,CONFIRMED
BKG000824,EMP00009,Priya Patel,Marketing,San Francisco,new york,2026-09-21,2026-09-28,International,United Airlines,4075.96,GBP,CANCELLED
BKG000825,EMP00042,Olivia Davis,Sales,San Francisco,Sydney,2026-12-14,2026-12-22,International,Qantas,4146.44,USD,pending
BKG000826,EMP00267,Liam Chen,Operations,Toronto,San Francisco,2026-07-17,2026-07-22,Domestic,Lufthansa,2151.53,USD,CANCELLED
BKG000827,EMP00060,Mia Anderson,Human Resources,Sydney,Bengaluru,2026-06-04,2026-06-18,Domestic,Singapore Airlines,983.49,USD,CONFIRMED
BKG000828,EMP00144,  LUCAS SILVA  ,Finance,new york,San Francisco,2026-02-24,2026-03-03,International,Qantas,4002.14,USD,PENDING
BKG000829,EMP00115,Priya Patel,Operations,Sydney,Bengaluru,2026-12-07,2026-12-10,Domestic,British Airways,1658.20,INR,CONFIRMED
BKG000830,EMP00133,Sofia Martinez,Engineering,Sydney,tokyo,2026-12-01,2026-12-12,International,Emirates,574.44,GBP,CONFIRMED
BKG000831,EMP00195,Priya Patel,Operations,LONDON,tokyo,2026-10-31,2026-11-04,Domestic,Delta,372.49,EUR,CONFIRMED
BKG000832,EMP00267,Liam Chen,Marketing,PARIS,tokyo,2026-07-18,2026-07-25,Domestic,Emirates,1732.87,inr,CANCELLED
BKG000833,EMP00076,Mia Anderson,Operations,dubai,San Francisco,2026-06-11,2026-06-14,International,Lufthansa,3168.00,USD,PENDING
BKG000834,EMP00141,Emma Johnson,Marketing,dubai,Toronto,2026-11-03,2026-11-09,International,Singapore Airlines,2139.70,INR,CANCELLED
BKG000835,EMP00116,Sofia Martinez,Marketing,PARIS, singapore ,2026-01-31,2026-02-13,Domestic,Lufthansa,3615.66,INR,CANCELLED
BKG000836,EMP00173,Lucas Silva,Human Resources, singapore ,new york,2026-06-03,2026-06-17,International,British Airways,3211.47,INR,cancelled
BKG000837,EMP00281,  SOFIA MARTINEZ  ,Human Resources,dubai,PARIS,2026-02-06,2026-02-15,Domestic,Lufthansa,1439.55,USD,CANCELLED
BKG000838,EMP00227,Liam Chen,Marketing,Bengaluru, singapore ,2026-12-30,2027-01-04,International,Delta,3780.65,EUR,CANCELLED
BKG000839,EMP00053,Olivia Davis,Marketing,San Francisco,new york,2026-04-22,2026-05-05,Domestic,Air India,3997.62,INR,PENDING
BKG000840,EMP00243,Priya Patel,Finance, singapore ,new york,2026-12-14,2026-12-28,Domestic,Emirates,4119.53,GBP,CONFIRMED
BKG000841,EMP00061,Aarav Sharma,Finance, singapore ,Bengaluru,2026-10-31,2026-11-07,International,Qantas,1354.97,EUR,CONFIRMED
BKG000842,EMP00141,Lucas Silva,Marketing,tokyo,LONDON,2026-12-01,2026-12-13,International,British Airways,167.34,USD,PENDING
BKG000843,EMP00301,Aarav Sharma,Operations,Bengaluru,Toronto,2026-02-12,2026-02-14,International,Delta,2950.40,USD,CONFIRMED
BKG000844,EMP00153,Lucas Silva,Operations,tokyo,Sydney,2026-10-31,2026-11-03,Domestic,Emirates,1446.93,EUR,CANCELLED
BKG000845,EMP00272,Ethan Brown,Human Resources,new york,Bengaluru,2026-07-27,2026-08-10,Domestic,Emirates,3194.31,eur,CANCELLED
BKG000846,EMP00229,  ETHAN BROWN  ,Sales, singapore ,San Francisco,2026-12-04,2026-12-06,Domestic,United Airlines,645.57,EUR,CONFIRMED
BKG000847,EMP00044,Aarav Sharma,Engineering,LONDON,Toronto,2026-12-01,2026-12-04,International,British Airways,4062.41,EUR,pending
BKG000848,EMP00266,Aarav Sharma,Sales,new york,dubai,2026-08-05,2026-08-16,International,Lufthansa,2474.45,GBP,PENDING
BKG000849,EMP00051,Sofia Martinez,Marketing,Toronto,Sydney,2026-09-25,2026-10-01,Domestic,Singapore Airlines,269.87,EUR,CANCELLED
BKG000850,EMP00111,Ethan Brown,Operations,San Francisco, singapore ,2026-06-03,2026-06-17,International,Delta,644.25,INR,CANCELLED
BKG000851,EMP00205,Liam Chen,Human Resources,dubai,PARIS,2026-02-08,2026-02-17,Domestic,Delta,2880.22,EUR,PENDING
BKG000852,EMP00191,Sofia Martinez,Operations,LONDON,PARIS,2026-10-02,2026-10-06,Domestic,Air India,3472.00,GBP,CANCELLED
BKG000853,EMP00064,Noah Williams,Operations,new york,dubai,2026-08-11,2026-08-18,Domestic,Air India,389.11,USD,CONFIRMED
BKG000854,EMP00006,Noah Williams,Engineering,dubai, singapore ,2026-07-05,2026-07-11,International,Singapore Airlines,1664.82,USD,CONFIRMED
BKG000855,EMP00049,  MIA ANDERSON  ,Operations,Sydney,dubai,2026-03-05,2026-03-08,International,Delta,2370.29,USD,CANCELLED
BKG000856,EMP00348,Priya Patel,Operations,PARIS,Bengaluru,2026-01-25,2026-01-28,International,Qantas,2536.63,GBP,CONFIRMED
BKG000857,EMP00074,Liam Chen,Human Resources,Sydney, singapore ,2026-01-05,2026-01-16,International,United Airlines,3867.24,GBP,CANCELLED
BKG000858,EMP00094,Mia Anderson,Human Resources,San Francisco,Bengaluru,2026-12-29,2027-01-11,International,Qantas,2169.10,gbp,cancelled
BKG000859,EMP00157,Emma Johnson,Human Resources,San Francisco,PARIS,2026-08-08,2026-08-17,International,Emirates,2709.48,USD,CANCELLED
BKG000860,EMP00284,Noah Williams,Human Resources, singapore ,new york,2026-05-03,2026-05-05,Domestic,Air India,2882.29,EUR,CONFIRMED
BKG000861,EMP00208,Emma Johnson,Engineering,Sydney,Toronto,2026-09-03,2026-09-11,Domestic,United Airlines,3033.77,GBP,CANCELLED
BKG000862,EMP00087,Mia Anderson,Marketing,Sydney,new york,2026-05-06,2026-05-18,Domestic,Lufthansa,426.50,EUR,CANCELLED
BKG000863,EMP00088,Lucas Silva,Sales,new york,Bengaluru,2026-09-21,2026-09-27,Domestic,British Airways,3849.30,EUR,PENDING
BKG000864,EMP00151,  MIA ANDERSON  ,Sales,LONDON,PARIS,2026-10-04,2026-10-18,Domestic,United Airlines,3131.14,INR,PENDING
BKG000865,EMP00250,Olivia Davis,Engineering,Sydney,new york,2026-04-22,2026-04-27,International,United Airlines,2631.36,GBP,PENDING
BKG000866,EMP00206,Liam Chen,Sales,LONDON,new york,2026-06-02,2026-06-08,Domestic,Emirates,1877.68,EUR,PENDING
BKG000867,EMP00250,Emma Johnson,Engineering,Sydney, singapore ,2026-02-13,2026-02-22,Domestic,Delta,1042.47,INR,PENDING
BKG000868,EMP00138,Ethan Brown,Engineering,PARIS,Bengaluru,2026-07-11,2026-07-16,International,Qantas,780.28,GBP,CONFIRMED
BKG000869,EMP00146,Sofia Martinez,Engineering,PARIS,San Francisco,2026-08-11,2026-08-12,Domestic,Air India,1837.91,GBP,confirmed
BKG000870,EMP00061,Noah Williams,Human Resources,San Francisco,Sydney,2026-01-17,2026-01-20,International,Qantas,3383.27,EUR,CANCELLED
BKG000871,EMP00068,Lucas Silva,Engineering,tokyo,Toronto,2026-06-16,2026-06-29,Domestic,United Airlines,634.58,gbp,CANCELLED
BKG000872,EMP00220,Priya Patel,Operations,San Francisco,new york,2026-09-14,2026-09-15,Domestic,Air India,2079.19,GBP,CANCELLED
BKG000873,EMP00262,  LIAM CHEN  ,Finance,tokyo,San Francisco,2026-09-06,2026-09-08,Domestic,Delta,3248.25,GBP,CANCELLED
BKG000874,EMP00258,Emma Johnson,Operations,tokyo,San Francisco,2026-12-25,2026-12-29,Domestic,Singapore Airlines,4169.61,EUR,PENDING
BKG000875,EMP00099,Noah Williams,Finance, singapore ,Bengaluru,2026-04-28,2026-04-30,International,United Airlines,2635.19,USD,CONFIRMED
BKG000876,EMP00114,Sofia Martinez,Sales,tokyo,Toronto,2026-01-27,2026-02-03,International,Qantas,370.31,INR,PENDING
BKG000877,EMP00144,Priya Patel,Sales,dubai,LONDON,2026-11-26,2026-11-27,International,Singapore Airlines,1424.95,USD,PENDING
BKG000878,EMP00109,Priya Patel,Sales,new york,LONDON,2026-04-04,2026-04-05,International,Delta,3826.61,USD,CANCELLED
BKG000879,EMP00156,Priya Patel,Engineering,dubai,Sydney,2026-08-09,2026-08-12,Domestic,United Airlines,2906.48,EUR,PENDING
BKG000880,EMP00122,Priya Patel,Marketing,PARIS,Toronto,2026-06-19,2026-06-25,International,Singapore Airlines,2504.06,USD,cancelled
BKG000881,EMP00336,Olivia Davis,Finance,Toronto,LONDON,2026-02-24,2026-02-27,Domestic,Qantas,3896.04,USD,CONFIRMED
BKG000882,EMP00104,  MIA ANDERSON  ,Operations,PARIS,dubai,2026-10-07,2026-10-17,Domestic,United Airlines,641.55,INR,CANCELLED
BKG000883,EMP00230,Priya Patel,Marketing,dubai,Toronto,2026-10-09,2026-10-21,Domestic,Air India,396.25,INR,PENDING
BKG000884,EMP00067,Noah Williams,Sales,new york,San Francisco,2026-09-26,2026-10-05,Domestic,United Airlines,3361.11,eur,CANCELLED
BKG000885,EMP00225,Liam Chen,Operations,Sydney,Toronto,2026-07-23,2026-07-31,International,Air India,1755.46,GBP,CONFIRMED
BKG000886,EMP00304,Sofia Martinez,Marketing,new york,San Francisco,2026-04-16,2026-04-19,Domestic,Qantas,2175.58,GBP,CANCELLED
BKG000887,EMP00283,Noah Williams,Engineering,San Francisco,PARIS,2026-06-05,2026-06-19,Domestic,Singapore Airlines,306.10,EUR,CANCELLED
BKG000888,EMP00027,Noah Williams,Marketing, singapore ,PARIS,2026-05-30,2026-05-31,Domestic,Singapore Airlines,2301.15,USD,CONFIRMED
BKG000889,EMP00282,Emma Johnson,Sales,Toronto,PARIS,2026-11-29,2026-12-05,Domestic,Air India,3785.21,GBP,PENDING
BKG000890,EMP00091,Noah Williams,Sales,new york,tokyo,2026-06-16,2026-06-17,Domestic,Emirates,3068.22,INR,CONFIRMED
BKG000891,EMP00113,  MIA ANDERSON  ,Sales,Toronto,Sydney,2026-12-01,2026-12-06,International,Singapore Airlines,2493.19,INR,confirmed
BKG000892,EMP00246,Liam Chen,Engineering,San Francisco,Bengaluru,2026-03-21,2026-03-29,International,Lufthansa,1994.31,EUR,PENDING
BKG000893,EMP00011,Noah Williams,Sales,Bengaluru, singapore ,2026-04-07,2026-04-17,Domestic,Lufthansa,3455.40,EUR,CANCELLED
BKG000894,EMP00331,Mia Anderson,Human Resources,LONDON,Bengaluru,2026-02-05,2026-02-08,Domestic,Lufthansa,3085.20,USD,CONFIRMED
BKG000895,EMP00007,Emma Johnson,Marketing,tokyo,Bengaluru,2026-11-05,2026-11-07,Domestic,Lufthansa,1133.24,USD,CONFIRMED
BKG000896,EMP00278,Emma Johnson,Marketing,Toronto,new york,2026-05-18,2026-05-21,International,Emirates,945.47,INR,CONFIRMED
BKG000897,EMP00080,Mia Anderson,Finance, singapore ,PARIS,2026-10-16,2026-10-24,Domestic,Delta,2680.14,usd,PENDING
BKG000898,EMP00053,Noah Williams,Operations,new york, singapore ,2026-01-11,2026-01-25,International,Lufthansa,124.94,EUR,CANCELLED
BKG000899,EMP00336,Priya Patel,Sales,tokyo,Bengaluru,2026-01-13,2026-01-17,Domestic,Air India,2922.01,USD,CONFIRMED
BKG000900,EMP00183,  NOAH WILLIAMS  ,Engineering,LONDON,dubai,2026-09-09,2026-09-12,International,Emirates,1590.81,USD,CONFIRMED
BKG000901,EMP00172,Ethan Brown,Operations, singapore ,San Francisco,2026-01-23,2026-02-02,Domestic,Air India,732.90,GBP,PENDING
BKG000902,EMP00256,Noah Williams,Marketing,dubai,tokyo,2026-11-16,2026-11-30,International,Delta,3427.74,USD,confirmed
BKG000903,EMP00200,Liam Chen,Human Resources, singapore ,San Francisco,2026-01-02,2026-01-16,International,Emirates,581.71,INR,PENDING
BKG000904,EMP00198,Liam Chen,Sales,LONDON,tokyo,2026-05-23,2026-05-26,International,Qantas,1849.23,INR,CONFIRMED
BKG000905,EMP00197,Sofia Martinez,Human Resources,PARIS, singapore ,2026-11-05,2026-11-18,International,Qantas,2292.50,EUR,CANCELLED
BKG000906,EMP00113,Olivia Davis,Marketing,Toronto,tokyo,2026-07-16,2026-07-18,Domestic,Singapore Airlines,1595.77,EUR,CANCELLED
BKG000907,EMP00031,Emma Johnson,Sales,Sydney,Bengaluru,2026-01-09,2026-01-15,International,Lufthansa,1322.36,EUR,CONFIRMED
BKG000908,EMP00071,Aarav Sharma,Engineering,San Francisco,dubai,2026-10-10,2026-10-17,Domestic,Air India,3110.97,INR,CONFIRMED
BKG000909,EMP00081,  OLIVIA DAVIS  ,Engineering,LONDON, singapore ,2026-07-10,2026-07-11,Domestic,British Airways,696.41,EUR,PENDING
BKG000910,EMP00241,Liam Chen,Marketing,Toronto,tokyo,2026-02-09,2026-02-10,Domestic,Delta,2038.35,gbp,CONFIRMED
BKG000911,EMP00031,Liam Chen,Marketing,new york,PARIS,2026-08-16,2026-08-29,Domestic,Lufthansa,2173.45,USD,CONFIRMED
BKG000912,EMP00293,Noah Williams,Operations,tokyo,Sydney,2026-07-22,2026-08-05,International,Singapore Airlines,1848.57,EUR,CANCELLED
BKG000913,EMP00206,Sofia Martinez,Operations,Sydney,tokyo,2026-05-20,2026-05-22,Domestic,Singapore Airlines,1720.55,USD,confirmed
BKG000914,EMP00195,Lucas Silva,Finance,Bengaluru,PARIS,2026-12-21,2026-12-29,Domestic,British Airways,2758.32,EUR,CANCELLED
BKG000915,EMP00172,Olivia Davis,Engineering,LONDON, singapore ,2026-05-19,2026-05-21,Domestic,Delta,784.06,USD,PENDING
BKG000916,EMP00283,Sofia Martinez,Finance,Toronto,new york,2026-02-03,2026-02-07,Domestic,Singapore Airlines,1218.21,USD,PENDING
BKG000917,EMP00048,Priya Patel,Sales,Bengaluru,new york,2026-10-16,2026-10-29,Domestic,British Airways,3186.85,INR,CONFIRMED
BKG000918,EMP00067,  PRIYA PATEL  ,Marketing,PARIS,Bengaluru,2026-09-14,2026-09-18,Domestic,British Airways,1781.73,USD,CANCELLED
BKG000919,EMP00245,Lucas Silva,Operations, singapore ,new york,2026-09-15,2026-09-28,Domestic,Delta,777.79,INR,CANCELLED
BKG000920,EMP00083,Liam Chen,Operations,LONDON,dubai,2026-02-10,2026-02-21,International,Qantas,3324.24,GBP,CONFIRMED
BKG000921,EMP00123,Lucas Silva,Finance,Toronto,tokyo,2026-05-29,2026-06-04,Domestic,Lufthansa,2432.96,INR,CONFIRMED
BKG000922,EMP00045,Ethan Brown,Human Resources,new york,San Francisco,2026-02-19,2026-03-04,Domestic,Qantas,1399.97,GBP,PENDING
BKG000923,EMP00037,Emma Johnson,Finance,dubai,tokyo,2026-03-24,2026-03-26,International,Delta,4143.46,gbp,PENDING
BKG000924,EMP00021,Mia Anderson,Sales, singapore ,LONDON,2026-08-15,2026-08-26,International,Air India,1788.86,EUR,cancelled
BKG000925,EMP00350,Emma Johnson,Human Resources,Sydney,PARIS,2026-08-14,2026-08-20,International,Delta,3699.83,USD,PENDING
BKG000926,EMP00005,Ethan Brown,Finance,new york,dubai,2026-11-14,2026-11-25,Domestic,Delta,1653.35,INR,CANCELLED
BKG000927,EMP00179,  EMMA JOHNSON  ,Human Resources,tokyo,Sydney,2026-02-07,2026-02-11,International,Qantas,565.21,EUR,CANCELLED
BKG000928,EMP00034,Priya Patel,Sales,tokyo,San Francisco,2026-02-25,2026-03-04,International,Qantas,987.55,INR,PENDING
BKG000929,EMP00241,Liam Chen,Finance,Bengaluru,new york,2026-02-28,2026-03-05,Domestic,British Airways,2438.28,INR,CANCELLED
BKG000930,EMP00028,Sofia Martinez,Finance,PARIS,Bengaluru,2026-02-01,2026-01-30,Domestic,Air India,1220.98,EUR,PENDING
BKG000931,EMP00153,Emma Johnson,Marketing,LONDON,PARIS,2026-02-12,2026-02-10,International,Air India,2261.09,GBP,PENDING
BKG000932,EMP00153,Priya Patel,Finance,new york, singapore ,2026-04-05,2026-04-03,Domestic,British Airways,3963.12,INR,PENDING
BKG000933,EMP00200,Olivia Davis,Engineering, singapore ,Bengaluru,2026-09-01,2026-08-30,Domestic,Emirates,3068.71,EUR,PENDING
BKG000934,EMP00076,Mia Anderson,Human Resources,PARIS,new york,2026-06-15,2026-06-13,International,Emirates,3351.43,INR,CONFIRMED
BKG000935,EMP00328,Mia Anderson,Operations,new york,Sydney,2026-05-15,2026-05-24,Domestic,United Airlines,1011.98,EUR,confirmed
BKG000936,EMP00111,  LUCAS SILVA  ,Sales,Sydney, singapore ,2026-08-04,2026-08-16,Domestic,Singapore Airlines,4084.72,usd,CANCELLED
BKG000937,EMP00258,Noah Williams,Engineering,PARIS,new york,2026-07-09,2026-07-23,International,Qantas,1809.34,GBP,PENDING
BKG000938,EMP00059,Priya Patel,Finance,Sydney,tokyo,2026-06-30,2026-07-14,International,Air India,1642.34,EUR,CANCELLED
BKG000939,EMP00325,Lucas Silva,Sales,tokyo,dubai,2026-10-05,2026-10-12,Domestic,Emirates,3408.23,USD,CANCELLED
BKG000940,EMP00320,Mia Anderson,Operations,new york,Bengaluru,2026-99-42,2026-02-26,Domestic,Qantas,2173.72,USD,CONFIRMED
BKG000941,EMP00283,Mia Anderson,Human Resources,tokyo,San Francisco,2026-99-42,2026-12-13,Domestic,Singapore Airlines,3613.88,USD,CONFIRMED
BKG000942,EMP00004,Lucas Silva,Sales,Bengaluru,tokyo,2026-99-42,2026-07-12,Domestic,Delta,1211.85,GBP,CANCELLED
BKG000943,EMP00017,Lucas Silva,Engineering,tokyo,San Francisco,2026-99-42,2026-06-21,Domestic,Lufthansa,3345.28,GBP,CONFIRMED
BKG000944,EMP00201,Ethan Brown,Finance,Toronto,tokyo,2026-99-42,2026-06-24,International,United Airlines,3389.43,INR,CONFIRMED
BKG000945,EMP00265,  PRIYA PATEL  ,Finance,tokyo, singapore ,2026-03-07,2026-03-18,International,Singapore Airlines,526.28,EUR,PENDING
BKG000946,EMP00284,Noah Williams,Finance,Toronto,tokyo,2026-09-16,2026-09-18,International,Singapore Airlines,500.48,USD,cancelled
BKG000947,EMP00279,Olivia Davis,Engineering,Toronto, singapore ,2026-08-12,2026-08-13,International,United Airlines,3148.75,EUR,CONFIRMED
BKG000948,EMP00153,Sofia Martinez,Finance,PARIS, singapore ,2026-08-21,2026-09-01,Domestic,Air India,3263.20,USD,CONFIRMED
BKG000949,EMP00053,Olivia Davis,Engineering, singapore ,new york,2026-05-21,2026-05-23,International,Emirates,556.87,gbp,CANCELLED
BKG000950,EMP00107,Priya Patel,Human Resources,LONDON, singapore ,2026-05-15,2026-05-18,Domestic,Qantas,3365.40,INR,APPROVED
BKG000951,EMP00193,Lucas Silva,Sales,LONDON,dubai,2026-02-07,2026-02-15,International,Lufthansa,853.61,USD,APPROVED
BKG000952,EMP00178,Priya Patel,Human Resources,Toronto,new york,2026-04-02,2026-04-13,Domestic,Lufthansa,2248.73,GBP,APPROVED
BKG000953,EMP00266,Aarav Sharma,Operations,Toronto,new york,2026-03-04,2026-03-08,Domestic,Singapore Airlines,3656.85,USD,APPROVED
BKG000954,EMP00065,  EMMA JOHNSON  ,Sales,PARIS, singapore ,2026-04-22,2026-04-23,International,Qantas,932.89,USD,APPROVED
BKG000955,EMP00224,Mia Anderson,Operations,Sydney,dubai,2026-06-28,2026-07-10,International,Singapore Airlines,1140.38,EUR,PENDING
BKG000956,EMP00301,Olivia Davis,Sales,dubai,Bengaluru,2026-12-18,2027-01-01,Domestic,Singapore Airlines,4011.35,INR,CONFIRMED
BKG000957,EMP00056,Olivia Davis,Operations,tokyo,dubai,2026-08-10,2026-08-18,International,Air India,934.86,GBP,pending
BKG000958,EMP00262,Aarav Sharma,Sales,LONDON,Sydney,2026-07-11,2026-07-22,International,Delta,2583.84,GBP,CONFIRMED
BKG000959,EMP00096,Lucas Silva,Sales,LONDON,San Francisco,2026-07-23,2026-07-24,Domestic,Emirates,997.95,GBP,PENDING
BKG000960,EMP00006,Priya Patel,Marketing,PARIS,LONDON,2026-07-10,2026-07-13,International,Singapore Airlines,-50.00,GBP,CONFIRMED
BKG000961,EMP00109,Olivia Davis,Operations,LONDON,Bengaluru,2026-04-30,2026-05-09,Domestic,Emirates,-50.00,USD,PENDING
BKG000962,EMP00102,Priya Patel,Finance,tokyo,Bengaluru,2026-10-21,2026-11-01,Domestic,Qantas,-50.00,gbp,PENDING
BKG000963,EMP00168,  OLIVIA DAVIS  ,Operations,LONDON,Sydney,2026-08-04,2026-08-06,International,Singapore Airlines,-50.00,GBP,CONFIRMED
BKG000964,EMP00068,Noah Williams,Human Resources,Toronto,new york,2026-01-10,2026-01-21,Domestic,United Airlines,-50.00,USD,PENDING
BKG000965,EMP00141,Noah Williams,Sales,LONDON,Bengaluru,2026-02-05,2026-02-13,International,Air India,445.45,GBP,CANCELLED
BKG000966,EMP00253,Mia Anderson,Marketing,new york,Bengaluru,2026-09-10,2026-09-20,Domestic,British Airways,3945.83,USD,PENDING
BKG000967,EMP00166,Emma Johnson,Marketing,new york,LONDON,2026-01-15,2026-01-19,International,Singapore Airlines,814.38,EUR,CONFIRMED
BKG000968,EMP00133,Aarav Sharma,Engineering,Sydney,new york,2026-07-08,2026-07-22,Domestic,United Airlines,3984.35,USD,cancelled
BKG000969,EMP00071,Liam Chen,Operations,Toronto,tokyo,2026-05-16,2026-05-22,International,Emirates,635.26,EUR,PENDING
BKG000970,EMP00268,   ,Operations,tokyo,Sydney,2026-10-27,2026-11-10,Domestic,Qantas,2817.98,GBP,CANCELLED
BKG000971,EMP00152,   ,Marketing,Bengaluru,San Francisco,2026-06-14,2026-06-27,Domestic,British Airways,2398.74,EUR,CONFIRMED
BKG000972,EMP00031,   ,Finance,San Francisco,LONDON,2026-12-04,2026-12-15,Domestic,Singapore Airlines,2030.05,INR,CONFIRMED
BKG000973,EMP00271,   ,Operations,LONDON,tokyo,2026-04-07,2026-04-15,International,Delta,3010.73,EUR,CONFIRMED
BKG000974,EMP00232,   ,Operations, singapore ,dubai,2026-09-16,2026-09-18,Domestic,Air India,886.85,GBP,PENDING
BKG000975,EMP00055,Mia Anderson,Marketing,dubai,LONDON,2026-08-05,2026-08-08,Domestic,Singapore Airlines,187.68,inr,CONFIRMED
BKG000976,EMP00232,Ethan Brown,Sales,new york,Sydney,2026-04-06,2026-04-11,International,Emirates,3901.87,USD,CANCELLED
BKG000977,EMP00221,Ethan Brown,Operations,San Francisco, singapore ,2026-07-01,2026-07-08,International,United Airlines,1920.67,GBP,PENDING
BKG000978,EMP00097,Noah Williams,Human Resources,tokyo,Bengaluru,2026-02-20,2026-02-21,Domestic,Delta,2280.62,INR,CONFIRMED
BKG000979,EMP00057,Sofia Martinez,Finance,LONDON,new york,2026-09-23,2026-09-30,Domestic,United Airlines,3771.84,GBP,cancelled
BKG000980,,Sofia Martinez,Marketing,Sydney,LONDON,2026-05-03,2026-05-05,International,Air India,1722.97,EUR,PENDING
BKG000981,,  SOFIA MARTINEZ  ,Marketing,Bengaluru,San Francisco,2026-12-21,2026-12-26,International,Delta,3114.24,USD,CONFIRMED
BKG000982,,Noah Williams,Finance,Toronto,Bengaluru,2026-04-05,2026-04-14,International,Emirates,799.91,GBP,CANCELLED
BKG000983,,Priya Patel,Finance,new york,Sydney,2026-08-22,2026-08-25,International,Emirates,816.56,USD,PENDING
BKG000984,,Sofia Martinez,Engineering,Bengaluru,new york,2026-11-01,2026-11-07,Domestic,United Airlines,2434.45,GBP,PENDING
BKG000985,EMP00052,Emma Johnson,Sales,Sydney, singapore ,2026-04-27,2026-05-06,International,Qantas,2121.90,GBP,CONFIRMED
BKG000986,EMP00007,Mia Anderson,Sales,Bengaluru,dubai,2026-10-07,2026-10-12,International,British Airways,3756.80,INR,PENDING
BKG000987,EMP00113,Lucas Silva,Marketing,Sydney,new york,2026-02-27,2026-03-04,Domestic,British Airways,2151.16,EUR,CONFIRMED
BKG000988,EMP00100,Emma Johnson,Human Resources,tokyo,PARIS,2026-10-23,2026-11-04,Domestic,Delta,3698.75,inr,CONFIRMED
BKG000989,EMP00302,Lucas Silva,Human Resources,dubai,tokyo,2026-09-27,2026-09-30,International,Delta,897.54,GBP,PENDING
BKG000101,EMP00148,  PRIYA PATEL  ,Engineering,tokyo,Sydney,2026-11-10,2026-11-12,Domestic,Qantas,3903.11,EUR,cancelled
BKG000102,EMP00286,Olivia Davis,Marketing, singapore ,Toronto,2026-08-27,2026-09-07,Domestic,Delta,2106.25,USD,PENDING
BKG000103,EMP00304,Noah Williams,Engineering,Bengaluru,new york,2026-05-31,2026-06-01,Domestic,Qantas,1367.75,INR,CONFIRMED
BKG000104,EMP00180,Liam Chen,Sales,new york,LONDON,2026-06-30,2026-07-11,Domestic,Emirates,3029.84,EUR,PENDING
BKG000105,EMP00017,Sofia Martinez,Human Resources,Toronto,LONDON,2026-04-11,2026-04-18,International,Singapore Airlines,3431.77,INR,PENDING
BKG000995,EMP00160,Olivia Davis,Finance,LONDON,PARIS,2026-08-05,2026-08-12,International,British Airways,3401.87,EUR,PENDING
BKG000996,EMP00284,Lucas Silva,Finance,San Francisco,PARIS,2026-12-16,2026-12-29,International,Delta,469.24,INR,CONFIRMED
BKG000997,EMP00270,Liam Chen,Human Resources,tokyo,Bengaluru,2026-10-07,2026-10-10,International,British Airways,2030.99,INR,CONFIRMED
BKG000998,EMP00014,Ethan Brown,Human Resources,tokyo,Sydney,2026-08-27,2026-09-03,Domestic,Lufthansa,2630.05,GBP,CONFIRMED
BKG000999,EMP00279,  OLIVIA DAVIS  ,Operations,Sydney,PARIS,2026-05-05,2026-05-15,International,United Airlines,3201.77,INR,CONFIRMED
BKG001000,EMP00028,Mia Anderson,Engineering,new york,Sydney,2026-03-06,2026-03-13,Domestic,Delta,3505.97,USD,CANCELLED
