booking_id,employee_id,employee_name,department,origin_city,destination_city,travel_date,return_date,travel_type,airline,ticket_price,currency,booking_status
BKG100001,EMP00259,Emma Johnson,Human Resources,new york,Sydney,2026-09-30,2026-10-06,International,Qantas,1151.46,EUR,cancelled
BKG100002,EMP00063,Emma Johnson,Operations,dubai,Toronto,2026-09-29,2026-10-12,International,British Airways,1981.26,INR,PENDING
BKG100003,EMP00013,Liam Chen,Sales, singapore ,Bengaluru,2026-09-24,2026-10-07,Domestic,Singapore Airlines,3180.24,INR,CANCELLED
BKG100004,EMP00338,Emma Johnson,Human Resources,new york,tokyo,2026-09-16,2026-09-19,Domestic,Qantas,2811.34,EUR,CANCELLED
BKG100005,EMP00115,Olivia Davis,Finance,LONDON,tokyo,2026-09-16,2026-09-30,International,British Airways,1592.28,GBP,CANCELLED
BKG100006,EMP00127,Lucas Silva,Operations,Sydney,LONDON,2026-09-26,2026-10-02,Domestic,Air India,210.57,GBP,CONFIRMED
BKG100007,EMP00280,Isabella Rossi,Sales,Bengaluru,Toronto,2026-09-21,2026-10-01,Domestic,United Airlines,3376.19,GBP,PENDING
BKG100008,EMP00235,  AARAV SHARMA  ,Sales,dubai,Toronto,2026-09-27,2026-10-03,Domestic,Singapore Airlines,3217.82,EUR,CANCELLED
BKG100009,EMP00147,Isabella Rossi,Engineering,San Francisco,Bengaluru,2026-09-30,2026-10-01,Domestic,Air India,148.00,usd,CANCELLED
BKG100010,EMP00144,Isabella Rossi,Engineering,PARIS,LONDON,2026-09-21,2026-09-25,Domestic,Emirates,568.50,GBP,PENDING
BKG100011,EMP00192,Noah Williams,Engineering, singapore ,PARIS,2026-09-25,2026-10-03,International,British Airways,3685.51,USD,CONFIRMED
BKG100012,EMP00227,Priya Patel,Engineering,PARIS,tokyo,2026-09-14,2026-09-20,International,British Airways,3863.78,USD,cancelled
BKG100013,EMP00308,Liam Chen,Finance,LONDON, singapore ,2026-09-12,2026-09-26,International,United Airlines,434.83,GBP,CONFIRMED
BKG100014,EMP00160,Mia Anderson,Marketing,dubai, singapore ,2026-09-27,2026-10-03,Domestic,Delta,3226.88,USD,CANCELLED
BKG100015,EMP00266,Noah Williams,Marketing,tokyo,Bengaluru,2026-09-24,2026-10-01,International,Singapore Airlines,2323.06,INR,CONFIRMED
BKG100016,EMP00290,Mia Anderson,Sales,PARIS,San Francisco,2026-09-17,2026-09-29,International,British Airways,3072.03,GBP,CONFIRMED
BKG100017,EMP00291,  MIA ANDERSON  ,Engineering,new york, singapore ,2026-09-19,2026-09-30,Domestic,Lufthansa,3796.41,GBP,CONFIRMED
BKG100018,EMP00060,Lucas Silva,Engineering,Toronto,Bengaluru,2026-09-15,2026-09-23,Domestic,Lufthansa,3671.04,USD,PENDING
BKG100019,EMP00031,Arjun Nair,Finance,LONDON,new york,2026-09-27,2026-09-29,Domestic,Delta,1569.51,USD,CONFIRMED
BKG100020,EMP00097,Ethan Brown,Sales,new york,Bengaluru,2026-09-28,2026-10-03,Domestic,Lufthansa,2524.65,INR,PENDING
BKG100021,EMP00247,Aarav Sharma,Engineering,PARIS,Bengaluru,2026-09-16,2026-09-29,International,United Airlines,949.10,GBP,CONFIRMED
BKG100022,EMP00025,Olivia Davis,Engineering,dubai,Sydney,2026-09-25,2026-09-29,Domestic,Delta,993.47,eur,CANCELLED
BKG100023,EMP00312,Aarav Sharma,Marketing,tokyo,dubai,2026-09-14,2026-09-21,International,United Airlines,2374.35,GBP,pending
BKG100024,EMP00085,Noah Williams,Engineering,dubai,Bengaluru,2026-09-18,2026-09-23,Domestic,Singapore Airlines,2400.36,INR,CANCELLED
BKG100025,EMP00307,Ethan Brown,Marketing,Bengaluru,PARIS,2026-09-24,2026-09-29,Domestic,Qantas,266.31,GBP,CONFIRMED
BKG100026,EMP00212,  ETHAN BROWN  ,Human Resources,tokyo,Sydney,2026-09-18,2026-09-22,International,Qantas,2432.43,USD,PENDING
BKG100027,EMP00031,Olivia Davis,Sales,LONDON,PARIS,2026-09-26,2026-10-09,International,Delta,3919.10,EUR,CANCELLED
BKG100028,EMP00341,Ethan Brown,Operations,PARIS, singapore ,2026-09-19,2026-09-24,Domestic,Air India,3295.02,INR,CONFIRMED
BKG100029,EMP00235,Ethan Brown,Engineering,LONDON,PARIS,2026-09-13,2026-09-14,Domestic,Lufthansa,3976.87,GBP,CANCELLED
BKG100030,EMP00124,Priya Patel,Human Resources,PARIS,LONDON,2026-09-12,2026-09-17,International,British Airways,3903.34,GBP,CONFIRMED
BKG100031,EMP00107,Ethan Brown,Finance,tokyo,Sydney,2026-09-13,2026-09-18,Domestic,Emirates,2535.03,USD,PENDING
BKG100032,EMP00283,Sofia Martinez,Finance,tokyo,LONDON,2026-09-20,2026-09-24,Domestic,Emirates,4079.18,INR,CANCELLED
BKG100033,EMP00294,Isabella Rossi,Marketing,dubai,San Francisco,2026-09-16,2026-09-30,Domestic,Lufthansa,1783.30,USD,CANCELLED
BKG100034,EMP00238,Lucas Silva,Human Resources,tokyo,dubai,2026-09-20,2026-09-29,International,Emirates,991.23,GBP,pending
BKG100035,EMP00008,  LIAM CHEN  ,Operations,LONDON,PARIS,2026-09-28,2026-10-03,Domestic,Delta,4191.50,usd,PENDING
BKG100036,EMP00022,Sofia Martinez,Sales,San Francisco,tokyo,2026-09-23,2026-09-30,Domestic,United Airlines,2247.69,INR,CANCELLED
BKG100037,EMP00318,Arjun Nair,Human Resources,LONDON,tokyo,2026-09-30,2026-10-11,International,Qantas,1537.10,GBP,PENDING
BKG100038,EMP00330,Sofia Martinez,Operations, singapore ,PARIS,2026-09-15,2026-09-19,Domestic,British Airways,4045.66,INR,CONFIRMED
BKG100039,EMP00059,Mia Anderson,Engineering,San Francisco,Sydney,2026-09-29,2026-10-05,Domestic,Qantas,2460.49,INR,CONFIRMED
BKG100040,EMP00062,Olivia Davis,Operations,PARIS,LONDON,2026-09-21,2026-09-27,International,Qantas,3537.77,USD,PENDING
BKG100041,EMP00044,Noah Williams,Finance,dubai,Sydney,2026-09-26,2026-10-02,International,Lufthansa,3524.00,USD,CONFIRMED
BKG100042,EMP00029,Noah Williams,Finance, singapore ,LONDON,2026-09-19,2026-09-30,International,Lufthansa,230.76,EUR,PENDING
BKG100043,EMP00101,Arjun Nair,Engineering,San Francisco,tokyo,2026-09-20,2026-09-21,Domestic,Qantas,2321.72,INR,CANCELLED
BKG100044,EMP00240,  OLIVIA DAVIS  ,Marketing,tokyo,dubai,2026-10-02,2026-10-06,International,Emirates,2043.49,EUR,CONFIRMED
BKG100045,EMP00209,Priya Patel,Sales,LONDON,San Francisco,2026-09-15,2026-09-26,International,United Airlines,1697.42,GBP,confirmed
BKG100046,EMP00308,Liam Chen,Marketing,PARIS,tokyo,2026-09-29,2026-10-02,International,Emirates,1943.95,INR,CANCELLED
BKG100047,EMP00263,Ethan Brown,Finance,dubai,tokyo,2026-09-20,2026-10-01,International,Air India,4039.62,GBP,CANCELLED
BKG100048,EMP00349,Mia Anderson,Operations,PARIS,Sydney,2026-10-01,2026-10-12,Domestic,Singapore Airlines,2997.31,gbp,CANCELLED
BKG100049,EMP00039,Olivia Davis,Engineering,Sydney,LONDON,2026-09-16,2026-09-24,Domestic,Emirates,1708.72,EUR,CONFIRMED
BKG100050,EMP00208,Mia Anderson,Engineering,dubai,new york,2026-09-26,2026-10-04,International,British Airways,1398.19,GBP,PENDING
BKG100051,EMP00072,Mia Anderson,Marketing,San Francisco,Sydney,2026-09-16,2026-09-20,Domestic,Delta,3671.06,EUR,PENDING
BKG100052,EMP00006,Olivia Davis,Human Resources,Bengaluru,LONDON,2026-09-19,2026-09-29,International,Lufthansa,4188.74,EUR,CANCELLED
BKG100053,EMP00101,  NOAH WILLIAMS  ,Marketing,San Francisco, singapore ,2026-09-27,2026-10-02,International,United Airlines,3665.91,EUR,PENDING
BKG100054,EMP00339,Noah Williams,Finance,new york,Bengaluru,2026-09-17,2026-09-24,International,British Airways,2616.42,INR,CONFIRMED
BKG100055,EMP00082,Isabella Rossi,Engineering,Sydney,new york,2026-09-17,2026-09-24,Domestic,Emirates,2371.09,INR,CONFIRMED
BKG100056,EMP00225,Lucas Silva,Human Resources,tokyo,Sydney,2026-09-24,2026-09-28,Domestic,British Airways,3763.22,GBP,cancelled
BKG100057,EMP00113,Priya Patel,Human Resources,Sydney,LONDON,2026-09-27,2026-10-06,Domestic,United Airlines,3165.04,INR,CONFIRMED
BKG100058,EMP00300,Arjun Nair,Human Resources,PARIS,dubai,2026-10-02,2026-10-03,International,United Airlines,969.90,GBP,CANCELLED
BKG100059,EMP00018,Priya Patel,Finance,LONDON,Sydney,2026-09-14,2026-09-28,Domestic,Delta,2069.61,EUR,PENDING
BKG100060,EMP00094,Mia Anderson,Human Resources, singapore ,Bengaluru,2026-09-23,2026-10-07,International,Emirates,1967.90,GBP,CANCELLED
BKG100061,EMP00317,Ethan Brown,Engineering,Bengaluru,PARIS,2026-09-25,2026-09-27,International,United Airlines,628.43,gbp,CONFIRMED
BKG100062,EMP00335,  ETHAN BROWN  ,Engineering,new york,tokyo,2026-09-11,2026-09-24,Domestic,Delta,274.23,GBP,CANCELLED
BKG100063,EMP00150,Olivia Davis,Sales,PARIS,LONDON,2026-09-22,2026-10-02,International,Lufthansa,1817.68,EUR,CANCELLED
BKG100064,EMP00053,Mia Anderson,Finance,Sydney,tokyo,2026-09-13,2026-09-27,Domestic,Delta,2316.90,EUR,PENDING
BKG100065,EMP00284,Priya Patel,Sales,Toronto,LONDON,2026-09-19,2026-09-25,International,Lufthansa,2687.40,EUR,CONFIRMED
BKG100066,EMP00159,Isabella Rossi,Engineering,new york, singapore ,2026-09-23,2026-09-24,International,Emirates,1090.65,USD,CANCELLED
BKG100067,EMP00338,Lucas Silva,Finance,new york,Sydney,2026-09-24,2026-10-04,International,Emirates,2289.08,EUR,confirmed
BKG100068,EMP00265,Olivia Davis,Engineering,tokyo,Toronto,2026-09-18,2026-09-21,International,Air India,1005.62,INR,PENDING
BKG100069,EMP00123,Noah Williams,Marketing,new york, singapore ,2026-09-17,2026-09-21,International,Emirates,3125.40,USD,PENDING
BKG100070,EMP00046,Arjun Nair,Operations,Sydney,PARIS,2026-09-24,2026-09-30,Domestic,British Airways,844.71,GBP,CANCELLED
BKG100071,EMP00311,  AARAV SHARMA  ,Engineering,Toronto,dubai,2026-09-24,2026-10-01,Domestic,Singapore Airlines,427.96,GBP,PENDING
BKG100072,EMP00231,Noah Williams,Sales,Bengaluru, singapore ,2026-09-23,2026-09-30,International,Emirates,929.26,INR,CONFIRMED
BKG100073,EMP00126,Olivia Davis,Marketing,new york,San Francisco,2026-09-24,2026-09-25,Domestic,Singapore Airlines,1193.27,USD,CANCELLED
BKG100074,EMP00059,Isabella Rossi,Operations,Toronto,LONDON,2026-09-22,2026-10-03,International,British Airways,1351.49,inr,CONFIRMED
BKG100075,EMP00274,Olivia Davis,Operations,PARIS,Sydney,2026-10-02,2026-10-15,Domestic,Lufthansa,3318.92,GBP,CANCELLED
BKG100076,EMP00304,Lucas Silva,Marketing,PARIS,LONDON,2026-09-16,2026-09-20,International,Air India,3260.05,USD,CANCELLED
BKG100077,EMP00222,Mia Anderson,Engineering,tokyo,PARIS,2026-09-18,2026-10-01,International,Air India,1215.15,EUR,CANCELLED
BKG100078,EMP00039,Emma Johnson,Sales,tokyo,Sydney,2026-09-28,2026-10-04,Domestic,Air India,4135.13,INR,pending
BKG100079,EMP00166,Mia Anderson,Engineering,San Francisco,tokyo,2026-09-27,2026-10-02,International,Emirates,593.63,INR,CONFIRMED
BKG100080,EMP00066,  MIA ANDERSON  ,Sales,Toronto,new york,2026-09-18,2026-10-01,International,Lufthansa,3937.14,USD,PENDING
BKG100081,EMP00141,Sofia Martinez,Marketing,San Francisco,PARIS,2026-09-28,2026-10-11,Domestic,British Airways,1755.38,EUR,CONFIRMED
BKG100082,EMP00243,Aarav Sharma,Finance,Toronto,Bengaluru,2026-09-14,2026-09-25,Domestic,Lufthansa,2401.88,INR,CANCELLED
BKG100083,EMP00166,Olivia Davis,Finance,LONDON,new york,2026-09-11,2026-09-18,International,Lufthansa,1115.92,USD,PENDING
BKG100084,EMP00278,Sofia Martinez,Engineering,Bengaluru, singapore ,2026-09-11,2026-09-21,Domestic,British Airways,3749.43,GBP,CANCELLED
BKG100085,EMP00310,Sofia Martinez,Engineering,LONDON,new york,2026-09-12,2026-09-20,Domestic,United Airlines,2371.20,GBP,CANCELLED
BKG100086,EMP00081,Mia Anderson,Engineering,tokyo,San Francisco,2026-09-15,2026-09-28,Domestic,British Airways,2015.89,USD,CONFIRMED
BKG100087,EMP00164,Aarav Sharma,Finance,LONDON,dubai,2026-09-23,2026-09-26,International,Air India,3441.48,usd,CONFIRMED
BKG100088,EMP00076,Isabella Rossi,Operations,dubai,Toronto,2026-09-28,2026-10-10,International,Emirates,3034.29,EUR,CONFIRMED
BKG100089,EMP00031,  NOAH WILLIAMS  ,Human Resources,Toronto, singapore ,2026-09-21,2026-09-23,Domestic,Qantas,1976.10,USD,pending
BKG100090,EMP00221,Noah Williams,Operations,dubai, singapore ,2026-09-14,2026-09-17,Domestic,Emirates,149.20,EUR,CONFIRMED
BKG100091,EMP00018,Olivia Davis,Operations,LONDON,Toronto,2026-09-20,2026-09-26,Domestic,Singapore Airlines,3866.42,USD,CANCELLED
BKG100092,EMP00088,Sofia Martinez,Engineering,LONDON,Sydney,2026-10-02,2026-10-11,Domestic,United Airlines,4127.92,USD,CANCELLED
BKG100093,EMP00157,Aarav Sharma,Engineering, singapore ,PARIS,2026-09-23,2026-10-04,International,Air India,2501.03,USD,PENDING
BKG100094,EMP00159,Sofia Martinez,Operations,Sydney,Bengaluru,2026-10-02,2026-10-04,International,Air India,1863.20,GBP,CANCELLED
BKG100095,EMP00021,Isabella Rossi,Sales,new york,Toronto,2026-09-25,2026-10-05,Domestic,Lufthansa,3313.18,EUR,CONFIRMED
BKG100096,EMP00317,Ethan Brown,Sales,tokyo,LONDON,2026-09-13,2026-09-25,International,United Airlines,127.31,USD,PENDING
BKG100097,EMP00294,Aarav Sharma,Finance,tokyo,dubai,2026-09-28,2026-10-06,International,Singapore Airlines,3845.44,EUR,CANCELLED
BKG100098,EMP00321,  ARJUN NAIR  ,Finance,Bengaluru,new york,2026-09-13,2026-09-17,International,Emirates,442.11,GBP,CANCELLED
BKG100099,EMP00245,Aarav Sharma,Human Resources,new york, singapore ,2026-09-28,2026-10-01,Domestic,Lufthansa,2038.85,INR,CONFIRMED
BKG100100,EMP00025,Ethan Brown,Human Resources,PARIS,Toronto,2026-09-30,2026-10-01,Domestic,British Airways,973.99,gbp,pending
BKG100101,EMP00313,Liam Chen,Operations,Toronto,Bengaluru,2026-09-28,2026-09-30,Domestic,Singapore Airlines,206.81,EUR,CANCELLED
BKG100102,EMP00218,Aarav Sharma,Finance,LONDON,tokyo,2026-09-13,2026-09-20,International,Air India,3197.66,GBP,PENDING
BKG100103,EMP00347,Sofia Martinez,Human Resources, singapore ,Toronto,2026-09-21,2026-10-04,Domestic,Qantas,3304.49,EUR,CONFIRMED
BKG100104,EMP00105,Mia Anderson,Human Resources,San Francisco,new york,2026-09-16,2026-09-21,International,United Airlines,2959.54,INR,CONFIRMED
BKG100105,EMP00231,Noah Williams,Engineering,tokyo,San Francisco,2026-09-29,2026-10-04,International,Air India,1494.05,INR,CANCELLED
BKG100106,EMP00194,Noah Williams,Operations, singapore ,tokyo,2026-09-23,2026-09-26,Domestic,United Airlines,2693.53,INR,CONFIRMED
BKG100107,EMP00013,  ISABELLA ROSSI  ,Operations,dubai,PARIS,2026-09-11,2026-09-15,International,United Airlines,2887.22,GBP,PENDING
BKG100108,EMP00280,Priya Patel,Human Resources,tokyo, singapore ,2026-09-17,2026-09-20,International,Singapore Airlines,2259.05,INR,CONFIRMED
BKG100109,EMP00225,Sofia Martinez,Finance,PARIS, singapore ,2026-09-29,2026-10-08,International,Emirates,1107.79,INR,CONFIRMED
BKG100110,EMP00086,Ethan Brown,Sales,LONDON,Toronto,2026-10-02,2026-10-07,International,Singapore Airlines,778.95,INR,CANCELLED
BKG100111,EMP00147,Lucas Silva,Sales,San Francisco, singapore ,2026-09-17,2026-09-25,International,Air India,1906.05,INR,pending
BKG100112,EMP00165,Liam Chen,Engineering,new york,tokyo,2026-09-28,2026-10-01,International,British Airways,306.05,GBP,CONFIRMED
BKG100113,EMP00088,Lucas Silva,Sales,dubai,LONDON,2026-09-16,2026-09-17,Domestic,Delta,2708.14,usd,PENDING
BKG100114,EMP00278,Mia Anderson,Sales,Sydney,LONDON,2026-09-14,2026-09-24,International,Emirates,595.11,EUR,CONFIRMED
BKG100115,EMP00048,Noah Williams,Operations,tokyo,Toronto,2026-09-26,2026-09-30,Domestic,Air India,1035.19,INR,CONFIRMED
BKG100116,EMP00123,  ISABELLA ROSSI  ,Engineering,Sydney,PARIS,2026-09-18,2026-09-25,Domestic,Qantas,1349.02,INR,PENDING
BKG100117,EMP00041,Isabella Rossi,Finance,LONDON,PARIS,2026-09-19,2026-09-22,Domestic,United Airlines,1788.12,USD,PENDING
BKG100118,EMP00041,Sofia Martinez,Sales,Sydney,Toronto,2026-09-16,2026-09-25,International,Lufthansa,2065.91,EUR,PENDING
BKG100119,EMP00005,Olivia Davis,Finance,dubai,LONDON,2026-09-11,2026-09-20,International,Singapore Airlines,2217.10,GBP,CANCELLED
BKG100120,EMP00064,Liam Chen,Engineering,PARIS,new york,2026-09-12,2026-09-23,Domestic,Lufthansa,3267.83,USD,PENDING
BKG100121,EMP00114,Aarav Sharma,Sales,new york,tokyo,2026-09-23,2026-09-28,International,Delta,2024.47,INR,CANCELLED
BKG100122,EMP00170,Lucas Silva,Finance,Toronto,new york,2026-09-12,2026-09-17,Domestic,Emirates,2133.22,EUR,pending
BKG100123,EMP00346,Aarav Sharma,Marketing, singapore ,Toronto,2026-09-12,2026-09-25,Domestic,Air India,1793.70,EUR,PENDING
BKG100124,EMP00086,Priya Patel,Engineering,dubai,San Francisco,2026-09-21,2026-09-29,International,Delta,1269.78,INR,PENDING
BKG100125,EMP00265,  SOFIA MARTINEZ  ,Marketing,Sydney,dubai,2026-09-17,2026-09-20,Domestic,Lufthansa,1326.62,INR,CONFIRMED
BKG100126,EMP00215,Liam Chen,Finance,Bengaluru, singapore ,2026-09-13,2026-09-25,International,United Airlines,798.39,gbp,CONFIRMED
BKG100127,EMP00151,Ethan Brown,Engineering,San Francisco,Sydney,2026-09-14,2026-09-18,Domestic,British Airways,1471.13,EUR,CONFIRMED
BKG100128,EMP00217,Sofia Martinez,Engineering,tokyo, singapore ,2026-09-26,2026-10-07,International,United Airlines,216.47,EUR,PENDING
BKG100129,EMP00250,Noah Williams,Marketing,PARIS,Bengaluru,2026-09-16,2026-09-18,Domestic,Lufthansa,385.93,USD,CANCELLED
BKG100130,EMP00318,Olivia Davis,Human Resources,Bengaluru,Toronto,2026-09-28,2026-10-01,International,Delta,3546.27,GBP,CANCELLED
BKG100131,EMP00109,Arjun Nair,Sales,San Francisco,LONDON,2026-09-11,2026-09-24,Domestic,Singapore Airlines,1043.13,USD,CONFIRMED
BKG100132,EMP00190,Emma Johnson,Finance,new york,tokyo,2026-09-24,2026-10-03,Domestic,Delta,894.52,GBP,CANCELLED
BKG100133,EMP00184,Mia Anderson,Marketing,San Francisco, singapore ,2026-09-12,2026-09-26,International,Lufthansa,3418.83,INR,cancelled
BKG100134,EMP00190,  LIAM CHEN  ,Marketing,PARIS,tokyo,2026-10-02,2026-10-10,International,Air India,853.40,INR,CANCELLED
BKG100135,EMP00125,Mia Anderson,Operations,Sydney,San Francisco,2026-09-19,2026-10-01,International,Delta,2579.55,INR,CANCELLED
BKG100136,EMP00294,Liam Chen,Sales,Bengaluru,Sydney,2026-09-24,2026-10-06,Domestic,Lufthansa,257.80,EUR,CANCELLED
BKG100137,EMP00093,Liam Chen,Marketing,PARIS,LONDON,2026-09-18,2026-09-22,Domestic,Singapore Airlines,4178.63,USD,CANCELLED
BKG100138,EMP00016,Isabella Rossi,Finance,new york,dubai,2026-09-11,2026-09-18,Domestic,Emirates,4048.89,USD,PENDING
BKG100139,EMP00062,Aarav Sharma,Sales,Sydney,new york,2026-09-27,2026-10-05,International,United Airlines,4178.34,inr,CONFIRMED
BKG100140,EMP00326,Liam Chen,Sales,San Francisco,tokyo,2026-09-20,2026-09-30,Domestic,Lufthansa,3790.27,EUR,CANCELLED
BKG100141,EMP00206,Lucas Silva,Engineering,San Francisco,PARIS,2026-09-15,2026-09-24,Domestic,Delta,3611.25,USD,CONFIRMED
BKG100142,EMP00007,Aarav Sharma,Finance,dubai,new york,2026-09-15,2026-09-27,International,British Airways,3054.19,GBP,PENDING
BKG100143,EMP00021,  MIA ANDERSON  ,Sales,dubai,LONDON,2026-09-21,2026-09-30,International,Delta,2952.80,GBP,PENDING
BKG100144,EMP00091,Priya Patel,Marketing,Toronto,PARIS,2026-09-20,2026-09-24,Domestic,British Airways,3718.39,GBP,cancelled
BKG100145,EMP00010,Arjun Nair,Finance,dubai,Sydney,2026-09-17,2026-09-21,International,British Airways,3937.54,EUR,PENDING
BKG100146,EMP00252,Liam Chen,Sales,tokyo,dubai,2026-09-19,2026-09-24,Domestic,Delta,3148.27,USD,PENDING
BKG100147,EMP00045,Emma Johnson,Sales,dubai,new york,2026-09-28,2026-09-29,International,Lufthansa,1714.02,USD,CANCELLED
BKG100148,EMP00234,Arjun Nair,Finance,dubai,tokyo,2026-09-16,2026-09-30,International,British Airways,2634.59,GBP,CANCELLED
BKG100149,EMP00023,Mia Anderson,Engineering,San Francisco,Sydney,2026-09-28,2026-10-04,International,Qantas,4156.66,USD,CONFIRMED
BKG100150,EMP00280,Noah Williams,Human Resources,dubai,new york,2026-09-16,2026-09-25,International,Emirates,3488.41,USD,PENDING
BKG100151,EMP00311,Arjun Nair,Marketing,LONDON,Bengaluru,2026-09-29,2026-10-04,International,United Airlines,3380.04,USD,CANCELLED
BKG100152,EMP00029,  AARAV SHARMA  ,Operations,Sydney,tokyo,2026-09-25,2026-10-02,International,Air India,1001.05,gbp,PENDING
BKG100153,EMP00056,Priya Patel,Marketing,new york,Bengaluru,2026-09-15,2026-09-16,Domestic,Emirates,1116.51,USD,PENDING
BKG100154,EMP00103,Aarav Sharma,Operations,San Francisco,tokyo,2026-09-15,2026-09-19,International,British Airways,631.87,GBP,PENDING
BKG100155,EMP00346,Sofia Martinez,Finance,PARIS,San Francisco,2026-09-25,2026-09-29,Domestic,Lufthansa,3281.31,EUR,pending
BKG100156,EMP00319,Mia Anderson,Marketing,Toronto,Bengaluru,2026-09-15,2026-09-25,International,United Airlines,369.59,GBP,CANCELLED
BKG100157,EMP00005,Sofia Martinez,Marketing,San Francisco,dubai,2026-10-02,2026-10-16,International,Lufthansa,3811.47,USD,PENDING
BKG100158,EMP00068,Lucas Silva,Operations,PARIS,Sydney,2026-10-02,2026-10-07,International,United Airlines,3442.18,GBP,CANCELLED
BKG100159,EMP00172,Priya Patel,Marketing,Sydney,San Francisco,2026-09-20,2026-09-26,Domestic,Singapore Airlines,2110.01,INR,CANCELLED
BKG100160,EMP00244,Priya Patel,Marketing,Bengaluru, singapore ,2026-09-16,2026-09-19,Domestic,Singapore Airlines,556.86,EUR,PENDING
BKG100161,EMP00225,  PRIYA PATEL  ,Human Resources,dubai,Sydney,2026-09-19,2026-10-02,International,Air India,1451.59,GBP,CONFIRMED
BKG100162,EMP00329,Isabella Rossi,Engineering,new york,LONDON,2026-09-22,2026-10-02,Domestic,Delta,3509.82,INR,PENDING
BKG100163,EMP00128,Ethan Brown,Engineering,Toronto,new york,2026-09-29,2026-10-02,Domestic,Lufthansa,1570.26,INR,CONFIRMED
BKG100164,EMP00289,Arjun Nair,Finance, singapore ,Sydney,2026-09-20,2026-10-03,International,Delta,1122.06,USD,CANCELLED
BKG100165,EMP00171,Arjun Nair,Sales,Toronto,PARIS,2026-10-01,2026-10-05,Domestic,Qantas,452.06,gbp,CONFIRMED
BKG100166,EMP00196,Arjun Nair,Human Resources,Toronto,tokyo,2026-09-30,2026-10-14,International,Delta,1932.03,INR,cancelled
BKG100167,EMP00141,Aarav Sharma,Finance, singapore ,tokyo,2026-09-27,2026-10-10,International,Emirates,3765.38,GBP,CONFIRMED
BKG100168,EMP00156,Emma Johnson,Marketing,tokyo,dubai,2026-09-14,2026-09-28,International,Singapore Airlines,887.85,INR,PENDING
BKG100169,EMP00259,Sofia Martinez,Finance,LONDON, singapore ,2026-09-15,2026-09-23,International,Lufthansa,2130.86,INR,CANCELLED
BKG100170,EMP00031,  SOFIA MARTINEZ  ,Finance,Sydney,San Francisco,2026-09-27,2026-10-02,International,United Airlines,4007.95,GBP,PENDING
BKG100171,EMP00006,Emma Johnson,Operations,Bengaluru, singapore ,2026-09-16,2026-09-25,Domestic,Delta,1466.17,GBP,CANCELLED
BKG100172,EMP00117,Lucas Silva,Operations,new york,dubai,2026-09-12,2026-09-21,International,Qantas,1778.89,INR,CANCELLED
BKG100173,EMP00105,Ethan Brown,Sales,PARIS,Toronto,2026-09-21,2026-09-22,International,Delta,3438.72,GBP,CONFIRMED
BKG100174,EMP00315,Arjun Nair,Engineering,PARIS,Sydney,2026-09-18,2026-09-28,International,Emirates,2200.90,EUR,CONFIRMED
BKG100175,EMP00323,Aarav Sharma,Sales, singapore ,tokyo,2026-09-30,2026-10-01,Domestic,United Airlines,247.42,INR,PENDING
BKG100176,EMP00233,Aarav Sharma,Human Resources,Bengaluru,Sydney,2026-09-26,2026-09-27,International,Singapore Airlines,3724.99,INR,CONFIRMED
BKG100177,EMP00249,Emma Johnson,Operations,Toronto, singapore ,2026-09-21,2026-09-23,Domestic,Emirates,1782.93,EUR,confirmed
BKG100178,EMP00204,Olivia Davis,Sales,tokyo,PARIS,2026-09-19,2026-10-01,International,British Airways,639.04,gbp,CONFIRMED
BKG100179,EMP00345,  NOAH WILLIAMS  ,Sales,new york,Bengaluru,2026-09-25,2026-10-06,Domestic,Qantas,1410.84,GBP,PENDING
BKG100180,EMP00112,Mia Anderson,Marketing, singapore ,Toronto,2026-09-26,2026-10-01,Domestic,United Airlines,2272.50,EUR,PENDING
BKG100181,EMP00147,Mia Anderson,Marketing,Bengaluru,dubai,2026-09-13,2026-09-17,International,Qantas,161.98,EUR,CONFIRMED
BKG100182,EMP00203,Isabella Rossi,Marketing,PARIS, singapore ,2026-09-13,2026-09-26,International,Air India,3906.34,INR,PENDING
BKG100183,EMP00121,Ethan Brown,Engineering,dubai,Bengaluru,2026-09-16,2026-09-22,International,Air India,1812.77,INR,PENDING
BKG100184,EMP00052,Isabella Rossi,Marketing,Toronto,PARIS,2026-09-12,2026-09-13,Domestic,Emirates,4030.96,INR,CONFIRMED
BKG100185,EMP00145,Olivia Davis,Human Resources,LONDON,Bengaluru,2026-09-22,2026-10-06,International,Singapore Airlines,2626.49,EUR,CANCELLED
BKG100186,EMP00221,Aarav Sharma,Finance, singapore ,LONDON,2026-09-30,2026-10-02,Domestic,Delta,3848.01,GBP,CANCELLED
BKG100187,EMP00281,Olivia Davis,Sales,tokyo,dubai,2026-09-14,2026-09-23,Domestic,Air India,1510.05,INR,CONFIRMED
BKG100188,EMP00276,  PRIYA PATEL  ,Operations,Bengaluru, singapore ,2026-09-24,2026-10-06,International,Air India,1005.48,USD,pending
BKG100189,EMP00143,Lucas Silva,Operations,San Francisco, singapore ,2026-09-22,2026-09-24,Domestic,Air India,2308.29,EUR,CONFIRMED
BKG100190,EMP00025,Olivia Davis,Sales,PARIS,Toronto,2026-10-01,2026-10-04,International,United Airlines,3989.85,GBP,CONFIRMED
BKG100191,EMP00055,Aarav Sharma,Finance,new york,Sydney,2026-09-19,2026-10-01,International,Delta,2223.89,inr,CANCELLED
BKG100192,EMP00215,Emma Johnson,Engineering,Bengaluru,new york,2026-09-28,2026-10-03,International,Delta,488.44,EUR,CONFIRMED
BKG100193,EMP00193,Mia Anderson,Sales,Sydney, singapore ,2026-09-26,2026-10-08,International,Lufthansa,1853.39,GBP,CONFIRMED
BKG100194,EMP00181,Aarav Sharma,Marketing,dubai,tokyo,2026-09-18,2026-09-26,International,Qantas,605.20,EUR,PENDING
BKG100195,EMP00183,Priya Patel,Engineering,PARIS, singapore ,2026-09-27,2026-10-10,International,Qantas,2902.40,GBP,PENDING
BKG100196,EMP00328,Lucas Silva,Operations,Bengaluru,dubai,2026-09-21,2026-09-26,International,British Airways,496.10,INR,CANCELLED
BKG100197,EMP00167,  EMMA JOHNSON  ,Operations,LONDON,San Francisco,2026-09-11,2026-09-24,International,Singapore Airlines,2816.55,USD,CONFIRMED
BKG100198,EMP00284,Aarav Sharma,Operations,new york,San Francisco,2026-09-30,2026-10-13,International,Singapore Airlines,3021.49,EUR,CANCELLED
BKG100199,EMP00185,Olivia Davis,Operations,tokyo,new york,2026-09-25,2026-09-27,International,British Airways,2902.31,USD,cancelled
BKG100200,EMP00093,Isabella Rossi,Engineering,LONDON,Bengaluru,2026-09-27,2026-09-30,Domestic,United Airlines,2964.78,EUR,PENDING
BKG100201,EMP00158,Noah Williams,Marketing,Sydney,San Francisco,2026-09-18,2026-09-30,Domestic,British Airways,1570.78,INR,PENDING
BKG100202,EMP00346,Sofia Martinez,Operations,tokyo,LONDON,2026-09-18,2026-09-30,Domestic,Delta,1844.21,INR,CONFIRMED
BKG100203,EMP00021,Ethan Brown,Engineering,dubai,tokyo,2026-09-13,2026-09-26,Domestic,Qantas,2334.06,INR,CONFIRMED
BKG100204,EMP00254,Priya Patel,Sales,San Francisco,dubai,2026-09-26,2026-10-02,Domestic,Delta,2527.32,eur,CONFIRMED
BKG100205,EMP00137,Noah Williams,Marketing,Bengaluru,PARIS,2026-09-15,2026-09-21,International,Delta,2179.10,USD,PENDING
BKG100206,EMP00061,  AARAV SHARMA  ,Operations,dubai,PARIS,2026-09-13,2026-09-26,Domestic,Qantas,180.87,EUR,CANCELLED
BKG100207,EMP00323,Aarav Sharma,Engineering,San Francisco,Sydney,2026-10-02,2026-10-14,Domestic,United Airlines,3256.68,USD,CANCELLED
BKG100208,EMP00116,Mia Anderson,Finance,new york,tokyo,2026-09-21,2026-10-01,International,British Airways,144.03,EUR,CANCELLED
BKG100209,EMP00201,Sofia Martinez,Finance,Bengaluru,tokyo,2026-10-01,2026-10-07,Domestic,Emirates,756.27,INR,PENDING
BKG100210,EMP00090,Emma Johnson,Operations,Sydney,new york,2026-10-02,2026-10-08,International,Emirates,2671.42,EUR,cancelled
BKG100211,EMP00061,Liam Chen,Operations,PARIS,Bengaluru,2026-09-20,2026-09-29,International,British Airways,2008.87,EUR,CONFIRMED
BKG100212,EMP00094,Olivia Davis,Operations,tokyo,Sydney,2026-09-19,2026-09-29,Domestic,Lufthansa,1680.27,INR,CANCELLED
BKG100213,EMP00283,Sofia Martinez,Finance,San Francisco,PARIS,2026-09-29,2026-10-11,International,United Airlines,1403.71,EUR,PENDING
BKG100214,EMP00007,Ethan Brown,Human Resources, singapore ,new york,2026-09-20,2026-09-27,International,Delta,3506.65,USD,CONFIRMED
BKG100215,EMP00126,  ETHAN BROWN  ,Marketing,Sydney,tokyo,2026-09-20,2026-09-23,Domestic,United Airlines,3083.91,EUR,CANCELLED
BKG100216,EMP00131,Isabella Rossi,Human Resources,Toronto,Bengaluru,2026-10-02,2026-10-12,Domestic,United Airlines,3354.10,INR,CONFIRMED
BKG100217,EMP00215,Liam Chen,Operations,Toronto,new york,2026-09-16,2026-09-20,International,British Airways,2170.33,eur,CONFIRMED
BKG100218,EMP00245,Isabella Rossi,Marketing,Sydney,PARIS,2026-09-22,2026-10-02,International,Qantas,3411.95,USD,CONFIRMED
BKG100219,EMP00144,Lucas Silva,Operations,San Francisco,Sydney,2026-09-15,2026-09-21,Domestic,United Airlines,252.57,GBP,CONFIRMED
BKG100220,EMP00347,Olivia Davis,Marketing,Toronto, singapore ,2026-09-22,2026-10-03,International,Emirates,867.10,INR,CANCELLED
BKG100221,EMP00140,Arjun Nair,Finance,dubai,tokyo,2026-09-29,2026-10-03,Domestic,Emirates,639.09,USD,confirmed
BKG100222,EMP00015,Noah Williams,Operations,PARIS,dubai,2026-09-22,2026-09-26,International,Singapore Airlines,2107.91,EUR,CONFIRMED
BKG100223,EMP00189,Noah Williams,Finance,LONDON, singapore ,2026-09-30,2026-10-06,International,United Airlines,634.87,EUR,CONFIRMED
BKG100224,EMP00090,  ETHAN BROWN  ,Engineering,dubai,new york,2026-09-14,2026-09-18,Domestic,British Airways,2922.80,INR,CONFIRMED
BKG100225,EMP00084,Priya Patel,Operations,San Francisco,Toronto,2026-09-16,2026-09-26,International,Delta,921.33,EUR,CONFIRMED
BKG100226,EMP00019,Lucas Silva,Sales,PARIS,LONDON,2026-09-11,2026-09-18,Domestic,United Airlines,992.12,EUR,CONFIRMED
BKG100227,EMP00199,Emma Johnson,Marketing,tokyo,San Francisco,2026-09-23,2026-09-28,Domestic,Qantas,3064.65,EUR,CONFIRMED
BKG100228,EMP00029,Priya Patel,Sales,PARIS,LONDON,2026-09-12,2026-09-21,International,British Airways,1011.48,GBP,CANCELLED
BKG100229,EMP00111,Isabella Rossi,Human Resources,Bengaluru,PARIS,2026-09-21,2026-09-26,International,Singapore Airlines,701.58,INR,CONFIRMED
BKG100230,EMP00348,Mia Anderson,Operations,new york,LONDON,2026-09-12,2026-09-16,Domestic,Qantas,1315.86,usd,CANCELLED
BKG100231,EMP00164,Liam Chen,Sales,dubai,new york,2026-09-12,2026-09-26,Domestic,Lufthansa,3073.98,INR,CONFIRMED
BKG100232,EMP00226,Isabella Rossi,Human Resources,Sydney,PARIS,2026-09-28,2026-10-12,Domestic,Air India,4170.38,USD,confirmed
BKG100233,EMP00174,  AARAV SHARMA  ,Human Resources,San Francisco,Toronto,2026-09-19,2026-09-29,Domestic,Qantas,4084.26,EUR,CONFIRMED
BKG100234,EMP00052,Arjun Nair,Engineering,tokyo, singapore ,2026-09-15,2026-09-28,International,Qantas,430.95,USD,PENDING
BKG100235,EMP00161,Lucas Silva,Engineering,new york,dubai,2026-09-30,2026-10-09,International,Qantas,197.59,INR,PENDING
BKG100236,EMP00259,Isabella Rossi,Operations,Sydney,tokyo,2026-09-16,2026-09-18,International,British Airways,2502.40,GBP,CANCELLED
BKG100237,EMP00103,Ethan Brown,Human Resources,PARIS,LONDON,2026-10-02,2026-10-10,International,Air India,2516.99,USD,CONFIRMED
BKG100238,EMP00237,Lucas Silva,Operations,new york,dubai,2026-09-13,2026-09-17,International,Emirates,3531.34,INR,PENDING
BKG100239,EMP00209,Liam Chen,Sales,Sydney,San Francisco,2026-09-13,2026-09-14,Domestic,Emirates,840.61,GBP,PENDING
BKG100240,EMP00160,Mia Anderson,Marketing,new york,PARIS,2026-09-25,2026-10-03,Domestic,Qantas,592.51,INR,PENDING
BKG100241,EMP00328,Lucas Silva,Engineering,PARIS,Toronto,2026-10-01,2026-10-05,Domestic,Lufthansa,1168.45,EUR,PENDING
BKG100242,EMP00285,  MIA ANDERSON  ,Engineering,Sydney,tokyo,2026-09-18,2026-09-21,Domestic,Delta,3692.83,GBP,PENDING
BKG100243,EMP00315,Isabella Rossi,Sales, singapore ,dubai,2026-09-28,2026-10-05,Domestic,British Airways,2858.28,eur,cancelled
BKG100244,EMP00198,Sofia Martinez,Sales,Sydney, singapore ,2026-09-29,2026-10-05,Domestic,United Airlines,1966.45,GBP,PENDING
BKG100245,EMP00250,Sofia Martinez,Engineering,tokyo,LONDON,2026-09-14,2026-09-25,Domestic,Emirates,3030.40,EUR,CONFIRMED
BKG100246,EMP00232,Aarav Sharma,Marketing,new york,Toronto,2026-09-30,2026-10-02,Domestic,Air India,784.85,EUR,PENDING
BKG100247,EMP00060,Sofia Martinez,Sales,new york,PARIS,2026-09-14,2026-09-25,International,Air India,1085.16,INR,CONFIRMED
BKG100248,EMP00094,Liam Chen,Operations,Toronto,San Francisco,2026-09-19,2026-09-27,International,Singapore Airlines,4191.66,EUR,CONFIRMED
BKG100249,EMP00098,Sofia Martinez,Human Resources,tokyo,new york,2026-09-26,2026-09-28,Domestic,Qantas,1450.80,USD,PENDING
BKG100250,EMP00114,Noah Williams,Finance,Bengaluru,PARIS,2026-09-23,2026-09-29,International,Delta,3295.03,EUR,CANCELLED
BKG100251,EMP00007,  LUCAS SILVA  ,Operations,Sydney,Toronto,2026-09-19,2026-09-26,Domestic,United Airlines,2257.25,GBP,CANCELLED
BKG100252,EMP00214,Mia Anderson,Operations,dubai,tokyo,2026-09-19,2026-09-21,International,British Airways,1095.97,USD,PENDING
BKG100253,EMP00326,Aarav Sharma,Sales,PARIS,LONDON,2026-09-25,2026-10-09,Domestic,British Airways,3373.19,USD,PENDING
BKG100254,EMP00299,Aarav Sharma,Marketing,dubai,tokyo,2026-09-27,2026-09-30,Domestic,British Airways,4159.64,INR,cancelled
BKG100255,EMP00259,Liam Chen,Sales,LONDON,PARIS,2026-09-25,2026-10-08,Domestic,British Airways,2106.04,GBP,PENDING
BKG100256,EMP00003,Lucas Silva,Operations,Toronto,PARIS,2026-09-16,2026-09-21,International,Air India,2196.51,gbp,PENDING
BKG100257,EMP00194,Mia Anderson,Operations,Bengaluru,new york,2026-09-26,2026-09-27,International,British Airways,1359.71,EUR,CONFIRMED
BKG100258,EMP00273,Arjun Nair,Marketing,Toronto,San Francisco,2026-09-19,2026-09-29,Domestic,Qantas,3158.99,USD,CANCELLED
BKG100259,EMP00314,Noah Williams,Operations,tokyo,Toronto,2026-09-20,2026-09-25,Domestic,British Airways,1961.82,USD,CANCELLED
BKG100260,EMP00087,  ISABELLA ROSSI  ,Engineering,San Francisco,Toronto,2026-09-16,2026-09-19,International,Delta,3914.18,EUR,CONFIRMED
BKG100261,EMP00239,Liam Chen,Human Resources, singapore ,San Francisco,2026-10-02,2026-10-11,International,Air India,600.89,EUR,CONFIRMED
BKG100262,EMP00266,Sofia Martinez,Finance,San Francisco,PARIS,2026-10-01,2026-10-07,International,Air India,3727.66,EUR,CONFIRMED
BKG100263,EMP00300,Priya Patel,Operations,Sydney,tokyo,2026-09-26,2026-09-27,International,Delta,4175.88,USD,PENDING
BKG100264,EMP00321,Mia Anderson,Engineering, singapore ,LONDON,2026-09-19,2026-09-27,Domestic,British Airways,426.84,INR,CANCELLED
BKG100265,EMP00301,Aarav Sharma,Sales, singapore ,San Francisco,2026-09-18,2026-09-23,International,United Airlines,3520.31,EUR,cancelled
BKG100266,EMP00167,Olivia Davis,Marketing,Toronto,Bengaluru,2026-09-16,2026-09-26,Domestic,Qantas,3345.95,USD,CANCELLED
BKG100267,EMP00143,Olivia Davis,Engineering,new york,Toronto,2026-09-28,2026-10-04,International,Lufthansa,3298.75,INR,CONFIRMED
BKG100268,EMP00076,Arjun Nair,Sales,Bengaluru,PARIS,2026-09-29,2026-10-07,Domestic,Air India,991.02,EUR,CANCELLED
BKG100269,EMP00202,  LIAM CHEN  ,Engineering,LONDON,PARIS,2026-09-29,2026-10-13,Domestic,United Airlines,765.29,usd,CONFIRMED
BKG100270,EMP00295,Arjun Nair,Marketing,Bengaluru,new york,2026-09-26,2026-10-09,International,Qantas,3017.71,USD,PENDING
BKG100271,EMP00139,Arjun Nair,Operations,Sydney,Bengaluru,2026-09-15,2026-09-26,International,Qantas,2145.72,GBP,CONFIRMED
BKG100272,EMP00269,Isabella Rossi,Operations,new york,tokyo,2026-09-28,2026-10-06,International,Qantas,311.56,EUR,CANCELLED
BKG100273,EMP00261,Priya Patel,Finance,LONDON,Bengaluru,2026-09-15,2026-09-25,Domestic,Emirates,910.66,INR,PENDING
BKG100274,EMP00227,Mia Anderson,Human Resources,San Francisco,dubai,2026-09-25,2026-10-06,International,Emirates,787.34,GBP,CONFIRMED
BKG100275,EMP00063,Olivia Davis,Human Resources,new york,LONDON,2026-09-23,2026-10-01,International,Delta,1882.48,EUR,CANCELLED
BKG100276,EMP00223,Mia Anderson,Marketing,new york,San Francisco,2026-09-29,2026-10-06,Domestic,British Airways,588.76,GBP,confirmed
BKG100277,EMP00347,Sofia Martinez,Operations,Bengaluru,Toronto,2026-09-29,2026-10-05,International,United Airlines,3556.65,USD,CONFIRMED
BKG100278,EMP00254,  LIAM CHEN  ,Sales,PARIS, singapore ,2026-09-15,2026-09-23,Domestic,Emirates,2796.36,GBP,CONFIRMED
BKG100279,EMP00332,Isabella Rossi,Engineering, singapore ,tokyo,2026-09-12,2026-09-14,International,Qantas,2398.26,EUR,CANCELLED
BKG100280,EMP00323,Emma Johnson,Operations,Toronto,San Francisco,2026-09-29,2026-10-13,Domestic,Lufthansa,3034.33,GBP,PENDING
BKG100281,EMP00054,Arjun Nair,Operations,Sydney,dubai,2026-09-23,2026-10-02,Domestic,British Airways,3318.81,USD,CONFIRMED
BKG100282,EMP00233,Mia Anderson,Operations,PARIS,new york,2026-09-22,2026-09-24,Domestic,British Airways,2167.11,eur,PENDING
BKG100283,EMP00315,Lucas Silva,Engineering, singapore ,San Francisco,2026-09-30,2026-10-03,International,Air India,3589.69,USD,CONFIRMED
BKG100284,EMP00244,Arjun Nair,Sales,LONDON,Sydney,2026-09-20,2026-09-26,Domestic,Emirates,2750.69,GBP,CONFIRMED
BKG100285,EMP00068,Noah Williams,Human Resources,new york,LONDON,2026-09-29,2026-09-30,International,Qantas,615.74,INR,CONFIRMED
BKG100286,EMP00200,Liam Chen,Operations,PARIS,dubai,2026-09-20,2026-10-02,Domestic,Singapore Airlines,2894.53,USD,CANCELLED
BKG100287,EMP00243,  PRIYA PATEL  ,Finance,San Francisco,Toronto,2026-09-30,2026-10-14,International,Qantas,4028.76,GBP,confirmed
BKG100288,EMP00218,Arjun Nair,Engineering,Sydney,San Francisco,2026-09-11,2026-09-14,Domestic,United Airlines,1007.02,INR,CANCELLED
BKG100289,EMP00101,Ethan Brown,Operations, singapore ,Bengaluru,2026-09-26,2026-09-27,International,Lufthansa,1994.57,USD,CANCELLED
BKG100290,EMP00032,Emma Johnson,Human Resources,Sydney,new york,2026-09-24,2026-10-07,International,Delta,2449.84,USD,CANCELLED
BKG100291,EMP00207,Lucas Silva,Sales,LONDON,Sydney,2026-09-26,2026-09-30,International,Delta,294.48,GBP,PENDING
BKG100292,EMP00304,Aarav Sharma,Marketing,dubai,San Francisco,2026-09-30,2026-10-01,International,Emirates,714.76,USD,CONFIRMED
BKG100293,EMP00172,Priya Patel,Marketing,PARIS,tokyo,2026-09-25,2026-09-30,International,Qantas,1246.03,USD,CONFIRMED
BKG100294,EMP00134,Liam Chen,Engineering,new york,dubai,2026-09-12,2026-09-24,Domestic,Lufthansa,2369.69,EUR,PENDING
BKG100295,EMP00135,Aarav Sharma,Sales,tokyo,dubai,2026-09-30,2026-10-04,International,Singapore Airlines,1829.30,usd,CANCELLED
BKG100296,EMP00220,  ISABELLA ROSSI  ,Sales,Bengaluru,tokyo,2026-09-29,2026-10-01,International,Qantas,3362.35,USD,CANCELLED
BKG100297,EMP00185,Olivia Davis,Finance,LONDON,Sydney,2026-09-29,2026-10-08,International,Air India,167.11,GBP,CANCELLED
BKG100298,EMP00278,Liam Chen,Human Resources,PARIS,Toronto,2026-09-20,2026-09-30,Domestic,Singapore Airlines,1821.19,EUR,cancelled
BKG100299,EMP00248,Mia Anderson,Operations,LONDON,Toronto,2026-09-26,2026-09-27,International,British Airways,296.66,EUR,CANCELLED
BKG100300,EMP00125,Liam Chen,Marketing, singapore ,dubai,2026-09-11,2026-09-21,Domestic,United Airlines,3374.02,EUR,PENDING
BKG100301,EMP00250,Aarav Sharma,Human Resources,Bengaluru,PARIS,2026-09-18,2026-09-21,International,Qantas,3163.07,INR,CANCELLED
BKG100302,EMP00016,Arjun Nair,Marketing,San Francisco,tokyo,2026-09-26,2026-10-01,International,Lufthansa,1143.37,GBP,CONFIRMED
BKG100303,EMP00252,Priya Patel,Engineering,Bengaluru,LONDON,2026-09-23,2026-09-25,Domestic,United Airlines,3715.23,EUR,CONFIRMED
BKG100304,EMP00097,Isabella Rossi,Human Resources,new york, singapore ,2026-09-18,2026-09-21,International,Emirates,312.96,GBP,CANCELLED
BKG100305,EMP00061,  LUCAS SILVA  ,Marketing,Toronto, singapore ,2026-10-02,2026-10-05,International,British Airways,649.86,GBP,CONFIRMED
BKG100306,EMP00159,Sofia Martinez,Engineering,Sydney,Toronto,2026-09-30,2026-10-01,International,Delta,1149.57,EUR,CANCELLED
BKG100307,EMP00265,Priya Patel,Operations,Bengaluru,Sydney,2026-09-17,2026-09-19,Domestic,Qantas,3491.34,USD,CANCELLED
BKG100308,EMP00001,Priya Patel,Operations,PARIS,Toronto,2026-09-12,2026-09-16,International,Qantas,181.36,inr,CONFIRMED
BKG100309,EMP00194,Emma Johnson,Human Resources,dubai,LONDON,2026-09-22,2026-10-01,International,United Airlines,4072.84,GBP,cancelled
BKG100310,EMP00257,Sofia Martinez,Marketing,tokyo,PARIS,2026-09-19,2026-09-24,International,Delta,340.82,EUR,PENDING
BKG100311,EMP00191,Arjun Nair,Engineering,new york,dubai,2026-10-01,2026-10-05,International,Singapore Airlines,3036.26,EUR,PENDING
BKG100312,EMP00338,Noah Williams,Operations, singapore ,dubai,2026-09-13,2026-09-19,International,Delta,3860.51,USD,CANCELLED
BKG100313,EMP00116,Priya Patel,Marketing,Sydney,Bengaluru,2026-09-21,2026-09-28,Domestic,Emirates,485.24,USD,CANCELLED
BKG100314,EMP00187,  OLIVIA DAVIS  ,Human Resources,Sydney,tokyo,2026-09-26,2026-10-04,Domestic,Qantas,2416.04,EUR,PENDING
BKG100315,EMP00080,Ethan Brown,Operations,dubai,Bengaluru,2026-09-22,2026-09-29,Domestic,Emirates,3473.24,USD,PENDING
BKG100316,EMP00017,Priya Patel,Sales,new york,PARIS,2026-09-23,2026-09-28,International,Lufthansa,1298.74,GBP,CONFIRMED
BKG100317,EMP00295,Sofia Martinez,Finance,Sydney,Toronto,2026-09-13,2026-09-14,Domestic,Lufthansa,3906.38,EUR,CANCELLED
BKG100318,EMP00153,Isabella Rossi,Marketing,new york,tokyo,2026-09-14,2026-09-17,Domestic,United Airlines,1676.32,EUR,CANCELLED
BKG100319,EMP00268,Mia Anderson,Marketing, singapore ,San Francisco,2026-09-18,2026-09-24,Domestic,Air India,3613.69,INR,PENDING
BKG100320,EMP00284,Lucas Silva,Operations,dubai,tokyo,2026-09-21,2026-09-28,Domestic,Delta,477.13,EUR,pending
BKG100321,EMP00192,Ethan Brown,Finance,Sydney,PARIS,2026-09-24,2026-10-07,Domestic,Emirates,1786.16,usd,PENDING
BKG100322,EMP00240,Mia Anderson,Marketing,Toronto,Sydney,2026-09-21,2026-09-29,International,Qantas,3438.35,USD,CONFIRMED
BKG100323,EMP00288,  OLIVIA DAVIS  ,Engineering,PARIS,new york,2026-09-12,2026-09-24,International,British Airways,3498.08,EUR,PENDING
BKG100324,EMP00253,Mia Anderson,Sales,LONDON,San Francisco,2026-09-11,2026-09-25,Domestic,Air India,3638.45,INR,CANCELLED
BKG100325,EMP00281,Ethan Brown,Engineering,dubai,Bengaluru,2026-09-14,2026-09-26,International,Qantas,2963.53,EUR,CANCELLED
BKG100326,EMP00058,Aarav Sharma,Operations, singapore ,LONDON,2026-09-18,2026-09-20,International,United Airlines,206.81,GBP,CONFIRMED
BKG100327,EMP00219,Aarav Sharma,Operations, singapore ,Sydney,2026-09-19,2026-09-29,International,Delta,1226.52,EUR,CONFIRMED
BKG100328,EMP00346,Arjun Nair,Finance,PARIS,Sydney,2026-09-16,2026-09-25,Domestic,United Airlines,2460.39,GBP,CONFIRMED
BKG100329,EMP00346,Liam Chen,Sales,new york,LONDON,2026-09-29,2026-10-07,Domestic,United Airlines,2876.99,GBP,CONFIRMED
BKG100330,EMP00275,Olivia Davis,Sales, singapore ,tokyo,2026-09-24,2026-09-26,International,Delta,3785.88,INR,CONFIRMED
BKG100331,EMP00136,Ethan Brown,Sales,PARIS,dubai,2026-09-19,2026-09-29,Domestic,Qantas,961.59,USD,cancelled
BKG100332,EMP00278,  ETHAN BROWN  ,Human Resources,Toronto,Bengaluru,2026-09-19,2026-09-23,Domestic,United Airlines,335.99,GBP,CONFIRMED
BKG100333,EMP00110,Isabella Rossi,Marketing,new york,Sydney,2026-09-19,2026-09-26,International,Qantas,1335.66,USD,CONFIRMED
BKG100334,EMP00068,Isabella Rossi,Finance,LONDON, singapore ,2026-09-28,2026-10-01,Domestic,Delta,3104.77,eur,CONFIRMED
BKG100335,EMP00316,Ethan Brown,Marketing,PARIS,tokyo,2026-09-16,2026-09-21,Domestic,Qantas,1722.95,INR,CANCELLED
BKG100336,EMP00095,Liam Chen,Human Resources,Toronto,PARIS,2026-09-18,2026-09-25,Domestic,Singapore Airlines,2684.56,GBP,CONFIRMED
BKG100337,EMP00071,Ethan Brown,Sales,Sydney, singapore ,2026-09-22,2026-09-28,Domestic,Lufthansa,2787.70,USD,PENDING
BKG100338,EMP00016,Lucas Silva,Sales,tokyo,San Francisco,2026-09-18,2026-09-22,Domestic,Qantas,3156.21,GBP,PENDING
BKG100339,EMP00207,Mia Anderson,Marketing,Toronto,LONDON,2026-10-02,2026-10-04,Domestic,Singapore Airlines,2752.97,USD,PENDING
BKG100340,EMP00077,Isabella Rossi,Marketing,tokyo,PARIS,2026-09-26,2026-09-30,International,Delta,3160.55,GBP,CANCELLED
BKG100341,EMP00053,  SOFIA MARTINEZ  ,Finance,PARIS,Sydney,2026-09-15,2026-09-19,International,Singapore Airlines,2666.09,EUR,CONFIRMED
BKG100342,EMP00035,Priya Patel,Human Resources,LONDON,Toronto,2026-09-19,2026-09-23,Domestic,United Airlines,3939.02,INR,cancelled
BKG100343,EMP00004,Isabella Rossi,Finance,Sydney,PARIS,2026-09-30,2026-10-14,International,Delta,2368.21,INR,CANCELLED
BKG100344,EMP00048,Noah Williams,Human Resources,Sydney,LONDON,2026-10-01,2026-10-05,International,United Airlines,600.17,GBP,CONFIRMED
BKG100345,EMP00311,Lucas Silva,Operations,LONDON,PARIS,2026-09-15,2026-09-26,Domestic,Singapore Airlines,1953.51,USD,CANCELLED
BKG100346,EMP00039,Olivia Davis,Human Resources, singapore ,dubai,2026-09-16,2026-09-27,International,Emirates,2891.46,INR,PENDING
BKG100347,EMP00321,Lucas Silva,Finance,San Francisco,tokyo,2026-09-13,2026-09-23,International,Emirates,1875.89,usd,PENDING
BKG100348,EMP00132,Aarav Sharma,Operations,Toronto,Sydney,2026-10-01,2026-10-07,Domestic,United Airlines,3203.50,USD,CANCELLED
BKG100349,EMP00111,Aarav Sharma,Finance, singapore ,PARIS,2026-09-14,2026-09-24,Domestic,Delta,1775.54,INR,CONFIRMED
BKG100350,EMP00233,  LUCAS SILVA  ,Sales, singapore ,PARIS,2026-09-19,2026-09-27,Domestic,Emirates,4130.59,INR,CANCELLED
BKG100351,EMP00233,Isabella Rossi,Human Resources, singapore ,PARIS,2026-09-28,2026-10-03,International,Lufthansa,3144.00,EUR,CANCELLED
BKG100352,EMP00327,Liam Chen,Engineering,Bengaluru,Sydney,2026-09-23,2026-09-27,International,Emirates,407.52,INR,PENDING
BKG100353,EMP00018,Aarav Sharma,Human Resources,San Francisco,tokyo,2026-09-24,2026-10-03,Domestic,United Airlines,3625.20,EUR,cancelled
BKG100354,EMP00033,Isabella Rossi,Operations, singapore ,new york,2026-09-21,2026-09-24,International,Air India,2887.00,EUR,PENDING
BKG100355,EMP00188,Lucas Silva,Engineering,dubai,Bengaluru,2026-09-12,2026-09-19,International,Delta,903.41,INR,PENDING
BKG100356,EMP00347,Ethan Brown,Sales,PARIS,new york,2026-09-21,2026-09-23,Domestic,Air India,4059.66,GBP,CANCELLED
BKG100357,EMP00013,Emma Johnson,Human Resources,Sydney, singapore ,2026-09-24,2026-09-29,Domestic,Emirates,2432.76,GBP,CANCELLED
BKG100358,EMP00001,Olivia Davis,Marketing,San Francisco,new york,2026-09-11,2026-09-19,International,Delta,2964.71,EUR,CONFIRMED
BKG100359,EMP00171,  OLIVIA DAVIS  ,Operations,Sydney,PARIS,2026-09-28,2026-10-05,Domestic,Singapore Airlines,607.61,INR,CANCELLED
BKG100360,EMP00138,Arjun Nair,Marketing,dubai,tokyo,2026-09-25,2026-09-27,International,British Airways,452.18,inr,CONFIRMED
BKG100361,EMP00082,Liam Chen,Sales,dubai,tokyo,2026-09-15,2026-09-26,Domestic,Singapore Airlines,2024.19,USD,PENDING
BKG100362,EMP00208,Mia Anderson,Finance,new york,PARIS,2026-09-27,2026-10-11,Domestic,Qantas,2550.16,USD,CANCELLED
BKG100363,EMP00234,Arjun Nair,Sales,LONDON,tokyo,2026-10-02,2026-10-10,International,Singapore Airlines,1830.80,EUR,CONFIRMED
BKG100364,EMP00307,Aarav Sharma,Finance,dubai,PARIS,2026-10-02,2026-10-14,Domestic,Qantas,3884.26,EUR,confirmed
BKG100365,EMP00183,Aarav Sharma,Sales,LONDON,Bengaluru,2026-09-16,2026-09-27,Domestic,United Airlines,2710.03,EUR,CANCELLED
BKG100366,EMP00021,Emma Johnson,Finance,new york,San Francisco,2026-09-27,2026-10-04,International,United Airlines,1332.66,GBP,PENDING
BKG100367,EMP00166,Isabella Rossi,Sales, singapore ,dubai,2026-09-20,2026-09-21,Domestic,Air India,2218.35,INR,PENDING
BKG100368,EMP00133,  ETHAN BROWN  ,Human Resources,San Francisco,LONDON,2026-10-01,2026-10-13,Domestic,United Airlines,1743.10,EUR,CANCELLED
BKG100369,EMP00075,Olivia Davis,Human Resources,LONDON,Bengaluru,2026-09-28,2026-10-05,International,Singapore Airlines,1728.22,INR,CANCELLED
BKG100370,EMP00047,Ethan Brown,Sales,Toronto,LONDON,2026-09-17,2026-09-24,International,Delta,1612.13,INR,PENDING
BKG100371,EMP00271,Priya Patel,Engineering,San Francisco,dubai,2026-09-18,2026-09-23,International,British Airways,2847.88,GBP,CANCELLED
BKG100372,EMP00045,Ethan Brown,Finance,PARIS,new york,2026-09-21,2026-09-28,Domestic,United Airlines,902.34,USD,CONFIRMED
BKG100373,EMP00185,Sofia Martinez,Marketing,LONDON,dubai,2026-09-24,2026-10-05,International,Lufthansa,2018.91,usd,PENDING
BKG100374,EMP00291,Sofia Martinez,Human Resources,LONDON,San Francisco,2026-09-29,2026-10-09,International,Emirates,1948.31,GBP,CANCELLED
BKG100375,EMP00197,Olivia Davis,Human Resources,dubai,PARIS,2026-09-26,2026-10-10,International,United Airlines,1190.47,GBP,cancelled
BKG100376,EMP00254,Noah Williams,Human Resources,new york,Sydney,2026-09-27,2026-10-07,Domestic,Delta,640.97,INR,CANCELLED
BKG100377,EMP00181,  OLIVIA DAVIS  ,Human Resources,LONDON,Sydney,2026-09-21,2026-09-23,Domestic,Air India,4066.95,GBP,PENDING
BKG100378,EMP00073,Ethan Brown,Sales,tokyo,Sydney,2026-09-29,2026-10-05,International,Emirates,3204.99,EUR,CANCELLED
BKG100379,EMP00108,Olivia Davis,Sales,Bengaluru,new york,2026-09-12,2026-09-18,International,Delta,192.95,GBP,CANCELLED
BKG100380,EMP00254,Liam Chen,Engineering,new york,PARIS,2026-09-26,2026-10-03,International,Air India,2281.61,EUR,CONFIRMED
BKG100381,EMP00042,Noah Williams,Engineering, singapore ,dubai,2026-09-22,2026-09-26,Domestic,United Airlines,2095.79,USD,CONFIRMED
BKG100382,EMP00171,Olivia Davis,Marketing,PARIS, singapore ,2026-09-25,2026-09-27,International,Singapore Airlines,4016.70,EUR,CANCELLED
BKG100383,EMP00336,Arjun Nair,Engineering,tokyo, singapore ,2026-09-26,2026-10-03,Domestic,Delta,2658.91,GBP,CANCELLED
BKG100384,EMP00160,Sofia Martinez,Finance,tokyo,Toronto,2026-09-24,2026-09-29,Domestic,Emirates,1365.34,USD,PENDING
BKG100385,EMP00242,Priya Patel,Engineering,Toronto,Bengaluru,2026-09-18,2026-09-25,International,Emirates,3511.37,USD,CANCELLED
BKG100386,EMP00327,  ARJUN NAIR  ,Sales, singapore ,Sydney,2026-09-19,2026-09-26,Domestic,British Airways,558.67,usd,cancelled
BKG100387,EMP00093,Isabella Rossi,Marketing,dubai,Toronto,2026-09-15,2026-09-17,Domestic,United Airlines,3469.99,USD,PENDING
BKG100388,EMP00224,Lucas Silva,Marketing,PARIS,San Francisco,2026-09-25,2026-09-27,Domestic,Air India,1692.07,USD,CONFIRMED
BKG100389,EMP00263,Isabella Rossi,Marketing,dubai,Sydney,2026-09-20,2026-09-21,Domestic,Singapore Airlines,3988.07,INR,CANCELLED
BKG100390,EMP00037,Arjun Nair,Marketing,dubai,tokyo,2026-09-28,2026-10-07,International,Delta,2493.16,INR,CONFIRMED
BKG100391,EMP00208,Mia Anderson,Engineering,Bengaluru,dubai,2026-09-20,2026-10-03,International,British Airways,3661.76,GBP,CANCELLED
BKG100392,EMP00147,Mia Anderson,Operations,San Francisco,dubai,2026-09-16,2026-09-21,International,Delta,164.11,EUR,PENDING
BKG100393,EMP00128,Sofia Martinez,Human Resources,PARIS,tokyo,2026-09-30,2026-10-13,International,British Airways,3450.54,USD,CONFIRMED
BKG100394,EMP00140,Isabella Rossi,Marketing,Sydney,new york,2026-09-15,2026-09-23,Domestic,Air India,2348.68,INR,CANCELLED
BKG100395,EMP00200,  MIA ANDERSON  ,Finance,LONDON,PARIS,2026-09-13,2026-09-22,International,Lufthansa,2702.85,GBP,CONFIRMED
BKG100396,EMP00055,Priya Patel,Engineering,San Francisco,Sydney,2026-09-28,2026-10-12,Domestic,Singapore Airlines,555.23,GBP,CONFIRMED
BKG100397,EMP00262,Liam Chen,Marketing,new york,San Francisco,2026-10-02,2026-10-09,Domestic,Singapore Airlines,447.35,INR,pending
BKG100398,EMP00190,Priya Patel,Human Resources,Bengaluru,PARIS,2026-09-23,2026-09-30,Domestic,British Airways,3923.73,INR,PENDING
BKG100399,EMP00110,Arjun Nair,Sales,Bengaluru,LONDON,2026-09-16,2026-09-29,Domestic,British Airways,3464.52,gbp,CONFIRMED
BKG100400,EMP00038,Lucas Silva,Engineering,PARIS, singapore ,2026-09-11,2026-09-13,Domestic,United Airlines,4160.80,USD,CANCELLED
BKG100401,EMP00085,Priya Patel,Engineering,PARIS,new york,2026-09-30,2026-10-05,International,Delta,2051.88,USD,CANCELLED
BKG100402,EMP00315,Noah Williams,Finance,PARIS,Bengaluru,2026-09-20,2026-10-03,Domestic,Lufthansa,3485.07,USD,PENDING
BKG100403,EMP00010,Priya Patel,Human Resources,San Francisco,Bengaluru,2026-10-01,2026-10-08,International,Air India,4196.42,GBP,CONFIRMED
BKG100404,EMP00205,  SOFIA MARTINEZ  ,Marketing,Toronto,new york,2026-09-17,2026-09-29,Domestic,British Airways,3038.19,USD,CANCELLED
BKG100405,EMP00040,Sofia Martinez,Sales, singapore ,new york,2026-09-12,2026-09-16,International,Emirates,2548.71,INR,CONFIRMED
BKG100406,EMP00339,Liam Chen,Sales,new york, singapore ,2026-09-17,2026-09-30,Domestic,Emirates,2769.22,EUR,CONFIRMED
BKG100407,EMP00055,Isabella Rossi,Marketing,Sydney,Toronto,2026-09-25,2026-09-27,International,Singapore Airlines,2418.07,GBP,PENDING
BKG100408,EMP00119,Priya Patel,Human Resources,PARIS,Sydney,2026-09-14,2026-09-19,International,British Airways,3706.70,USD,confirmed
BKG100409,EMP00175,Isabella Rossi,Sales,dubai,Toronto,2026-09-18,2026-09-23,International,Qantas,2784.82,EUR,CONFIRMED
BKG100410,EMP00138,Priya Patel,Finance,PARIS,Toronto,2026-09-17,2026-09-24,Domestic,British Airways,1591.74,INR,PENDING
BKG100411,EMP00297,Liam Chen,Finance,tokyo,LONDON,2026-09-13,2026-09-24,Domestic,Lufthansa,314.33,INR,PENDING
BKG100412,EMP00013,Lucas Silva,Sales,Bengaluru, singapore ,2026-09-28,2026-09-30,International,Lufthansa,2636.32,gbp,CONFIRMED
BKG100413,EMP00156,  LIAM CHEN  ,Engineering, singapore ,tokyo,2026-10-01,2026-10-05,International,Delta,314.89,GBP,CANCELLED
BKG100414,EMP00240,Olivia Davis,Human Resources,tokyo, singapore ,2026-09-24,2026-10-01,International,Lufthansa,2514.64,INR,PENDING
BKG100415,EMP00140,Aarav Sharma,Human Resources,new york,Bengaluru,2026-09-24,2026-10-01,International,Delta,3663.67,EUR,CONFIRMED
BKG100416,EMP00042,Priya Patel,Sales,tokyo,dubai,2026-09-11,2026-09-25,Domestic,British Airways,3229.71,USD,CONFIRMED
BKG100417,EMP00009,Emma Johnson,Operations,dubai,San Francisco,2026-09-24,2026-09-30,International,Qantas,3832.65,USD,PENDING
BKG100418,EMP00110,Olivia Davis,Engineering,Bengaluru,PARIS,2026-10-01,2026-10-06,Domestic,Qantas,4183.40,INR,PENDING
BKG100419,EMP00237,Priya Patel,Marketing,Toronto,LONDON,2026-09-15,2026-09-16,International,Qantas,817.94,USD,pending
BKG100420,EMP00339,Mia Anderson,Marketing,Toronto,dubai,2026-09-24,2026-10-05,International,Singapore Airlines,3494.98,INR,CANCELLED
BKG100421,EMP00203,Olivia Davis,Engineering,PARIS,Sydney,2026-10-01,2026-10-02,Domestic,British Airways,3124.94,EUR,CANCELLED
BKG100422,EMP00080,  AARAV SHARMA  ,Marketing,Bengaluru,San Francisco,2026-09-21,2026-09-29,Domestic,Qantas,857.65,INR,CANCELLED
BKG100423,EMP00339,Olivia Davis,Human Resources,new york,tokyo,2026-09-11,2026-09-12,Domestic,Delta,2521.84,INR,CANCELLED
BKG100424,EMP00295,Lucas Silva,Marketing,dubai,PARIS,2026-10-02,2026-10-10,Domestic,Qantas,1237.47,GBP,CONFIRMED
BKG100425,EMP00084,Mia Anderson,Engineering,dubai,Sydney,2026-10-02,2026-10-13,Domestic,Air India,1089.44,inr,CONFIRMED
BKG100426,EMP00191,Arjun Nair,Engineering,tokyo,PARIS,2026-09-18,2026-09-22,Domestic,United Airlines,2756.18,GBP,PENDING
BKG100427,EMP00148,Noah Williams,Finance,San Francisco,dubai,2026-09-19,2026-09-21,International,Delta,3816.95,USD,CANCELLED
BKG100428,EMP00273,Olivia Davis,Human Resources,tokyo,LONDON,2026-09-28,2026-10-07,International,Singapore Airlines,3079.73,GBP,CANCELLED
BKG100429,EMP00313,Aarav Sharma,Sales,dubai,Bengaluru,2026-09-25,2026-09-27,International,Lufthansa,2221.75,GBP,CANCELLED
BKG100430,EMP00266,Liam Chen,Finance,dubai, singapore ,2026-09-13,2026-09-17,Domestic,Delta,1711.35,EUR,confirmed
BKG100431,EMP00089,  PRIYA PATEL  ,Human Resources,Toronto,dubai,2026-09-25,2026-10-01,International,Singapore Airlines,1192.20,EUR,PENDING
BKG100432,EMP00128,Liam Chen,Engineering,Toronto, singapore ,2026-09-29,2026-10-07,Domestic,Qantas,3919.25,INR,CANCELLED
BKG100433,EMP00057,Noah Williams,Finance, singapore ,Sydney,2026-09-22,2026-10-04,Domestic,United Airlines,1896.64,GBP,CONFIRMED
BKG100434,EMP00010,Aarav Sharma,Sales,LONDON,Sydney,2026-09-12,2026-09-18,Domestic,United Airlines,2304.92,EUR,CONFIRMED
BKG100435,EMP00187,Arjun Nair,Finance,LONDON, singapore ,2026-09-18,2026-09-25,International,Air India,899.29,GBP,CANCELLED
BKG100436,EMP00264,Arjun Nair,Sales,LONDON,dubai,2026-09-14,2026-09-24,Domestic,Air India,271.38,GBP,PENDING
BKG100437,EMP00082,Sofia Martinez,Finance, singapore ,new york,2026-10-01,2026-10-12,International,Singapore Airlines,3432.17,USD,CANCELLED
BKG100438,EMP00032,Aarav Sharma,Human Resources, singapore ,PARIS,2026-09-21,2026-09-29,International,Lufthansa,1920.81,gbp,CONFIRMED
BKG100439,EMP00209,Isabella Rossi,Engineering,Sydney,Bengaluru,2026-09-12,2026-09-18,Domestic,Delta,3348.65,GBP,CANCELLED
BKG100440,EMP00235,  PRIYA PATEL  ,Sales,tokyo,Sydney,2026-09-16,2026-09-17,International,British Airways,2037.55,EUR,CANCELLED
BKG100441,EMP00152,Liam Chen,Human Resources,Toronto,Bengaluru,2026-09-13,2026-09-17,International,United Airlines,3386.89,INR,pending
BKG100442,EMP00047,Arjun Nair,Sales,PARIS,Sydney,2026-09-25,2026-09-27,Domestic,Lufthansa,813.08,INR,CANCELLED
BKG100443,EMP00109,Arjun Nair,Finance,PARIS, singapore ,2026-09-19,2026-09-20,International,United Airlines,529.01,INR,PENDING
BKG100444,EMP00263,Noah Williams,Marketing, singapore ,tokyo,2026-09-23,2026-10-06,International,Lufthansa,3907.39,INR,CANCELLED
BKG100445,EMP00075,Lucas Silva,Finance,San Francisco,dubai,2026-09-30,2026-10-11,Domestic,British Airways,2458.62,INR,CONFIRMED
BKG100446,EMP00229,Lucas Silva,Operations,PARIS,dubai,2026-09-30,2026-10-13,Domestic,Qantas,765.28,INR,CANCELLED
BKG100447,EMP00302,Liam Chen,Operations, singapore ,tokyo,2026-09-17,2026-10-01,Domestic,Emirates,3351.68,INR,CONFIRMED
BKG100448,EMP00013,Olivia Davis,Sales,PARIS,new york,2026-09-16,2026-09-23,International,Delta,2204.28,GBP,CONFIRMED
BKG100449,EMP00199,  PRIYA PATEL  ,Human Resources,Sydney,Bengaluru,2026-09-13,2026-09-18,Domestic,Air India,2711.10,INR,CONFIRMED
BKG100450,EMP00215,Lucas Silva,Finance, singapore ,tokyo,2026-09-15,2026-09-25,International,Delta,879.89,USD,PENDING
BKG100451,EMP00204,Sofia Martinez,Marketing,Toronto,new york,2026-09-27,2026-10-09,International,Lufthansa,1441.71,gbp,CANCELLED
BKG100452,EMP00273,Mia Anderson,Human Resources,Toronto,new york,2026-09-23,2026-09-25,Domestic,Singapore Airlines,973.32,INR,pending
BKG100453,EMP00248,Mia Anderson,Marketing,San Francisco,tokyo,2026-09-23,2026-09-29,International,British Airways,4085.96,EUR,PENDING
BKG100454,EMP00257,Ethan Brown,Operations,LONDON,San Francisco,2026-09-21,2026-09-29,International,British Airways,2661.52,INR,PENDING
BKG100455,EMP00086,Olivia Davis,Operations,Sydney,LONDON,2026-09-12,2026-09-13,International,Air India,2371.50,USD,CANCELLED
BKG100456,EMP00158,Emma Johnson,Operations,Toronto,PARIS,2026-09-11,2026-09-19,Domestic,British Airways,3630.81,EUR,CONFIRMED
BKG100457,EMP00019,Liam Chen,Finance,Bengaluru,Sydney,2026-09-29,2026-10-05,Domestic,Air India,1867.49,USD,CANCELLED
BKG100458,EMP00132,  NOAH WILLIAMS  ,Marketing,San Francisco,new york,2026-09-23,2026-10-07,International,Air India,2769.27,USD,PENDING
BKG100459,EMP00055,Mia Anderson,Operations,PARIS,Sydney,2026-09-21,2026-09-22,Domestic,Qantas,3584.17,USD,CONFIRMED
BKG100460,EMP00149,Lucas Silva,Marketing,Bengaluru,tokyo,2026-09-18,2026-09-25,International,Qantas,2953.10,EUR,CANCELLED
BKG100461,EMP00029,Priya Patel,Human Resources,San Francisco,Bengaluru,2026-09-15,2026-09-19,International,Emirates,3539.90,EUR,PENDING
BKG100462,EMP00024,Priya Patel,Sales,LONDON, singapore ,2026-09-29,2026-10-12,International,Singapore Airlines,2916.12,INR,CONFIRMED
BKG100463,EMP00133,Mia Anderson,Engineering,new york,Sydney,2026-09-28,2026-10-01,Domestic,Air India,1896.42,EUR,confirmed
BKG100464,EMP00283,Emma Johnson,Marketing,dubai,new york,2026-09-15,2026-09-22,International,Singapore Airlines,3328.25,usd,PENDING
BKG100465,EMP00059,Sofia Martinez,Marketing,Bengaluru,LONDON,2026-09-17,2026-09-28,Domestic,Emirates,649.19,INR,PENDING
BKG100466,EMP00162,Aarav Sharma,Engineering,LONDON,San Francisco,2026-09-25,2026-10-08,Domestic,Air India,2192.17,GBP,CANCELLED
BKG100467,EMP00329,  OLIVIA DAVIS  ,Finance,PARIS,tokyo,2026-09-13,2026-09-21,Domestic,Air India,1622.52,INR,PENDING
BKG100468,EMP00307,Lucas Silva,Sales,Bengaluru,LONDON,2026-09-14,2026-09-19,Domestic,Delta,648.48,INR,CONFIRMED
BKG100469,EMP00215,Noah Williams,Engineering,tokyo,Bengaluru,2026-09-27,2026-10-03,Domestic,British Airways,3332.81,GBP,CANCELLED
BKG100470,EMP00297,Ethan Brown,Marketing,PARIS,new york,2026-09-16,2026-09-27,Domestic,British Airways,2328.71,INR,CANCELLED
BKG100471,EMP00340,Emma Johnson,Operations,new york,dubai,2026-09-15,2026-09-24,Domestic,Lufthansa,3543.39,INR,CONFIRMED
BKG100472,EMP00012,Isabella Rossi,Engineering,PARIS,dubai,2026-09-27,2026-10-08,Domestic,Lufthansa,1057.79,GBP,CANCELLED
BKG100473,EMP00233,Sofia Martinez,Human Resources,Bengaluru,Toronto,2026-10-01,2026-10-13,Domestic,Singapore Airlines,3384.37,EUR,PENDING
BKG100474,EMP00287,Liam Chen,Finance,Sydney,dubai,2026-09-27,2026-10-08,International,Delta,2276.93,INR,cancelled
BKG100475,EMP00230,Arjun Nair,Finance,Toronto,LONDON,2026-09-13,2026-09-15,International,United Airlines,1443.54,USD,CANCELLED
BKG100476,EMP00012,  PRIYA PATEL  ,Sales,dubai,Bengaluru,2026-09-25,2026-09-28,International,Air India,3404.73,USD,CANCELLED
BKG100477,EMP00020,Arjun Nair,Engineering,PARIS,Toronto,2026-09-15,2026-09-29,International,Lufthansa,1102.27,usd,CONFIRMED
BKG100478,EMP00113,Sofia Martinez,Engineering,Sydney,Bengaluru,2026-09-16,2026-09-20,Domestic,Delta,493.01,INR,CONFIRMED
BKG100479,EMP00119,Sofia Martinez,Engineering,LONDON,Toronto,2026-09-25,2026-10-04,Domestic,British Airways,4187.94,GBP,PENDING
BKG100480,EMP00237,Mia Anderson,Human Resources,Sydney, singapore ,2026-09-16,2026-09-25,International,Singapore Airlines,1852.13,INR,CONFIRMED
BKG100481,EMP00070,Mia Anderson,Operations,Toronto,Sydney,2026-09-30,2026-10-14,Domestic,British Airways,774.13,EUR,CANCELLED
BKG100482,EMP00283,Olivia Davis,Marketing,Sydney,new york,2026-09-13,2026-09-23,International,Delta,1931.19,USD,PENDING
BKG100483,EMP00053,Liam Chen,Human Resources,dubai,PARIS,2026-09-23,2026-09-24,Domestic,Delta,1230.87,INR,PENDING
BKG100484,EMP00059,Liam Chen,Operations,dubai, singapore ,2026-09-17,2026-09-22,International,Air India,2082.67,EUR,CANCELLED
BKG100485,EMP00211,  PRIYA PATEL  ,Human Resources,Bengaluru,tokyo,2026-09-30,2026-10-12,Domestic,Singapore Airlines,2145.72,GBP,pending
BKG100486,EMP00101,Emma Johnson,Engineering,tokyo,Toronto,2026-09-13,2026-09-18,Domestic,Qantas,4168.42,GBP,PENDING
BKG100487,EMP00325,Emma Johnson,Marketing,Bengaluru,Sydney,2026-09-11,2026-09-22,Domestic,British Airways,2756.89,INR,CONFIRMED
BKG100488,EMP00328,Isabella Rossi,Human Resources,dubai,Bengaluru,2026-09-20,2026-10-03,International,British Airways,1247.23,GBP,CONFIRMED
BKG100489,EMP00001,Isabella Rossi,Finance,Toronto,Bengaluru,2026-09-20,2026-09-22,Domestic,British Airways,4152.54,INR,CANCELLED
BKG100490,EMP00157,Aarav Sharma,Engineering, singapore ,PARIS,2026-09-24,2026-10-03,Domestic,Lufthansa,3218.42,gbp,CANCELLED
BKG100491,EMP00144,Isabella Rossi,Engineering,Toronto,PARIS,2026-09-25,2026-10-04,Domestic,Air India,4146.73,EUR,PENDING
BKG100492,EMP00220,Olivia Davis,Operations,Toronto, singapore ,2026-09-20,2026-10-02,Domestic,British Airways,1110.51,GBP,CONFIRMED
BKG100493,EMP00032,Liam Chen,Finance,tokyo,Sydney,2026-09-14,2026-09-24,Domestic,Qantas,3615.62,GBP,CONFIRMED
BKG100494,EMP00222,  PRIYA PATEL  ,Engineering,San Francisco,tokyo,2026-09-23,2026-10-03,Domestic,United Airlines,2654.02,GBP,PENDING
BKG100495,EMP00212,Aarav Sharma,Finance,PARIS,Sydney,2026-09-15,2026-09-28,International,Air India,1033.24,GBP,CONFIRMED
BKG100496,EMP00216,Lucas Silva,Human Resources, singapore ,Bengaluru,2026-09-30,2026-10-13,Domestic,Delta,4012.24,INR,confirmed
BKG100497,EMP00183,Ethan Brown,Operations,tokyo, singapore ,2026-09-23,2026-09-25,International,Emirates,1807.08,USD,CANCELLED
BKG100498,EMP00146,Sofia Martinez,Marketing,PARIS,Sydney,2026-09-28,2026-10-10,International,British Airways,3469.12,USD,CANCELLED
BKG100499,EMP00185,Ethan Brown,Operations,dubai,San Francisco,2026-09-19,2026-09-26,Domestic,Delta,3116.12,EUR,CANCELLED
BKG100500,EMP00163,Olivia Davis,Finance,new york,Sydney,2026-09-14,2026-09-17,International,Delta,781.42,GBP,CANCELLED
BKG100501,EMP00326,Mia Anderson,Finance,San Francisco,PARIS,2026-09-27,2026-10-06,International,Delta,1442.21,USD,CONFIRMED
BKG100502,EMP00250,Sofia Martinez,Human Resources,dubai,Bengaluru,2026-09-18,2026-09-22,Domestic,Qantas,2758.74,USD,PENDING
BKG100503,EMP00319,  LIAM CHEN  ,Human Resources,San Francisco, singapore ,2026-09-17,2026-09-23,International,Delta,1808.07,gbp,CONFIRMED
BKG100504,EMP00306,Isabella Rossi,Marketing,Sydney,PARIS,2026-09-19,2026-10-03,International,Air India,2067.72,USD,CANCELLED
BKG100505,EMP00253,Liam Chen,Human Resources,dubai, singapore ,2026-09-15,2026-09-20,Domestic,Lufthansa,2496.27,INR,CONFIRMED
BKG100506,EMP00023,Ethan Brown,Engineering,tokyo,PARIS,2026-10-01,2026-10-14,Domestic,Lufthansa,3736.77,GBP,CONFIRMED
BKG100507,EMP00177,Noah Williams,Operations,new york,dubai,2026-09-30,2026-10-03,International,Lufthansa,2626.65,GBP,confirmed
BKG100508,EMP00222,Noah Williams,Marketing,dubai,Sydney,2026-09-11,2026-09-24,Domestic,Emirates,711.26,GBP,PENDING
BKG100509,EMP00083,Isabella Rossi,Engineering,Sydney, singapore ,2026-10-01,2026-10-09,Domestic,Singapore Airlines,1490.41,USD,PENDING
BKG100510,EMP00202,Ethan Brown,Finance,tokyo,LONDON,2026-10-02,2026-10-06,Domestic,Lufthansa,2802.94,INR,CANCELLED
BKG100511,EMP00237,Isabella Rossi,Operations,Toronto,Sydney,2026-09-17,2026-09-29,International,Delta,568.45,INR,PENDING
BKG100512,EMP00333,  PRIYA PATEL  ,Marketing,Sydney,new york,2026-09-24,2026-10-07,Domestic,Delta,3505.48,GBP,PENDING
BKG100513,EMP00275,Lucas Silva,Operations,San Francisco,Toronto,2026-10-01,2026-10-14,International,United Airlines,3853.11,USD,CONFIRMED
BKG100514,EMP00303,Priya Patel,Sales, singapore ,Toronto,2026-09-27,2026-10-09,International,Singapore Airlines,1606.02,INR,PENDING
BKG100515,EMP00073,Priya Patel,Operations,PARIS,Bengaluru,2026-09-28,2026-10-08,International,British Airways,2876.90,INR,CONFIRMED
BKG100516,EMP00228,Mia Anderson,Operations,dubai,PARIS,2026-09-25,2026-09-29,International,Air India,1554.09,usd,PENDING
BKG100517,EMP00293,Isabella Rossi,Finance, singapore ,Sydney,2026-09-15,2026-09-22,International,Delta,1720.54,GBP,CANCELLED
BKG100518,EMP00229,Noah Williams,Marketing,tokyo,Sydney,2026-09-16,2026-09-22,International,Delta,2141.62,USD,pending
BKG100519,EMP00021,Mia Anderson,Sales,Bengaluru,dubai,2026-09-20,2026-09-21,International,Delta,3747.44,GBP,CONFIRMED
BKG100520,EMP00240,Isabella Rossi,Operations,LONDON,dubai,2026-09-22,2026-09-24,Domestic,Singapore Airlines,4058.37,EUR,CONFIRMED
BKG100521,EMP00325,  ISABELLA ROSSI  ,Marketing,PARIS,Toronto,2026-09-17,2026-09-21,Domestic,Singapore Airlines,161.24,USD,PENDING
BKG100522,EMP00225,Isabella Rossi,Sales,Bengaluru,dubai,2026-09-27,2026-10-10,International,Air India,1659.46,GBP,CANCELLED
BKG100523,EMP00259,Noah Williams,Marketing,tokyo,LONDON,2026-09-20,2026-09-30,International,Delta,714.81,EUR,CANCELLED
BKG100524,EMP00285,Arjun Nair,Marketing,PARIS,LONDON,2026-09-17,2026-09-22,Domestic,British Airways,1026.84,INR,PENDING
BKG100525,EMP00261,Olivia Davis,Operations,PARIS,Sydney,2026-09-28,2026-10-07,International,Lufthansa,278.23,GBP,PENDING
BKG100526,EMP00022,Ethan Brown,Engineering,dubai,San Francisco,2026-09-27,2026-10-03,Domestic,Delta,2656.39,INR,PENDING
BKG100527,EMP00259,Lucas Silva,Marketing,Toronto,Sydney,2026-09-23,2026-09-26,Domestic,Delta,2032.14,GBP,PENDING
BKG100528,EMP00085,Sofia Martinez,Operations,LONDON,PARIS,2026-09-17,2026-09-21,Domestic,Lufthansa,1544.88,GBP,CONFIRMED
BKG100529,EMP00162,Arjun Nair,Marketing,PARIS,tokyo,2026-09-23,2026-10-02,Domestic,Delta,3840.20,gbp,cancelled
BKG100530,EMP00308,  PRIYA PATEL  ,Human Resources,PARIS,San Francisco,2026-09-21,2026-09-22,Domestic,Air India,3813.60,EUR,CANCELLED
BKG100531,EMP00158,Isabella Rossi,Sales,San Francisco,PARIS,2026-09-11,2026-09-20,International,United Airlines,2696.38,GBP,PENDING
BKG100532,EMP00289,Mia Anderson,Sales,new york,Toronto,2026-09-16,2026-09-20,Domestic,Lufthansa,1723.03,USD,CONFIRMED
BKG100533,EMP00114,Sofia Martinez,Operations,dubai,Toronto,2026-09-20,2026-09-21,International,Singapore Airlines,431.43,GBP,CANCELLED
BKG100534,EMP00192,Noah Williams,Human Resources,dubai,Sydney,2026-09-21,2026-10-02,International,United Airlines,3276.04,USD,PENDING
BKG100535,EMP00106,Mia Anderson,Finance,dubai,San Francisco,2026-09-14,2026-09-25,Domestic,Emirates,2385.96,GBP,CONFIRMED
BKG100536,EMP00043,Aarav Sharma,Human Resources,LONDON,PARIS,2026-09-29,2026-10-02,International,Air India,227.09,USD,CONFIRMED
BKG100537,EMP00286,Noah Williams,Engineering,LONDON,San Francisco,2026-10-01,2026-10-07,International,United Airlines,3618.98,GBP,PENDING
BKG100538,EMP00326,Liam Chen,Finance,PARIS,new york,2026-10-01,2026-10-05,International,Delta,1873.48,USD,CONFIRMED
BKG100539,EMP00218,  ISABELLA ROSSI  ,Sales,tokyo,LONDON,2026-10-01,2026-10-04,Domestic,United Airlines,272.65,GBP,CANCELLED
BKG100540,EMP00184,Sofia Martinez,Engineering,new york,tokyo,2026-09-15,2026-09-27,Domestic,Singapore Airlines,1039.97,INR,pending
BKG100541,EMP00082,Olivia Davis,Operations,PARIS,LONDON,2026-09-25,2026-09-28,Domestic,Air India,563.76,GBP,PENDING
BKG100542,EMP00054,Lucas Silva,Marketing,San Francisco,new york,2026-09-18,2026-09-27,International,Air India,604.12,gbp,PENDING
BKG100543,EMP00108,Sofia Martinez,Operations,Sydney,Bengaluru,2026-09-19,2026-09-30,International,Delta,3058.13,USD,CONFIRMED
BKG100544,EMP00295,Arjun Nair,Marketing,San Francisco,Sydney,2026-09-18,2026-10-02,Domestic,United Airlines,989.26,GBP,CONFIRMED
BKG100545,EMP00281,Noah Williams,Human Resources,Bengaluru,LONDON,2026-09-12,2026-09-16,Domestic,Qantas,709.54,USD,PENDING
BKG100546,EMP00333,Liam Chen,Finance,Sydney, singapore ,2026-09-16,2026-09-19,Domestic,British Airways,601.87,USD,CONFIRMED
BKG100547,EMP00063,Priya Patel,Human Resources,Sydney,PARIS,2026-09-28,2026-10-07,Domestic,British Airways,1228.52,INR,PENDING
BKG100548,EMP00166,  EMMA JOHNSON  ,Engineering,PARIS,Bengaluru,2026-09-18,2026-09-19,International,Qantas,3576.90,INR,CANCELLED
BKG100549,EMP00157,Arjun Nair,Finance,dubai,LONDON,2026-09-18,2026-09-27,Domestic,Air India,1091.43,GBP,CANCELLED
BKG100550,EMP00166,Arjun Nair,Marketing,Sydney,dubai,2026-09-19,2026-10-01,International,Air India,816.51,GBP,CONFIRMED
BKG100551,EMP00237,Priya Patel,Sales,San Francisco,tokyo,2026-09-16,2026-09-27,International,Lufthansa,2330.99,INR,confirmed
BKG100552,EMP00311,Emma Johnson,Operations,dubai,Bengaluru,2026-09-15,2026-09-23,Domestic,Delta,1183.32,INR,CONFIRMED
BKG100553,EMP00055,Emma Johnson,Human Resources,PARIS,San Francisco,2026-09-11,2026-09-20,International,British Airways,1326.27,EUR,PENDING
BKG100554,EMP00185,Arjun Nair,Finance,new york, singapore ,2026-10-02,2026-10-05,Domestic,Qantas,2258.25,EUR,PENDING
BKG100555,EMP00022,Sofia Martinez,Finance,PARIS,LONDON,2026-09-27,2026-09-28,International,British Airways,359.21,usd,PENDING
BKG100556,EMP00121,Isabella Rossi,Operations,tokyo,LONDON,2026-09-28,2026-10-08,International,Emirates,1522.24,USD,CANCELLED
BKG100557,EMP00009,  LUCAS SILVA  ,Engineering,PARIS,dubai,2026-09-30,2026-10-07,Domestic,Lufthansa,1256.57,GBP,PENDING
BKG100558,EMP00068,Mia Anderson,Human Resources,dubai,LONDON,2026-09-27,2026-10-02,International,Delta,1826.44,USD,CONFIRMED
BKG100559,EMP00012,Arjun Nair,Operations,San Francisco,tokyo,2026-10-01,2026-10-14,Domestic,Qantas,2078.56,USD,PENDING
BKG100560,EMP00008,Priya Patel,Operations,tokyo,Bengaluru,2026-09-19,2026-09-30,International,Qantas,3671.18,USD,CONFIRMED
BKG100561,EMP00336,Lucas Silva,Operations,Bengaluru,Sydney,2026-10-02,2026-10-16,Domestic,Lufthansa,3807.20,GBP,CONFIRMED
BKG100562,EMP00023,Ethan Brown,Engineering,tokyo,Sydney,2026-09-11,2026-09-13,Domestic,Singapore Airlines,3311.19,GBP,pending
BKG100563,EMP00283,Olivia Davis,Finance,PARIS,Toronto,2026-09-27,2026-10-07,Domestic,Qantas,1294.27,INR,CANCELLED
BKG100564,EMP00044,Ethan Brown,Operations,PARIS,dubai,2026-09-18,2026-10-01,International,Qantas,411.10,USD,CONFIRMED
BKG100565,EMP00343,Isabella Rossi,Sales,PARIS,new york,2026-09-28,2026-10-08,Domestic,Singapore Airlines,3982.16,EUR,CONFIRMED
BKG100566,EMP00034,  EMMA JOHNSON  ,Marketing,dubai,San Francisco,2026-09-19,2026-10-03,Domestic,Delta,3344.61,INR,CONFIRMED
BKG100567,EMP00154,Liam Chen,Finance,San Francisco,Toronto,2026-09-19,2026-09-22,International,Delta,2170.44,USD,CONFIRMED
BKG100568,EMP00104,Olivia Davis,Sales,Sydney,PARIS,2026-09-14,2026-09-25,Domestic,Emirates,3655.66,inr,CONFIRMED
BKG100569,EMP00273,Emma Johnson,Human Resources,San Francisco,new york,2026-10-01,2026-10-05,International,Lufthansa,3743.56,EUR,PENDING
BKG100570,EMP00182,Priya Patel,Finance,Bengaluru,Toronto,2026-09-24,2026-09-26,Domestic,British Airways,1852.20,GBP,CANCELLED
BKG100571,EMP00316,Aarav Sharma,Human Resources,dubai,Toronto,2026-10-02,2026-10-03,International,Singapore Airlines,2226.89,USD,PENDING
BKG100572,EMP00031,Liam Chen,Operations,Bengaluru,LONDON,2026-09-14,2026-09-22,Domestic,Air India,1617.71,EUR,CANCELLED
BKG100573,EMP00287,Olivia Davis,Sales,PARIS,San Francisco,2026-09-22,2026-10-03,International,Lufthansa,3687.38,EUR,confirmed
BKG100574,EMP00201,Liam Chen,Human Resources,PARIS,San Francisco,2026-09-26,2026-09-28,Domestic,Emirates,2296.79,EUR,CANCELLED
BKG100575,EMP00322,  LIAM CHEN  ,Operations,new york, singapore ,2026-09-22,2026-09-30,International,British Airways,2891.67,USD,CONFIRMED
BKG100576,EMP00091,Isabella Rossi,Finance,Bengaluru,tokyo,2026-09-15,2026-09-25,Domestic,United Airlines,3111.21,GBP,CANCELLED
BKG100577,EMP00084,Olivia Davis,Operations,Bengaluru,tokyo,2026-09-24,2026-10-01,Domestic,Air India,2194.05,USD,CONFIRMED
BKG100578,EMP00086,Aarav Sharma,Engineering,San Francisco, singapore ,2026-09-28,2026-10-04,International,British Airways,504.20,GBP,CONFIRMED
BKG100579,EMP00043,Emma Johnson,Sales,dubai,Sydney,2026-09-23,2026-09-28,Domestic,British Airways,3458.91,USD,CANCELLED
BKG100580,EMP00010,Aarav Sharma,Engineering,San Francisco,Sydney,2026-09-23,2026-09-26,Domestic,United Airlines,2013.76,GBP,CONFIRMED
BKG100581,EMP00136,Sofia Martinez,Sales,dubai,Bengaluru,2026-09-22,2026-09-25,Domestic,British Airways,504.54,eur,CANCELLED
BKG100582,EMP00148,Isabella Rossi,Engineering,Bengaluru,dubai,2026-09-12,2026-09-13,International,Singapore Airlines,651.47,INR,CONFIRMED
BKG100583,EMP00253,Ethan Brown,Finance,Toronto,San Francisco,2026-09-21,2026-10-05,International,Delta,432.34,USD,PENDING
BKG100584,EMP00048,  NOAH WILLIAMS  ,Engineering,PARIS,Bengaluru,2026-09-25,2026-10-07,Domestic,Qantas,1145.04,GBP,pending
BKG100585,EMP00040,Emma Johnson,Sales,new york,Sydney,2026-09-25,2026-10-01,International,Emirates,2258.74,EUR,PENDING
BKG100586,EMP00314,Isabella Rossi,Operations,LONDON,tokyo,2026-09-15,2026-09-20,Domestic,United Airlines,1032.46,GBP,PENDING
BKG100587,EMP00050,Ethan Brown,Human Resources,new york,PARIS,2026-09-27,2026-09-30,Domestic,British Airways,3629.12,INR,CANCELLED
BKG100588,EMP00286,Arjun Nair,Marketing,Bengaluru,LONDON,2026-09-30,2026-10-03,International,Emirates,2264.15,GBP,CONFIRMED
BKG100589,EMP00213,Aarav Sharma,Engineering,tokyo,San Francisco,2026-10-02,2026-10-09,Domestic,United Airlines,4095.15,USD,CANCELLED
BKG100590,EMP00219,Olivia Davis,Engineering,dubai,Bengaluru,2026-09-16,2026-09-20,Domestic,Delta,320.76,EUR,PENDING
BKG100591,EMP00287,Emma Johnson,Sales,Toronto,dubai,2026-09-18,2026-09-22,Domestic,United Airlines,1287.23,INR,CONFIRMED
BKG100592,EMP00166,Sofia Martinez,Sales,LONDON,Toronto,2026-09-20,2026-10-04,Domestic,Emirates,1845.77,EUR,CANCELLED
BKG100593,EMP00087,  OLIVIA DAVIS  ,Human Resources,new york, singapore ,2026-10-01,2026-10-02,Domestic,Qantas,1165.95,INR,CONFIRMED
BKG100594,EMP00341,Sofia Martinez,Operations,Sydney,Toronto,2026-10-01,2026-10-12,Domestic,Emirates,1384.62,gbp,CONFIRMED
BKG100595,EMP00202,Noah Williams,Finance,PARIS,Toronto,2026-09-23,2026-09-24,International,Emirates,2284.83,USD,cancelled
BKG100596,EMP00137,Noah Williams,Finance, singapore ,Toronto,2026-09-29,2026-10-06,Domestic,Emirates,3120.25,USD,CANCELLED
BKG100597,EMP00169,Ethan Brown,Finance,Bengaluru,San Francisco,2026-09-28,2026-09-29,International,Delta,1721.24,INR,PENDING
BKG100598,EMP00170,Priya Patel,Marketing,tokyo, singapore ,2026-09-11,2026-09-16,Domestic,Air India,2687.34,INR,CONFIRMED
BKG100599,EMP00201,Olivia Davis,Human Resources,Bengaluru,Toronto,2026-09-29,2026-10-06,Domestic,Air India,1877.98,USD,CONFIRMED
BKG100600,EMP00144,Liam Chen,Human Resources,LONDON,new york,2026-09-22,2026-09-30,International,Lufthansa,971.48,EUR,PENDING
BKG100601,EMP00122,Lucas Silva,Human Resources,LONDON,Bengaluru,2026-09-15,2026-09-17,International,Singapore Airlines,3822.65,USD,CONFIRMED
BKG100602,EMP00012,  PRIYA PATEL  ,Finance,Sydney,San Francisco,2026-09-12,2026-09-25,International,Delta,1314.93,INR,CANCELLED
BKG100603,EMP00100,Sofia Martinez,Human Resources,Toronto,PARIS,2026-09-25,2026-09-27,International,Delta,280.33,GBP,CANCELLED
BKG100604,EMP00193,Liam Chen,Engineering,PARIS,new york,2026-09-21,2026-10-05,International,United Airlines,2698.98,USD,PENDING
BKG100605,EMP00024,Lucas Silva,Operations,Toronto,LONDON,2026-09-11,2026-09-15,Domestic,British Airways,1200.29,INR,CANCELLED
BKG100606,EMP00306,Arjun Nair,Human Resources, singapore ,LONDON,2026-09-16,2026-09-19,Domestic,British Airways,4170.56,EUR,confirmed
BKG100607,EMP00234,Liam Chen,Sales,dubai,PARIS,2026-09-28,2026-10-02,Domestic,Delta,2894.84,gbp,CANCELLED
BKG100608,EMP00002,Aarav Sharma,Human Resources,Bengaluru,tokyo,2026-09-30,2026-10-09,International,Singapore Airlines,384.82,GBP,CANCELLED
BKG100609,EMP00008,Noah Williams,Marketing,new york,PARIS,2026-09-18,2026-09-19,Domestic,Air India,1572.91,INR,CONFIRMED
BKG100610,EMP00001,Priya Patel,Sales,new york,Toronto,2026-09-17,2026-09-29,Domestic,Air India,3628.50,INR,CANCELLED
BKG100611,EMP00162,  OLIVIA DAVIS  ,Marketing,dubai,Sydney,2026-09-28,2026-10-03,International,Delta,1261.43,GBP,PENDING
BKG100612,EMP00011,Priya Patel,Finance,dubai,Bengaluru,2026-09-24,2026-10-04,International,Lufthansa,1027.59,USD,CANCELLED
BKG100613,EMP00251,Sofia Martinez,Operations,Toronto,PARIS,2026-09-19,2026-09-23,Domestic,United Airlines,2159.61,INR,PENDING
BKG100614,EMP00221,Arjun Nair,Marketing,Sydney,new york,2026-09-23,2026-10-04,Domestic,Qantas,4149.15,GBP,PENDING
BKG100615,EMP00025,Isabella Rossi,Engineering,PARIS,Sydney,2026-09-13,2026-09-23,Domestic,Lufthansa,3063.98,USD,CONFIRMED
BKG100616,EMP00258,Mia Anderson,Sales, singapore ,new york,2026-09-27,2026-10-03,Domestic,Singapore Airlines,3445.81,INR,PENDING
BKG100617,EMP00326,Lucas Silva,Operations,LONDON,Bengaluru,2026-09-20,2026-09-30,Domestic,Air India,3039.07,INR,pending
BKG100618,EMP00163,Mia Anderson,Operations,tokyo,San Francisco,2026-09-18,2026-09-27,Domestic,Emirates,2049.56,GBP,CONFIRMED
BKG100619,EMP00315,Mia Anderson,Marketing,Sydney,dubai,2026-09-17,2026-09-29,International,Qantas,3609.79,EUR,CANCELLED
BKG100620,EMP00050,  LIAM CHEN  ,Operations,Sydney,tokyo,2026-09-23,2026-10-07,International,Air India,3676.70,usd,CANCELLED
BKG100621,EMP00215,Liam Chen,Sales,new york,LONDON,2026-09-15,2026-09-27,Domestic,Air India,3450.01,EUR,PENDING
BKG100622,EMP00223,Noah Williams,Marketing,tokyo,new york,2026-09-13,2026-09-23,Domestic,Air India,2581.29,GBP,CONFIRMED
BKG100623,EMP00259,Aarav Sharma,Engineering,PARIS,Toronto,2026-10-02,2026-10-07,International,Lufthansa,3744.25,INR,CANCELLED
BKG100624,EMP00140,Emma Johnson,Human Resources,LONDON,Sydney,2026-09-24,2026-10-02,International,British Airways,730.64,EUR,PENDING
BKG100625,EMP00123,Emma Johnson,Sales,tokyo,PARIS,2026-09-27,2026-10-07,Domestic,British Airways,2379.80,USD,CANCELLED
BKG100626,EMP00322,Mia Anderson,Engineering,Bengaluru,Toronto,2026-09-30,2026-10-04,International,Lufthansa,4175.00,EUR,PENDING
BKG100627,EMP00146,Aarav Sharma,Human Resources,Toronto,tokyo,2026-09-20,2026-10-02,International,Lufthansa,2975.51,INR,PENDING
BKG100628,EMP00348,Ethan Brown,Operations,Toronto, singapore ,2026-09-18,2026-09-26,International,Air India,1536.81,INR,pending
BKG100629,EMP00242,  LIAM CHEN  ,Finance,tokyo,Sydney,2026-09-24,2026-09-27,International,British Airways,2064.68,GBP,CONFIRMED
BKG100630,EMP00337,Priya Patel,Sales,Bengaluru,dubai,2026-09-30,2026-10-06,Domestic,Lufthansa,149.79,USD,PENDING
BKG100631,EMP00028,Emma Johnson,Marketing, singapore ,dubai,2026-09-30,2026-10-02,International,Emirates,4068.32,USD,CONFIRMED
BKG100632,EMP00348,Emma Johnson,Sales, singapore ,PARIS,2026-10-01,2026-10-15,Domestic,Delta,2806.21,INR,CANCELLED
BKG100633,EMP00106,Liam Chen,Marketing,dubai,PARIS,2026-09-30,2026-10-06,International,Lufthansa,1036.38,usd,CONFIRMED
BKG100634,EMP00273,Sofia Martinez,Operations, singapore ,Toronto,2026-10-01,2026-10-13,International,Qantas,1201.70,GBP,CONFIRMED
BKG100635,EMP00058,Isabella Rossi,Engineering,Toronto, singapore ,2026-10-01,2026-10-14,International,United Airlines,3277.24,USD,PENDING
BKG100636,EMP00243,Arjun Nair,Marketing,San Francisco,Bengaluru,2026-09-11,2026-09-17,Domestic,Delta,2892.07,EUR,CANCELLED
BKG100637,EMP00290,Priya Patel,Sales,dubai,LONDON,2026-09-20,2026-10-02,Domestic,British Airways,1422.70,EUR,CANCELLED
BKG100638,EMP00325,  SOFIA MARTINEZ  ,Human Resources,new york,LONDON,2026-09-12,2026-09-19,Domestic,Qantas,302.24,INR,CONFIRMED
BKG100639,EMP00101,Aarav Sharma,Finance,San Francisco,PARIS,2026-09-30,2026-10-06,International,Air India,784.53,EUR,cancelled
BKG100640,EMP00194,Lucas Silva,Sales,tokyo,Toronto,2026-09-12,2026-09-23,Domestic,Singapore Airlines,914.60,GBP,PENDING
BKG100641,EMP00128,Sofia Martinez,Sales,tokyo,PARIS,2026-09-21,2026-09-22,Domestic,British Airways,1992.10,USD,CANCELLED
BKG100642,EMP00091,Olivia Davis,Finance,LONDON, singapore ,2026-09-20,2026-10-03,International,Air India,3884.12,USD,PENDING
BKG100643,EMP00253,Emma Johnson,Sales, singapore ,San Francisco,2026-10-02,2026-10-16,International,Qantas,3367.90,INR,PENDING
BKG100644,EMP00094,Priya Patel,Human Resources,Bengaluru, singapore ,2026-09-22,2026-09-27,Domestic,Singapore Airlines,2197.78,EUR,PENDING
BKG100645,EMP00330,Priya Patel,Marketing,tokyo,Sydney,2026-09-30,2026-10-11,International,United Airlines,2328.35,GBP,CONFIRMED
BKG100646,EMP00092,Aarav Sharma,Finance,tokyo,dubai,2026-09-17,2026-09-23,Domestic,Qantas,1967.44,eur,CANCELLED
BKG100647,EMP00290,  OLIVIA DAVIS  ,Human Resources,San Francisco, singapore ,2026-10-02,2026-10-09,International,British Airways,3284.66,GBP,CANCELLED
BKG100648,EMP00183,Lucas Silva,Operations,Toronto,San Francisco,2026-09-27,2026-10-07,Domestic,Air India,1357.91,INR,PENDING
BKG100649,EMP00287,Liam Chen,Engineering,Toronto,San Francisco,2026-09-27,2026-10-07,International,Singapore Airlines,1186.12,EUR,PENDING
BKG100650,EMP00347,Aarav Sharma,Engineering,dubai,Toronto,2026-09-11,2026-09-22,Domestic,British Airways,3744.03,USD,pending
BKG100651,EMP00209,Sofia Martinez,Human Resources,Toronto,Bengaluru,2026-09-23,2026-10-07,International,United Airlines,2967.55,EUR,CONFIRMED
BKG100652,EMP00197,Sofia Martinez,Finance,Sydney,LONDON,2026-09-30,2026-10-03,Domestic,Air India,2409.74,GBP,CONFIRMED
BKG100653,EMP00095,Sofia Martinez,Operations,LONDON,tokyo,2026-09-23,2026-09-29,Domestic,British Airways,849.97,INR,CONFIRMED
BKG100654,EMP00188,Olivia Davis,Human Resources,Sydney,tokyo,2026-09-20,2026-10-02,International,Emirates,2680.00,INR,CONFIRMED
BKG100655,EMP00037,Sofia Martinez,Finance,Toronto,tokyo,2026-09-28,2026-10-10,International,Emirates,821.12,EUR,PENDING
BKG100656,EMP00105,  EMMA JOHNSON  ,Engineering,Toronto, singapore ,2026-09-12,2026-09-21,International,Singapore Airlines,3721.74,GBP,CANCELLED
BKG100657,EMP00153,Arjun Nair,Operations, singapore ,dubai,2026-09-20,2026-09-29,Domestic,Qantas,728.68,EUR,PENDING
BKG100658,EMP00100,Aarav Sharma,Engineering,dubai,tokyo,2026-10-01,2026-10-03,Domestic,Qantas,1820.79,USD,PENDING
BKG100659,EMP00335,Liam Chen,Engineering, singapore ,tokyo,2026-09-28,2026-10-07,International,British Airways,3524.85,eur,PENDING
BKG100660,EMP00349,Isabella Rossi,Finance,tokyo,Sydney,2026-09-14,2026-09-18,International,Lufthansa,532.24,GBP,CANCELLED
BKG100661,EMP00034,Olivia Davis,Marketing,PARIS,dubai,2026-09-26,2026-10-03,International,British Airways,1753.57,INR,pending
BKG100662,EMP00206,Mia Anderson,Human Resources,new york,PARIS,2026-09-20,2026-09-30,Domestic,United Airlines,1086.68,USD,CONFIRMED
BKG100663,EMP00344,Noah Williams,Operations,San Francisco,Sydney,2026-09-28,2026-10-07,International,British Airways,1802.07,EUR,PENDING
BKG100664,EMP00078,Lucas Silva,Human Resources,Bengaluru,LONDON,2026-09-13,2026-09-22,International,Delta,3652.39,INR,CONFIRMED
BKG100665,EMP00317,  SOFIA MARTINEZ  ,Operations,Bengaluru,dubai,2026-09-14,2026-09-27,International,Air India,1955.75,EUR,CONFIRMED
BKG100666,EMP00162,Arjun Nair,Finance,LONDON,San Francisco,2026-09-15,2026-09-22,Domestic,Emirates,599.79,GBP,CONFIRMED
BKG100667,EMP00057,Aarav Sharma,Marketing,new york, singapore ,2026-09-18,2026-09-20,Domestic,Delta,3656.31,GBP,CANCELLED
BKG100668,EMP00325,Sofia Martinez,Operations,dubai, singapore ,2026-09-13,2026-09-25,International,Delta,1870.51,EUR,PENDING
BKG100669,EMP00075,Isabella Rossi,Human Resources, singapore ,dubai,2026-10-01,2026-10-10,International,Qantas,2568.27,INR,CONFIRMED
BKG100670,EMP00002,Isabella Rossi,Sales, singapore ,dubai,2026-09-12,2026-09-16,Domestic,Delta,2155.23,GBP,PENDING
BKG100671,EMP00043,Olivia Davis,Sales,dubai,new york,2026-09-16,2026-09-17,International,British Airways,1796.64,USD,CONFIRMED
BKG100672,EMP00234,Sofia Martinez,Finance,Toronto,San Francisco,2026-09-13,2026-09-15,International,United Airlines,3547.91,inr,confirmed
BKG100673,EMP00025,Liam Chen,Operations,Bengaluru, singapore ,2026-09-28,2026-10-09,Domestic,Singapore Airlines,781.42,USD,CANCELLED
BKG100674,EMP00019,  NOAH WILLIAMS  ,Marketing, singapore ,dubai,2026-09-19,2026-10-01,International,United Airlines,2390.31,USD,CONFIRMED
BKG100675,EMP00187,Priya Patel,Operations,dubai,San Francisco,2026-09-21,2026-10-01,International,Emirates,4070.12,INR,CONFIRMED
BKG100676,EMP00222,Priya Patel,Marketing,PARIS,new york,2026-09-22,2026-09-29,Domestic,British Airways,2887.14,GBP,PENDING
BKG100677,EMP00064,Olivia Davis,Operations,PARIS,Bengaluru,2026-09-13,2026-09-21,Domestic,British Airways,2756.54,GBP,PENDING
BKG100678,EMP00143,Arjun Nair,Finance,Sydney,new york,2026-09-22,2026-10-04,Domestic,Delta,2983.14,GBP,CANCELLED
BKG100679,EMP00091,Emma Johnson,Sales,PARIS,new york,2026-09-24,2026-09-28,International,British Airways,2956.74,USD,CANCELLED
BKG100680,EMP00066,Arjun Nair,Human Resources,Bengaluru,tokyo,2026-09-29,2026-10-10,International,Air India,1833.65,USD,CONFIRMED
BKG100681,EMP00295,Sofia Martinez,Engineering,Bengaluru,new york,2026-09-27,2026-10-06,International,British Airways,1090.84,GBP,PENDING
BKG100682,EMP00278,Sofia Martinez,Finance,LONDON,dubai,2026-09-23,2026-09-29,Domestic,United Airlines,2524.50,USD,CANCELLED
BKG100683,EMP00122,  LIAM CHEN  ,Sales,tokyo,dubai,2026-09-15,2026-09-23,International,Delta,3358.31,INR,confirmed
BKG100684,EMP00349,Priya Patel,Human Resources,Sydney,dubai,2026-09-26,2026-10-06,International,Delta,1937.60,INR,CANCELLED
BKG100685,EMP00291,Emma Johnson,Human Resources,Sydney,Bengaluru,2026-09-20,2026-10-03,International,Singapore Airlines,3083.12,inr,CANCELLED
BKG100686,EMP00050,Sofia Martinez,Human Resources,LONDON,dubai,2026-09-18,2026-09-30,International,Lufthansa,717.75,INR,CANCELLED
BKG100687,EMP00050,Liam Chen,Human Resources,Toronto,Sydney,2026-09-18,2026-09-26,Domestic,British Airways,2159.11,INR,CONFIRMED
BKG100688,EMP00165,Emma Johnson,Marketing, singapore ,Sydney,2026-09-16,2026-09-21,International,Singapore Airlines,3458.25,EUR,CONFIRMED
BKG100689,EMP00282,Sofia Martinez,Finance,Bengaluru,new york,2026-09-19,2026-09-24,International,Lufthansa,1315.32,EUR,CANCELLED
BKG100690,EMP00019,Sofia Martinez,Operations,tokyo,new york,2026-10-02,2026-10-08,Domestic,British Airways,785.69,USD,PENDING
BKG100691,EMP00173,Sofia Martinez,Marketing,Sydney,Bengaluru,2026-09-26,2026-10-01,International,British Airways,3523.83,USD,PENDING
BKG100692,EMP00281,  PRIYA PATEL  ,Human Resources,tokyo,Sydney,2026-09-28,2026-09-30,International,Singapore Airlines,1882.48,GBP,CONFIRMED
BKG100693,EMP00182,Sofia Martinez,Human Resources,San Francisco,Toronto,2026-09-16,2026-09-23,International,Air India,944.85,USD,CONFIRMED
BKG100694,EMP00319,Aarav Sharma,Engineering,San Francisco,LONDON,2026-09-20,2026-10-01,Domestic,Singapore Airlines,2286.71,USD,pending
BKG100695,EMP00219,Mia Anderson,Finance,Toronto,LONDON,2026-09-24,2026-10-01,Domestic,Delta,3418.76,GBP,PENDING
BKG100696,EMP00149,Olivia Davis,Sales,LONDON,tokyo,2026-10-01,2026-10-07,International,Air India,3267.10,EUR,CANCELLED
BKG100697,EMP00343,Arjun Nair,Human Resources,LONDON,San Francisco,2026-09-14,2026-09-24,Domestic,British Airways,2379.91,GBP,CANCELLED
BKG100698,EMP00331,Lucas Silva,Marketing,dubai,Sydney,2026-09-25,2026-10-01,International,Emirates,921.41,eur,PENDING
BKG100699,EMP00273,Lucas Silva,Marketing, singapore ,Toronto,2026-09-18,2026-09-22,Domestic,Air India,1086.44,INR,PENDING
BKG100700,EMP00064,Priya Patel,Human Resources,LONDON,new york,2026-09-22,2026-09-30,Domestic,Air India,3327.99,EUR,CANCELLED
BKG100701,EMP00067,  EMMA JOHNSON  ,Engineering,dubai,Bengaluru,2026-09-12,2026-09-21,International,United Airlines,2852.62,GBP,CONFIRMED
BKG100702,EMP00091,Olivia Davis,Human Resources,LONDON,dubai,2026-09-21,2026-09-27,International,Qantas,2189.80,EUR,CONFIRMED
BKG100703,EMP00066,Mia Anderson,Sales,dubai,Bengaluru,2026-09-21,2026-10-03,International,British Airways,1748.94,GBP,PENDING
BKG100704,EMP00349,Priya Patel,Finance,San Francisco,new york,2026-09-12,2026-09-22,Domestic,Qantas,2844.66,EUR,CONFIRMED
BKG100705,EMP00197,Sofia Martinez,Sales,new york,tokyo,2026-09-14,2026-09-28,International,Delta,3251.83,USD,cancelled
BKG100706,EMP00324,Arjun Nair,Operations,San Francisco,dubai,2026-10-01,2026-10-10,International,Singapore Airlines,399.00,INR,PENDING
BKG100707,EMP00257,Noah Williams,Human Resources,San Francisco,tokyo,2026-09-14,2026-09-24,Domestic,British Airways,3121.31,EUR,PENDING
BKG100708,EMP00065,Aarav Sharma,Finance,Toronto,LONDON,2026-09-22,2026-10-05,International,Qantas,3495.92,INR,CANCELLED
BKG100709,EMP00214,Liam Chen,Finance,San Francisco,dubai,2026-09-21,2026-09-28,Domestic,Singapore Airlines,3846.59,GBP,CONFIRMED
BKG100710,EMP00054,  EMMA JOHNSON  ,Sales,LONDON,PARIS,2026-09-13,2026-09-25,International,Lufthansa,1002.89,GBP,CANCELLED
BKG100711,EMP00296,Olivia Davis,Sales,Sydney,San Francisco,2026-09-11,2026-09-24,Domestic,British Airways,1146.41,eur,CONFIRMED
BKG100712,EMP00249,Lucas Silva,Marketing, singapore ,PARIS,2026-09-18,2026-10-02,Domestic,United Airlines,2515.08,GBP,CANCELLED
BKG100713,EMP00292,Olivia Davis,Engineering,dubai,Toronto,2026-10-02,2026-10-13,Domestic,Delta,2512.89,GBP,PENDING
BKG100714,EMP00350,Lucas Silva,Operations,dubai,Toronto,2026-09-20,2026-09-27,Domestic,Emirates,3209.28,EUR,CANCELLED
BKG100715,EMP00124,Sofia Martinez,Finance, singapore ,dubai,2026-09-28,2026-10-10,Domestic,Singapore Airlines,638.21,GBP,PENDING
BKG100716,EMP00314,Noah Williams,Marketing,Sydney,tokyo,2026-09-11,2026-09-21,International,Delta,2865.23,EUR,pending
BKG100717,EMP00044,Aarav Sharma,Operations,Bengaluru,Sydney,2026-10-01,2026-10-07,International,British Airways,283.99,USD,CONFIRMED
BKG100718,EMP00061,Liam Chen,Human Resources,Sydney,dubai,2026-09-12,2026-09-24,International,Lufthansa,2678.30,GBP,CANCELLED
BKG100719,EMP00223,  LUCAS SILVA  ,Operations,San Francisco,LONDON,2026-09-13,2026-09-21,Domestic,Lufthansa,1967.33,GBP,CONFIRMED
BKG100720,EMP00187,Mia Anderson,Engineering,Toronto,Bengaluru,2026-09-24,2026-09-25,Domestic,British Airways,4051.91,USD,CANCELLED
BKG100721,EMP00119,Lucas Silva,Engineering,Toronto,Sydney,2026-09-13,2026-09-26,Domestic,Emirates,2914.69,USD,CANCELLED
BKG100722,EMP00246,Liam Chen,Finance,PARIS,Sydney,2026-09-27,2026-10-08,International,British Airways,1230.75,INR,PENDING
BKG100723,EMP00321,Priya Patel,Marketing,LONDON,Toronto,2026-09-13,2026-09-26,International,Singapore Airlines,2918.96,GBP,CONFIRMED
BKG100724,EMP00145,Mia Anderson,Finance,Toronto,tokyo,2026-09-30,2026-10-12,International,British Airways,3367.70,usd,PENDING
BKG100725,EMP00204,Arjun Nair,Marketing,tokyo,PARIS,2026-09-30,2026-10-07,Domestic,Delta,1581.39,INR,CONFIRMED
BKG100726,EMP00257,Noah Williams,Operations,PARIS,new york,2026-09-25,2026-10-05,Domestic,Delta,4000.38,EUR,CANCELLED
BKG100727,EMP00120,Ethan Brown,Sales,LONDON,Sydney,2026-09-26,2026-10-01,International,Singapore Airlines,757.92,GBP,cancelled
BKG100728,EMP00071,  OLIVIA DAVIS  ,Human Resources,tokyo, singapore ,2026-09-22,2026-10-01,International,Singapore Airlines,3839.19,USD,PENDING
BKG100729,EMP00055,Emma Johnson,Finance,PARIS,Sydney,2026-10-02,2026-10-14,International,Singapore Airlines,3232.39,INR,CONFIRMED
BKG100730,EMP00168,Sofia Martinez,Operations,San Francisco,PARIS,2026-09-26,2026-09-29,Domestic,United Airlines,4017.77,GBP,PENDING
BKG100731,EMP00063,Emma Johnson,Operations,new york,PARIS,2026-09-30,2026-10-03,Domestic,United Airlines,3142.09,INR,PENDING
BKG100732,EMP00014,Lucas Silva,Marketing, singapore ,Bengaluru,2026-09-22,2026-09-24,Domestic,United Airlines,1098.72,INR,CANCELLED
BKG100733,EMP00091,Aarav Sharma,Sales,San Francisco, singapore ,2026-09-27,2026-10-10,Domestic,Emirates,2814.62,GBP,CONFIRMED
BKG100734,EMP00092,Ethan Brown,Operations,dubai,Sydney,2026-09-17,2026-09-24,International,Air India,3791.35,GBP,PENDING
BKG100735,EMP00285,Noah Williams,Sales,Toronto,new york,2026-09-24,2026-10-07,Domestic,Air India,1909.73,GBP,CONFIRMED
BKG100736,EMP00110,Arjun Nair,Human Resources,Toronto,new york,2026-10-01,2026-10-05,Domestic,Delta,2055.73,EUR,CANCELLED
BKG100737,EMP00027,  PRIYA PATEL  ,Operations,new york,LONDON,2026-09-26,2026-09-30,Domestic,Air India,1804.18,usd,PENDING
BKG100738,EMP00022,Priya Patel,Marketing,tokyo,Toronto,2026-09-21,2026-09-22,Domestic,British Airways,3109.45,GBP,cancelled
BKG100739,EMP00129,Emma Johnson,Marketing,tokyo,new york,2026-09-16,2026-09-20,Domestic,Air India,2184.44,INR,PENDING
BKG100740,EMP00058,Priya Patel,Operations,Bengaluru,dubai,2026-09-15,2026-09-18,International,Lufthansa,1496.85,EUR,PENDING
BKG100741,EMP00192,Isabella Rossi,Marketing,LONDON,Toronto,2026-09-21,2026-10-01,Domestic,British Airways,3063.90,GBP,CANCELLED
BKG100742,EMP00123,Ethan Brown,Engineering,San Francisco,PARIS,2026-09-22,2026-10-03,Domestic,Singapore Airlines,3602.36,EUR,PENDING
BKG100743,EMP00266,Lucas Silva,Finance,tokyo,LONDON,2026-10-02,2026-10-12,Domestic,British Airways,3612.08,USD,CANCELLED
BKG100744,EMP00134,Mia Anderson,Operations,PARIS, singapore ,2026-09-21,2026-09-29,Domestic,Lufthansa,2572.52,GBP,CONFIRMED
BKG100745,EMP00263,Lucas Silva,Finance,San Francisco,PARIS,2026-09-28,2026-10-01,International,Air India,1274.31,USD,CANCELLED
BKG100746,EMP00093,  ETHAN BROWN  ,Finance,San Francisco,tokyo,2026-09-27,2026-10-02,International,Emirates,754.93,GBP,CANCELLED
BKG100747,EMP00086,Isabella Rossi,Human Resources,tokyo,dubai,2026-09-18,2026-09-30,Domestic,British Airways,3206.73,INR,PENDING
BKG100748,EMP00233,Priya Patel,Marketing,San Francisco, singapore ,2026-09-13,2026-09-27,International,United Airlines,3006.17,GBP,PENDING
BKG100749,EMP00259,Ethan Brown,Sales,San Francisco,PARIS,2026-09-21,2026-09-24,Domestic,Qantas,2235.43,GBP,confirmed
BKG100750,EMP00106,Lucas Silva,Marketing,Toronto, singapore ,2026-09-14,2026-09-24,Domestic,Singapore Airlines,1432.15,eur,CONFIRMED
BKG100751,EMP00187,Isabella Rossi,Engineering,new york,Bengaluru,2026-09-22,2026-09-24,Domestic,British Airways,2711.18,INR,CANCELLED
BKG100752,EMP00307,Emma Johnson,Engineering,San Francisco,PARIS,2026-09-23,2026-10-04,International,British Airways,851.54,EUR,PENDING
BKG100753,EMP00327,Sofia Martinez,Finance,PARIS,Sydney,2026-09-15,2026-09-29,Domestic,United Airlines,4060.08,INR,CONFIRMED
BKG100754,EMP00082,Arjun Nair,Sales,new york,Bengaluru,2026-09-25,2026-09-26,International,Delta,3503.98,INR,PENDING
BKG100755,EMP00149,  ETHAN BROWN  ,Marketing,tokyo,PARIS,2026-09-18,2026-10-02,Domestic,Singapore Airlines,2455.51,INR,CANCELLED
BKG100756,EMP00349,Aarav Sharma,Operations,LONDON,new york,2026-09-27,2026-10-11,Domestic,British Airways,994.73,INR,PENDING
BKG100757,EMP00286,Mia Anderson,Marketing,Bengaluru,tokyo,2026-09-27,2026-10-01,Domestic,United Airlines,1946.78,INR,CANCELLED
BKG100758,EMP00059,Mia Anderson,Finance,San Francisco,LONDON,2026-09-23,2026-10-06,Domestic,United Airlines,1449.73,GBP,PENDING
BKG100759,EMP00219,Ethan Brown,Finance,San Francisco,Bengaluru,2026-09-20,2026-10-03,Domestic,Air India,1843.12,INR,CANCELLED
BKG100760,EMP00088,Priya Patel,Engineering,Toronto,Sydney,2026-09-11,2026-09-23,Domestic,Qantas,1770.26,EUR,confirmed
BKG100761,EMP00118,Lucas Silva,Sales,LONDON,Sydney,2026-09-17,2026-09-22,Domestic,Lufthansa,3415.15,USD,PENDING
BKG100762,EMP00317,Noah Williams,Finance, singapore ,PARIS,2026-09-16,2026-09-22,International,United Airlines,2285.97,USD,CONFIRMED
BKG100763,EMP00015,Emma Johnson,Sales,dubai,new york,2026-09-18,2026-09-22,Domestic,Air India,4098.52,inr,CANCELLED
BKG100764,EMP00313,  EMMA JOHNSON  ,Operations,PARIS,Toronto,2026-09-22,2026-09-26,International,Lufthansa,3509.82,USD,CANCELLED
BKG100765,EMP00057,Sofia Martinez,Engineering,San Francisco,Toronto,2026-09-16,2026-09-17,International,Singapore Airlines,4154.82,USD,CANCELLED
BKG100766,EMP00021,Olivia Davis,Engineering,Toronto,Bengaluru,2026-09-22,2026-10-02,International,British Airways,1448.53,EUR,PENDING
BKG100767,EMP00023,Liam Chen,Human Resources,dubai,San Francisco,2026-09-30,2026-10-02,Domestic,Qantas,3785.09,GBP,CONFIRMED
BKG100768,EMP00184,Mia Anderson,Sales,tokyo,new york,2026-09-28,2026-09-30,Domestic,Delta,2475.76,INR,CONFIRMED
BKG100769,EMP00288,Olivia Davis,Human Resources, singapore ,LONDON,2026-09-23,2026-10-02,International,British Airways,2599.99,USD,CONFIRMED
BKG100770,EMP00013,Isabella Rossi,Engineering,new york,Bengaluru,2026-09-17,2026-09-30,International,Delta,150.35,EUR,PENDING
BKG100771,EMP00158,Noah Williams,Human Resources,Sydney,dubai,2026-09-28,2026-10-01,International,Qantas,3229.09,USD,pending
BKG100772,EMP00346,Noah Williams,Finance,dubai,LONDON,2026-10-02,2026-10-16,International,United Airlines,1385.97,GBP,CANCELLED
BKG100773,EMP00265,  LUCAS SILVA  ,Human Resources,Sydney,Toronto,2026-09-13,2026-09-25,Domestic,British Airways,655.83,INR,PENDING
BKG100774,EMP00242,Aarav Sharma,Sales,PARIS, singapore ,2026-09-26,2026-10-04,Domestic,Singapore Airlines,2064.67,USD,CONFIRMED
BKG100775,EMP00264,Sofia Martinez,Operations,tokyo,LONDON,2026-09-17,2026-09-29,Domestic,British Airways,3346.15,GBP,CANCELLED
BKG100776,EMP00273,Lucas Silva,Sales,Bengaluru,PARIS,2026-09-14,2026-09-27,International,United Airlines,2059.89,gbp,CANCELLED
BKG100777,EMP00157,Aarav Sharma,Human Resources,Sydney,tokyo,2026-09-20,2026-09-30,International,British Airways,3931.82,USD,PENDING
BKG100778,EMP00289,Liam Chen,Finance, singapore ,PARIS,2026-09-28,2026-10-09,Domestic,Emirates,758.45,EUR,CONFIRMED
BKG100779,EMP00128,Priya Patel,Marketing,Toronto,LONDON,2026-09-18,2026-09-20,Domestic,Air India,243.00,EUR,CANCELLED
BKG100780,EMP00010,Emma Johnson,Finance,LONDON, singapore ,2026-09-13,2026-09-17,International,United Airlines,3792.47,EUR,CANCELLED
BKG100781,EMP00051,Liam Chen,Finance,Bengaluru,dubai,2026-09-22,2026-09-30,Domestic,Delta,2126.48,GBP,CANCELLED
BKG100782,EMP00283,  OLIVIA DAVIS  ,Engineering,San Francisco,dubai,2026-09-25,2026-09-29,Domestic,Lufthansa,2200.66,EUR,cancelled
BKG100783,EMP00155,Arjun Nair,Finance,tokyo,PARIS,2026-09-26,2026-10-02,Domestic,Singapore Airlines,225.14,INR,CANCELLED
BKG100784,EMP00239,Ethan Brown,Human Resources, singapore ,San Francisco,2026-09-21,2026-10-04,Domestic,United Airlines,3952.44,USD,CONFIRMED
BKG100785,EMP00348,Lucas Silva,Marketing, singapore ,Sydney,2026-09-21,2026-10-03,International,Singapore Airlines,799.44,GBP,CONFIRMED
BKG100786,EMP00101,Ethan Brown,Operations,dubai,LONDON,2026-09-29,2026-09-30,Domestic,Emirates,3750.78,GBP,PENDING
BKG100787,EMP00014,Emma Johnson,Operations,PARIS, singapore ,2026-09-22,2026-10-06,International,Lufthansa,3515.40,EUR,CANCELLED
BKG100788,EMP00143,Sofia Martinez,Sales,new york,dubai,2026-09-13,2026-09-19,International,British Airways,2426.70,USD,PENDING
BKG100789,EMP00021,Lucas Silva,Marketing,new york,tokyo,2026-09-27,2026-10-02,Domestic,Air India,1918.94,eur,CONFIRMED
BKG100790,EMP00183,Sofia Martinez,Engineering,Toronto,tokyo,2026-09-11,2026-09-25,Domestic,Air India,1502.93,EUR,PENDING
BKG100791,EMP00313,  EMMA JOHNSON  ,Sales,Toronto,Sydney,2026-10-02,2026-10-07,International,Lufthansa,1995.92,GBP,CANCELLED
BKG100792,EMP00007,Olivia Davis,Operations,PARIS,San Francisco,2026-09-27,2026-10-09,Domestic,Qantas,922.58,USD,PENDING
BKG100793,EMP00272,Sofia Martinez,Marketing,PARIS,dubai,2026-09-15,2026-09-29,Domestic,British Airways,481.71,INR,cancelled
BKG100794,EMP00036,Emma Johnson,Operations,LONDON,tokyo,2026-09-25,2026-09-28,Domestic,Delta,3916.01,USD,CONFIRMED
BKG100795,EMP00151,Arjun Nair,Sales,San Francisco,new york,2026-09-29,2026-10-06,International,Delta,3157.19,GBP,PENDING
BKG100796,EMP00273,Isabella Rossi,Human Resources,tokyo,Sydney,2026-09-12,2026-09-14,Domestic,Qantas,1062.05,GBP,CONFIRMED
BKG100797,EMP00346,Arjun Nair,Human Resources,LONDON,new york,2026-09-30,2026-10-10,International,United Airlines,3686.95,USD,CANCELLED
BKG100798,EMP00229,Lucas Silva,Marketing,dubai,Sydney,2026-09-30,2026-10-03,International,United Airlines,1183.33,INR,CANCELLED
BKG100799,EMP00234,Olivia Davis,Engineering,dubai,Sydney,2026-09-12,2026-09-19,International,Qantas,3586.56,EUR,CANCELLED
BKG100800,EMP00055,  EMMA JOHNSON  ,Engineering,San Francisco,Toronto,2026-09-24,2026-09-28,Domestic,Delta,2377.00,GBP,CONFIRMED
BKG100801,EMP00349,Noah Williams,Human Resources,new york, singapore ,2026-09-25,2026-10-08,International,Lufthansa,591.19,INR,CONFIRMED
BKG100802,EMP00327,Ethan Brown,Human Resources,Sydney,Toronto,2026-09-26,2026-09-30,Domestic,United Airlines,3858.09,usd,PENDING
BKG100803,EMP00200,Olivia Davis,Marketing,San Francisco, singapore ,2026-09-22,2026-09-23,International,Emirates,3064.70,INR,CONFIRMED
BKG100804,EMP00109,Olivia Davis,Marketing,new york,LONDON,2026-09-17,2026-09-30,Domestic,United Airlines,1576.37,EUR,cancelled
BKG100805,EMP00180,Isabella Rossi,Engineering,PARIS,dubai,2026-09-21,2026-09-30,Domestic,Lufthansa,4106.66,INR,CONFIRMED
BKG100806,EMP00103,Aarav Sharma,Marketing,tokyo,LONDON,2026-09-29,2026-10-08,Domestic,United Airlines,1601.14,EUR,PENDING
BKG100807,EMP00307,Lucas Silva,Operations, singapore ,Bengaluru,2026-09-18,2026-09-23,International,United Airlines,3253.12,INR,CANCELLED
BKG100808,EMP00078,Noah Williams,Engineering,dubai,tokyo,2026-09-15,2026-09-23,Domestic,British Airways,3268.30,INR,CANCELLED
BKG100809,EMP00062,  AARAV SHARMA  ,Sales,Bengaluru,new york,2026-09-21,2026-09-30,International,Air India,3675.99,EUR,CANCELLED
BKG100810,EMP00315,Liam Chen,Operations,Toronto,tokyo,2026-10-01,2026-10-02,Domestic,Delta,1100.45,USD,CONFIRMED
BKG100811,EMP00185,Arjun Nair,Sales,Bengaluru,LONDON,2026-09-26,2026-10-09,Domestic,Qantas,238.48,GBP,PENDING
BKG100812,EMP00120,Olivia Davis,Sales,dubai,Sydney,2026-09-13,2026-09-26,Domestic,British Airways,1700.28,USD,PENDING
BKG100813,EMP00128,Priya Patel,Engineering,PARIS,LONDON,2026-09-18,2026-10-01,International,Qantas,1121.51,EUR,PENDING
BKG100814,EMP00350,Mia Anderson,Operations,Toronto, singapore ,2026-09-22,2026-09-24,Domestic,Delta,3393.91,GBP,CANCELLED
BKG100815,EMP00143,Aarav Sharma,Operations, singapore ,PARIS,2026-09-13,2026-09-23,Domestic,Emirates,1348.46,eur,confirmed
BKG100816,EMP00164,Noah Williams,Marketing,Bengaluru,Sydney,2026-10-01,2026-10-13,Domestic,British Airways,3845.41,USD,CONFIRMED
BKG100817,EMP00073,Isabella Rossi,Human Resources,PARIS,tokyo,2026-09-27,2026-10-09,Domestic,Qantas,2059.41,USD,CONFIRMED
BKG100818,EMP00211,  PRIYA PATEL  ,Marketing,PARIS,tokyo,2026-09-24,2026-10-05,Domestic,Delta,454.59,INR,CANCELLED
BKG100819,EMP00302,Olivia Davis,Operations,PARIS,dubai,2026-09-18,2026-09-26,Domestic,Singapore Airlines,1857.50,GBP,CONFIRMED
BKG100820,EMP00284,Liam Chen,Engineering, singapore ,LONDON,2026-09-12,2026-09-14,Domestic,Singapore Airlines,3079.28,EUR,CANCELLED
BKG100821,EMP00239,Isabella Rossi,Human Resources,LONDON,San Francisco,2026-09-14,2026-09-25,Domestic,Singapore Airlines,3060.18,GBP,CONFIRMED
BKG100822,EMP00027,Mia Anderson,Finance,Bengaluru,dubai,2026-09-19,2026-10-01,Domestic,British Airways,2447.07,GBP,CONFIRMED
BKG100823,EMP00253,Mia Anderson,Marketing, singapore ,Toronto,2026-09-13,2026-09-22,Domestic,Qantas,1189.51,USD,CANCELLED
BKG100824,EMP00261,Liam Chen,Engineering,Toronto,PARIS,2026-09-16,2026-09-25,International,Singapore Airlines,2140.60,USD,CANCELLED
BKG100825,EMP00251,Priya Patel,Operations,Sydney,PARIS,2026-09-22,2026-09-27,International,Lufthansa,150.65,EUR,CONFIRMED
BKG100826,EMP00293,Mia Anderson,Human Resources,San Francisco,dubai,2026-09-22,2026-10-03,International,Emirates,2685.01,EUR,pending
BKG100827,EMP00311,  MIA ANDERSON  ,Engineering,LONDON,Sydney,2026-09-16,2026-09-27,International,British Airways,3021.53,EUR,CANCELLED
BKG100828,EMP00087,Priya Patel,Sales, singapore ,new york,2026-09-20,2026-10-04,Domestic,United Airlines,454.91,eur,CANCELLED
BKG100829,EMP00146,Lucas Silva,Marketing,Sydney,LONDON,2026-09-26,2026-10-09,Domestic,British Airways,1239.57,EUR,PENDING
BKG100830,EMP00238,Ethan Brown,Human Resources,dubai,San Francisco,2026-09-11,2026-09-12,Domestic,United Airlines,622.21,EUR,CANCELLED
BKG100831,EMP00102,Ethan Brown,Marketing,Toronto, singapore ,2026-09-12,2026-09-14,International,United Airlines,218.74,EUR,CONFIRMED
BKG100832,EMP00332,Sofia Martinez,Sales,dubai,Toronto,2026-09-21,2026-09-29,International,Singapore Airlines,2644.78,GBP,CANCELLED
BKG100833,EMP00295,Emma Johnson,Sales, singapore ,San Francisco,2026-09-18,2026-09-19,International,Singapore Airlines,227.07,EUR,PENDING
BKG100834,EMP00226,Mia Anderson,Operations,Bengaluru,PARIS,2026-09-19,2026-09-22,Domestic,Air India,3189.08,INR,PENDING
BKG100835,EMP00255,Sofia Martinez,Operations, singapore ,tokyo,2026-09-12,2026-09-14,Domestic,Lufthansa,2429.88,EUR,PENDING
BKG100836,EMP00183,  NOAH WILLIAMS  ,Human Resources,Toronto, singapore ,2026-09-16,2026-09-26,International,Air India,1212.14,INR,CANCELLED
BKG100837,EMP00268,Noah Williams,Engineering,Sydney,LONDON,2026-09-13,2026-09-15,Domestic,British Airways,2852.56,USD,cancelled
BKG100838,EMP00265,Arjun Nair,Marketing,Sydney,dubai,2026-09-25,2026-09-28,Domestic,Emirates,3172.87,EUR,PENDING
BKG100839,EMP00275,Emma Johnson,Sales,Toronto,San Francisco,2026-09-30,2026-10-14,International,Delta,2455.09,USD,CANCELLED
BKG100840,EMP00235,Mia Anderson,Sales, singapore ,PARIS,2026-09-23,2026-10-06,Domestic,British Airways,2805.01,EUR,PENDING
BKG100841,EMP00149,Aarav Sharma,Sales,dubai,PARIS,2026-09-12,2026-09-22,Domestic,Lufthansa,1089.24,usd,CANCELLED
BKG100842,EMP00085,Emma Johnson,Sales,dubai,Sydney,2026-09-13,2026-09-17,International,Singapore Airlines,3275.95,INR,PENDING
BKG100843,EMP00122,Liam Chen,Marketing,tokyo,PARIS,2026-09-11,2026-09-14,International,United Airlines,2321.17,USD,PENDING
BKG100844,EMP00195,Mia Anderson,Marketing,Sydney,PARIS,2026-09-18,2026-09-21,Domestic,Lufthansa,1511.01,USD,CONFIRMED
BKG100845,EMP00237,  ARJUN NAIR  ,Engineering,tokyo, singapore ,2026-09-15,2026-09-19,Domestic,British Airways,508.85,GBP,PENDING
BKG100846,EMP00045,Priya Patel,Sales,PARIS,Bengaluru,2026-09-18,2026-09-19,Domestic,British Airways,4153.50,INR,CONFIRMED
BKG100847,EMP00233,Aarav Sharma,Engineering,dubai,Sydney,2026-09-27,2026-10-07,International,Emirates,2183.08,GBP,CONFIRMED
BKG100848,EMP00291,Isabella Rossi,Engineering,tokyo,Sydney,2026-09-20,2026-09-21,Domestic,Singapore Airlines,915.38,INR,confirmed
BKG100849,EMP00323,Olivia Davis,Human Resources,San Francisco, singapore ,2026-09-16,2026-09-21,Domestic,Lufthansa,1041.10,EUR,CANCELLED
BKG100850,EMP00200,Sofia Martinez,Operations,PARIS,Sydney,2026-09-17,2026-09-26,International,Singapore Airlines,3988.20,INR,PENDING
BKG100851,EMP00157,Ethan Brown,Engineering,PARIS,LONDON,2026-09-23,2026-09-24,Domestic,Lufthansa,4015.14,GBP,CONFIRMED
BKG100852,EMP00181,Olivia Davis,Marketing, singapore ,dubai,2026-09-22,2026-10-01,International,British Airways,3731.52,INR,CONFIRMED
BKG100853,EMP00334,Lucas Silva,Marketing,Sydney,LONDON,2026-09-24,2026-10-01,Domestic,Emirates,3953.54,INR,PENDING
BKG100854,EMP00329,  ETHAN BROWN  ,Marketing,San Francisco,Sydney,2026-09-14,2026-09-24,Domestic,Qantas,2335.90,gbp,PENDING
BKG100855,EMP00052,Sofia Martinez,Marketing,dubai,Bengaluru,2026-09-29,2026-10-11,Domestic,Lufthansa,2074.40,GBP,CONFIRMED
BKG100856,EMP00245,Liam Chen,Operations,PARIS,LONDON,2026-09-28,2026-10-10,International,Emirates,282.87,INR,CONFIRMED
BKG100857,EMP00144,Aarav Sharma,Operations,LONDON,new york,2026-09-21,2026-10-04,Domestic,United Airlines,921.76,GBP,PENDING
BKG100858,EMP00143,Arjun Nair,Marketing,Toronto,PARIS,2026-09-17,2026-09-25,International,Singapore Airlines,893.77,USD,CANCELLED
BKG100859,EMP00001,Priya Patel,Sales,San Francisco,dubai,2026-09-30,2026-10-09,Domestic,Lufthansa,3143.57,GBP,confirmed
BKG100860,EMP00086,Lucas Silva,Operations, singapore ,Sydney,2026-09-12,2026-09-22,International,Delta,3951.37,EUR,CANCELLED
BKG100861,EMP00305,Aarav Sharma,Engineering,Bengaluru,Toronto,2026-09-16,2026-09-25,International,Emirates,2566.10,GBP,CONFIRMED
BKG100862,EMP00300,Priya Patel,Finance,new york,Sydney,2026-09-21,2026-10-05,International,Qantas,624.49,EUR,CONFIRMED
BKG100863,EMP00192,  PRIYA PATEL  ,Marketing,LONDON,new york,2026-09-23,2026-09-29,Domestic,Emirates,3059.42,EUR,CONFIRMED
BKG100864,EMP00127,Arjun Nair,Operations,Toronto,dubai,2026-09-14,2026-09-26,International,Singapore Airlines,719.81,USD,CONFIRMED
BKG100865,EMP00316,Liam Chen,Sales,Bengaluru, singapore ,2026-09-27,2026-10-10,International,Air India,4034.34,INR,CONFIRMED
BKG100866,EMP00010,Olivia Davis,Marketing,tokyo,San Francisco,2026-09-21,2026-09-27,Domestic,United Airlines,1433.36,EUR,CONFIRMED
BKG100867,EMP00281,Mia Anderson,Human Resources,dubai,San Francisco,2026-10-02,2026-10-05,International,Qantas,1567.54,gbp,CANCELLED
BKG100868,EMP00332,Noah Williams,Marketing,Sydney, singapore ,2026-09-15,2026-09-26,International,Singapore Airlines,1543.30,EUR,CANCELLED
BKG100869,EMP00324,Isabella Rossi,Engineering,Sydney,tokyo,2026-09-24,2026-10-05,International,Lufthansa,2694.13,USD,CANCELLED
BKG100870,EMP00106,Ethan Brown,Finance,Bengaluru,LONDON,2026-09-26,2026-10-10,International,Singapore Airlines,3204.24,INR,confirmed
BKG100871,EMP00198,Emma Johnson,Marketing,Sydney,Bengaluru,2026-09-29,2026-10-05,Domestic,Singapore Airlines,2976.46,GBP,CONFIRMED
BKG100872,EMP00234,  PRIYA PATEL  ,Marketing,Bengaluru,PARIS,2026-09-29,2026-10-02,Domestic,Delta,625.05,EUR,PENDING
BKG100873,EMP00209,Noah Williams,Finance,Sydney,Toronto,2026-09-17,2026-09-27,International,Air India,3033.20,USD,CANCELLED
BKG100874,EMP00030,Arjun Nair,Finance,dubai,LONDON,2026-09-21,2026-09-27,Domestic,Lufthansa,2385.69,GBP,PENDING
BKG100875,EMP00297,Lucas Silva,Sales,new york,Toronto,2026-09-29,2026-10-04,International,Singapore Airlines,2637.92,GBP,CANCELLED
BKG100876,EMP00123,Liam Chen,Operations,PARIS,Bengaluru,2026-09-25,2026-09-28,Domestic,Qantas,309.96,EUR,CONFIRMED
BKG100877,EMP00182,Isabella Rossi,Operations,LONDON,tokyo,2026-09-17,2026-09-18,International,United Airlines,2308.92,GBP,PENDING
BKG100878,EMP00086,Ethan Brown,Engineering, singapore ,PARIS,2026-09-15,2026-09-24,International,Air India,1426.04,USD,CONFIRMED
BKG100879,EMP00190,Emma Johnson,Finance,PARIS,LONDON,2026-09-20,2026-10-01,Domestic,Lufthansa,1162.42,EUR,CONFIRMED
BKG100880,EMP00267,Aarav Sharma,Finance,PARIS,Bengaluru,2026-09-29,2026-10-01,Domestic,United Airlines,588.30,eur,PENDING
BKG100881,EMP00311,  EMMA JOHNSON  ,Engineering,San Francisco,PARIS,2026-09-14,2026-09-24,International,Qantas,509.42,INR,pending
BKG100882,EMP00239,Mia Anderson,Finance, singapore ,new york,2026-09-14,2026-09-28,International,United Airlines,2933.57,EUR,PENDING
BKG100883,EMP00167,Arjun Nair,Human Resources,LONDON, singapore ,2026-09-16,2026-09-21,Domestic,Air India,1783.81,INR,PENDING
BKG100884,EMP00215,Aarav Sharma,Human Resources,Bengaluru,tokyo,2026-09-30,2026-10-10,Domestic,Lufthansa,3222.92,GBP,PENDING
BKG100885,EMP00035,Noah Williams,Engineering, singapore ,new york,2026-09-19,2026-09-25,International,Emirates,300.35,USD,CANCELLED
BKG100886,EMP00127,Noah Williams,Human Resources,Toronto,Bengaluru,2026-09-20,2026-09-23,International,Delta,2553.29,EUR,PENDING
BKG100887,EMP00005,Isabella Rossi,Human Resources,Sydney,PARIS,2026-09-11,2026-09-12,Domestic,Qantas,584.12,GBP,CANCELLED
BKG100888,EMP00293,Isabella Rossi,Operations,new york,Bengaluru,2026-10-02,2026-10-03,International,United Airlines,3434.47,GBP,CANCELLED
BKG100889,EMP00010,Ethan Brown,Engineering,Bengaluru,Sydney,2026-09-18,2026-09-30,International,British Airways,1386.53,EUR,PENDING
BKG100890,EMP00330,  ARJUN NAIR  ,Finance, singapore ,Sydney,2026-09-15,2026-09-24,Domestic,Emirates,1661.65,USD,CONFIRMED
BKG100891,EMP00337,Arjun Nair,Operations,new york,Bengaluru,2026-09-25,2026-10-02,Domestic,Qantas,2319.55,USD,CONFIRMED
BKG100892,EMP00064,Priya Patel,Operations,new york,LONDON,2026-09-28,2026-10-02,International,Emirates,828.78,INR,confirmed
BKG100893,EMP00047,Aarav Sharma,Finance,PARIS,dubai,2026-09-18,2026-09-23,Domestic,Air India,1728.41,usd,CANCELLED
BKG100894,EMP00276,Sofia Martinez,Human Resources,San Francisco, singapore ,2026-09-30,2026-10-08,Domestic,Singapore Airlines,2848.13,INR,CANCELLED
BKG100895,EMP00108,Ethan Brown,Engineering,Bengaluru,new york,2026-09-19,2026-09-30,Domestic,Emirates,279.61,INR,PENDING
BKG100896,EMP00177,Aarav Sharma,Marketing,LONDON,Toronto,2026-09-25,2026-10-03,International,Emirates,3892.94,INR,PENDING
BKG100897,EMP00124,Lucas Silva,Finance,tokyo,Sydney,2026-09-27,2026-10-02,International,Emirates,2144.02,INR,PENDING
BKG100898,EMP00053,Sofia Martinez,Engineering,Toronto,San Francisco,2026-09-16,2026-09-21,International,Air India,2280.29,GBP,CONFIRMED
BKG100899,EMP00282,  LUCAS SILVA  ,Engineering,Sydney,Bengaluru,2026-09-18,2026-09-20,Domestic,British Airways,1550.29,USD,CANCELLED
BKG100900,EMP00335,Olivia Davis,Operations,dubai,Sydney,2026-09-25,2026-10-01,International,Delta,339.93,USD,CONFIRMED
BKG100901,EMP00107,Ethan Brown,Engineering,dubai,new york,2026-09-12,2026-09-14,International,Singapore Airlines,2634.09,INR,PENDING
BKG100902,EMP00112,Isabella Rossi,Human Resources,new york,PARIS,2026-09-21,2026-09-28,Domestic,Singapore Airlines,520.12,GBP,CONFIRMED
BKG100903,EMP00217,Olivia Davis,Human Resources,Toronto,LONDON,2026-09-22,2026-09-27,Domestic,United Airlines,2215.42,USD,confirmed
BKG100904,EMP00287,Ethan Brown,Engineering,new york,Sydney,2026-09-19,2026-09-22,International,Qantas,463.92,INR,CONFIRMED
BKG100905,EMP00171,Ethan Brown,Engineering,PARIS,Bengaluru,2026-09-19,2026-09-24,International,Qantas,4093.14,GBP,CANCELLED
BKG100906,EMP00320,Priya Patel,Marketing,LONDON,dubai,2026-09-17,2026-09-28,International,Delta,2911.91,inr,CANCELLED
BKG100907,EMP00184,Priya Patel,Finance,Sydney,Bengaluru,2026-09-27,2026-09-28,International,United Airlines,4012.88,USD,CONFIRMED
BKG100908,EMP00344,  ETHAN BROWN  ,Finance,PARIS,dubai,2026-09-17,2026-09-25,Domestic,Singapore Airlines,669.31,GBP,CANCELLED
BKG100909,EMP00179,Noah Williams,Human Resources,PARIS,dubai,2026-09-15,2026-09-25,Domestic,Emirates,2378.48,GBP,PENDING
BKG100910,EMP00343,Ethan Brown,Operations,Toronto,dubai,2026-09-22,2026-09-26,Domestic,British Airways,3932.15,USD,CANCELLED
BKG100911,EMP00142,Isabella Rossi,Sales,new york,Bengaluru,2026-09-11,2026-09-18,International,Singapore Airlines,3886.92,INR,CONFIRMED
BKG100912,EMP00346,Priya Patel,Marketing,LONDON,PARIS,2026-09-21,2026-10-02,International,Lufthansa,1649.72,INR,CANCELLED
BKG100913,EMP00200,Emma Johnson,Marketing,Bengaluru,LONDON,2026-09-15,2026-09-21,International,Singapore Airlines,2653.22,USD,PENDING
BKG100914,EMP00034,Mia Anderson,Engineering,San Francisco,tokyo,2026-09-29,2026-10-13,International,Qantas,3217.48,EUR,pending
BKG100915,EMP00035,Priya Patel,Sales,Toronto,LONDON,2026-09-11,2026-09-21,International,Lufthansa,1111.97,USD,CONFIRMED
BKG100916,EMP00145,Olivia Davis,Sales,dubai,Toronto,2026-09-11,2026-09-25,International,Singapore Airlines,2591.28,EUR,CANCELLED
BKG100917,EMP00335,  AARAV SHARMA  ,Engineering,Toronto, singapore ,2026-09-25,2026-09-28,International,United Airlines,3180.64,GBP,PENDING
BKG100918,EMP00020,Mia Anderson,Human Resources,Bengaluru,LONDON,2026-09-20,2026-09-29,Domestic,Emirates,2728.05,USD,CONFIRMED
BKG100919,EMP00001,Olivia Davis,Operations,PARIS,new york,2026-09-25,2026-10-09,International,British Airways,3930.52,inr,PENDING
BKG100920,EMP00139,Noah Williams,Finance,Bengaluru,dubai,2026-09-13,2026-09-17,Domestic,United Airlines,1232.85,USD,PENDING
BKG100921,EMP00291,Aarav Sharma,Human Resources,LONDON,Toronto,2026-09-26,2026-09-28,Domestic,Delta,3155.81,GBP,PENDING
BKG100922,EMP00078,Lucas Silva,Operations,PARIS,LONDON,2026-09-12,2026-09-18,Domestic,United Airlines,1256.68,USD,CONFIRMED
BKG100923,EMP00212,Emma Johnson,Engineering,dubai,LONDON,2026-09-19,2026-09-24,Domestic,Lufthansa,3244.31,INR,CONFIRMED
BKG100924,EMP00042,Ethan Brown,Sales,PARIS,new york,2026-09-28,2026-10-05,International,Air India,3505.26,GBP,CANCELLED
BKG100925,EMP00151,Ethan Brown,Sales,LONDON,PARIS,2026-09-21,2026-09-26,International,Singapore Airlines,2778.84,USD,cancelled
BKG100926,EMP00072,  OLIVIA DAVIS  ,Sales,dubai,Bengaluru,2026-09-18,2026-09-22,International,Air India,1252.96,INR,CONFIRMED
BKG100927,EMP00294,Mia Anderson,Operations,Toronto,dubai,2026-09-27,2026-10-04,International,United Airlines,2578.92,INR,CONFIRMED
BKG100928,EMP00330,Sofia Martinez,Human Resources, singapore ,San Francisco,2026-09-23,2026-10-06,International,Emirates,2442.55,USD,CANCELLED
BKG100929,EMP00080,Priya Patel,Human Resources, singapore ,Toronto,2026-09-17,2026-09-24,Domestic,Air India,674.54,USD,CONFIRMED
BKG100930,EMP00252,Arjun Nair,Engineering,tokyo,LONDON,2026-09-21,2026-09-25,International,Singapore Airlines,1373.78,GBP,CONFIRMED
BKG100931,EMP00165,Arjun Nair,Engineering,San Francisco,Bengaluru,2026-09-12,2026-09-15,International,Lufthansa,1886.70,USD,CANCELLED
BKG100932,EMP00179,Aarav Sharma,Engineering,new york,Sydney,2026-09-24,2026-10-03,International,British Airways,722.87,gbp,CONFIRMED
BKG100933,EMP00035,Isabella Rossi,Marketing,PARIS,tokyo,2026-09-27,2026-10-10,Domestic,Qantas,255.29,EUR,CONFIRMED
BKG100934,EMP00312,Ethan Brown,Engineering,new york,Toronto,2026-09-13,2026-09-26,International,Qantas,3258.81,USD,CONFIRMED
BKG100935,EMP00222,  ARJUN NAIR  ,Engineering, singapore ,San Francisco,2026-09-26,2026-10-02,Domestic,Lufthansa,945.77,USD,PENDING
BKG100936,EMP00112,Priya Patel,Marketing,Toronto, singapore ,2026-09-12,2026-09-18,Domestic,Qantas,1941.82,GBP,cancelled
BKG100937,EMP00069,Ethan Brown,Human Resources,PARIS, singapore ,2026-09-13,2026-09-21,International,Air India,923.72,USD,CONFIRMED
BKG100938,EMP00310,Priya Patel,Human Resources,tokyo, singapore ,2026-10-02,2026-10-11,Domestic,Qantas,2422.28,INR,PENDING
BKG100939,EMP00150,Liam Chen,Finance,Bengaluru,PARIS,2026-09-13,2026-09-25,Domestic,Lufthansa,694.96,EUR,PENDING
BKG100940,EMP00100,Lucas Silva,Operations,dubai,LONDON,2026-09-13,2026-09-25,Domestic,Qantas,3457.11,USD,PENDING
BKG100941,EMP00114,Emma Johnson,Engineering,LONDON,new york,2026-09-26,2026-10-09,International,Singapore Airlines,3805.52,EUR,PENDING
BKG100942,EMP00064,Liam Chen,Sales,San Francisco,Bengaluru,2026-09-24,2026-09-28,International,Singapore Airlines,201.67,USD,CANCELLED
BKG100943,EMP00231,Liam Chen,Operations,Bengaluru,Toronto,2026-09-17,2026-09-20,Domestic,Delta,364.29,EUR,PENDING
BKG100944,EMP00122,  ETHAN BROWN  ,Operations, singapore ,Sydney,2026-09-18,2026-09-30,Domestic,Singapore Airlines,2374.97,GBP,CANCELLED
BKG100945,EMP00191,Isabella Rossi,Marketing,Sydney,Bengaluru,2026-09-28,2026-10-08,Domestic,Singapore Airlines,305.92,usd,CANCELLED
BKG100946,EMP00068,Emma Johnson,Marketing,Sydney,PARIS,2026-09-19,2026-09-26,International,British Airways,4129.58,INR,CANCELLED
BKG100947,EMP00061,Ethan Brown,Sales,Bengaluru,tokyo,2026-09-13,2026-09-15,Domestic,Qantas,3629.18,USD,confirmed
BKG100948,EMP00146,Lucas Silva,Sales,PARIS,new york,2026-09-14,2026-09-16,International,Delta,314.80,USD,CANCELLED
BKG100949,EMP00195,Isabella Rossi,Operations,new york,Toronto,2026-09-20,2026-09-26,International,Qantas,4066.30,EUR,CANCELLED
BKG100950,EMP00121,Aarav Sharma,Marketing,San Francisco, singapore ,2026-09-23,2026-09-25,International,United Airlines,3848.56,USD,CANCELLED
BKG100951,EMP00047,Liam Chen,Engineering,Bengaluru,Sydney,2026-09-26,2026-09-27,Domestic,Delta,350.40,INR,CONFIRMED
BKG100952,EMP00273,Priya Patel,Finance,Sydney, singapore ,2026-10-02,2026-10-13,Domestic,United Airlines,1426.58,EUR,PENDING
BKG100953,EMP00042,  ARJUN NAIR  ,Engineering,tokyo,Sydney,2026-09-20,2026-09-29,International,United Airlines,2407.73,EUR,CONFIRMED
BKG100954,EMP00084,Lucas Silva,Operations,Bengaluru,new york,2026-09-26,2026-10-01,International,Delta,2642.96,USD,CONFIRMED
BKG100955,EMP00196,Lucas Silva,Sales, singapore ,PARIS,2026-09-20,2026-09-27,Domestic,Lufthansa,330.47,GBP,PENDING
BKG100956,EMP00350,Ethan Brown,Human Resources,LONDON, singapore ,2026-10-02,2026-10-08,Domestic,Singapore Airlines,1456.42,INR,PENDING
BKG100957,EMP00185,Isabella Rossi,Finance,LONDON,dubai,2026-09-16,2026-09-30,International,United Airlines,328.68,GBP,PENDING
BKG100958,EMP00165,Mia Anderson,Sales,new york,tokyo,2026-09-13,2026-09-20,International,Delta,1327.73,inr,pending
BKG100959,EMP00071,Lucas Silva,Operations,Toronto,San Francisco,2026-09-24,2026-10-06,Domestic,Qantas,2683.37,INR,CONFIRMED
BKG100960,EMP00186,Sofia Martinez,Operations,dubai, singapore ,2026-10-01,2026-10-07,International,British Airways,927.50,GBP,CANCELLED
BKG100961,EMP00169,Priya Patel,Human Resources,Toronto,PARIS,2026-09-29,2026-10-13,Domestic,Emirates,598.65,GBP,CONFIRMED
BKG100962,EMP00259,  LUCAS SILVA  ,Operations,San Francisco, singapore ,2026-09-17,2026-10-01,Domestic,United Airlines,1030.43,EUR,PENDING
BKG100963,EMP00148,Mia Anderson,Engineering,Bengaluru,San Francisco,2026-09-12,2026-09-22,Domestic,Qantas,2412.17,EUR,PENDING
BKG100964,EMP00013,Isabella Rossi,Marketing, singapore ,Toronto,2026-09-20,2026-09-23,International,British Airways,2813.82,GBP,PENDING
BKG100965,EMP00070,Mia Anderson,Human Resources,dubai,LONDON,2026-09-21,2026-09-28,International,Singapore Airlines,1877.67,GBP,CONFIRMED
BKG100966,EMP00020,Emma Johnson,Finance,Bengaluru,dubai,2026-09-15,2026-09-23,Domestic,Air India,3549.23,INR,CONFIRMED
BKG100967,EMP00071,Aarav Sharma,Operations,Sydney,tokyo,2026-09-26,2026-10-01,International,Qantas,817.98,USD,CANCELLED
BKG100968,EMP00288,Noah Williams,Operations,Toronto,new york,2026-09-14,2026-09-27,Domestic,British Airways,984.12,GBP,CANCELLED
BKG100969,EMP00235,Liam Chen,Human Resources, singapore ,dubai,2026-10-01,2026-10-15,International,Qantas,2982.93,USD,cancelled
BKG100970,EMP00194,Liam Chen,Engineering,Bengaluru,tokyo,2026-09-28,2026-10-04,Domestic,Emirates,3876.71,GBP,CANCELLED
BKG100971,EMP00305,  ARJUN NAIR  ,Marketing,Toronto,Sydney,2026-09-22,2026-09-27,International,Delta,1669.23,usd,PENDING
BKG100972,EMP00065,Aarav Sharma,Human Resources,Sydney,Bengaluru,2026-09-16,2026-09-24,Domestic,United Airlines,1655.65,GBP,CONFIRMED
BKG100973,EMP00251,Sofia Martinez,Sales,Sydney,tokyo,2026-09-15,2026-09-18,International,Qantas,4185.53,GBP,CANCELLED
BKG100974,EMP00148,Lucas Silva,Sales,Sydney,LONDON,2026-09-17,2026-09-21,International,Qantas,303.14,INR,CONFIRMED
BKG100975,EMP00191,Aarav Sharma,Human Resources,dubai,Toronto,2026-09-26,2026-10-06,International,British Airways,256.85,INR,PENDING
BKG100976,EMP00314,Lucas Silva,Human Resources,new york,dubai,2026-09-17,2026-09-26,International,Air India,846.10,EUR,CANCELLED
BKG100977,EMP00104,Emma Johnson,Engineering,new york,Toronto,2026-09-25,2026-09-26,Domestic,United Airlines,1302.05,USD,CANCELLED
BKG100978,EMP00053,Isabella Rossi,Finance,Sydney,San Francisco,2026-09-29,2026-10-04,Domestic,Delta,3068.25,USD,PENDING
BKG100979,EMP00305,Aarav Sharma,Marketing,new york,PARIS,2026-09-27,2026-10-04,Domestic,Qantas,840.98,EUR,CONFIRMED
BKG100980,EMP00168,  MIA ANDERSON  ,Engineering,Bengaluru,new york,2026-09-30,2026-10-08,International,Lufthansa,3990.17,USD,confirmed
BKG100981,EMP00100,Ethan Brown,Engineering,LONDON,Sydney,2026-09-24,2026-10-06,International,Emirates,1551.74,EUR,CANCELLED
BKG100982,EMP00166,Ethan Brown,Sales,tokyo,Toronto,2026-09-24,2026-09-26,International,Lufthansa,4107.57,USD,CANCELLED
BKG100983,EMP00121,Olivia Davis,Marketing,new york, singapore ,2026-09-14,2026-09-19,International,Qantas,3718.86,USD,CANCELLED
BKG100984,EMP00173,Lucas Silva,Sales,PARIS,new york,2026-09-16,2026-09-27,Domestic,United Airlines,2001.85,inr,CONFIRMED
BKG100985,EMP00335,Noah Williams,Finance,San Francisco,dubai,2026-09-17,2026-09-22,Domestic,United Airlines,922.21,INR,CANCELLED
BKG100986,EMP00126,Emma Johnson,Finance,Toronto,PARIS,2026-09-17,2026-09-21,Domestic,Air India,3739.12,EUR,CONFIRMED
BKG100987,EMP00339,Lucas Silva,Operations, singapore ,San Francisco,2026-09-23,2026-09-26,Domestic,Air India,424.00,GBP,PENDING
BKG100988,EMP00248,Priya Patel,Engineering,new york,dubai,2026-09-29,2026-10-02,Domestic,Delta,2053.28,USD,CANCELLED
BKG100989,EMP00200,  SOFIA MARTINEZ  ,Operations,Bengaluru, singapore ,2026-10-02,2026-10-04,Domestic,Singapore Airlines,3268.42,INR,PENDING
BKG100990,EMP00090,Liam Chen,Engineering, singapore ,PARIS,2026-10-01,2026-10-08,Domestic,British Airways,715.33,USD,PENDING
BKG100991,EMP00237,Noah Williams,Finance,dubai,new york,2026-09-13,2026-09-22,International,Qantas,1458.90,INR,confirmed
BKG100992,EMP00309,Olivia Davis,Human Resources,tokyo,Bengaluru,2026-09-30,2026-10-07,Domestic,Air India,2709.84,GBP,CANCELLED
BKG100993,EMP00301,Sofia Martinez,Operations,tokyo,PARIS,2026-10-02,2026-10-04,Domestic,Delta,1926.17,USD,PENDING
BKG100994,EMP00102,Arjun Nair,Operations,Toronto,San Francisco,2026-09-11,2026-09-25,International,British Airways,1825.78,INR,PENDING
BKG100995,EMP00258,Isabella Rossi,Engineering,Bengaluru, singapore ,2026-09-20,2026-09-22,Domestic,Qantas,3439.01,GBP,PENDING
BKG100996,EMP00053,Mia Anderson,Finance, singapore ,PARIS,2026-09-29,2026-10-02,International,Delta,1574.81,USD,PENDING
BKG100997,EMP00321,Mia Anderson,Finance,new york,Sydney,2026-09-22,2026-10-04,International,Air India,2873.49,inr,CANCELLED
BKG100998,EMP00115,  AARAV SHARMA  ,Engineering, singapore ,Bengaluru,2026-09-13,2026-09-23,International,United Airlines,4114.27,USD,CANCELLED
BKG100999,EMP00326,Sofia Martinez,Engineering,tokyo,Bengaluru,2026-09-24,2026-10-01,Domestic,British Airways,3492.84,USD,CONFIRMED
BKG101000,EMP00310,Olivia Davis,Sales,Toronto,new york,2026-09-30,2026-10-11,Domestic,Air India,137.81,EUR,PENDING
BKG101001,EMP00345,Olivia Davis,Engineering,LONDON,PARIS,2026-09-23,2026-09-30,International,Singapore Airlines,3579.49,GBP,CONFIRMED
BKG101002,EMP00307,Noah Williams,Sales,tokyo,Bengaluru,2026-09-18,2026-10-02,International,Singapore Airlines,679.38,GBP,cancelled
BKG101003,EMP00325,Mia Anderson,Finance,dubai,new york,2026-10-02,2026-10-12,International,United Airlines,3303.73,EUR,PENDING
BKG101004,EMP00306,Arjun Nair,Engineering,PARIS,dubai,2026-09-15,2026-09-19,International,Air India,2840.17,GBP,PENDING
BKG101005,EMP00173,Sofia Martinez,Operations,dubai,Bengaluru,2026-09-27,2026-09-29,International,Lufthansa,1174.87,USD,CONFIRMED
BKG101006,EMP00283,Ethan Brown,Engineering, singapore ,San Francisco,2026-09-27,2026-10-03,Domestic,Emirates,2991.65,GBP,CANCELLED
BKG101007,EMP00207,  LUCAS SILVA  ,Sales,San Francisco,LONDON,2026-09-11,2026-09-14,International,United Airlines,232.83,INR,CANCELLED
BKG101008,EMP00180,Mia Anderson,Sales,Bengaluru,San Francisco,2026-09-23,2026-10-03,International,Delta,2872.72,INR,CANCELLED
BKG101009,EMP00283,Mia Anderson,Engineering,Bengaluru,PARIS,2026-09-14,2026-09-18,International,British Airways,2922.64,GBP,CONFIRMED
BKG101010,EMP00320,Priya Patel,Sales,PARIS,tokyo,2026-09-19,2026-10-01,Domestic,Lufthansa,1931.31,usd,PENDING
BKG101011,EMP00158,Liam Chen,Human Resources,tokyo,LONDON,2026-10-01,2026-10-02,International,British Airways,1606.36,EUR,CONFIRMED
BKG101012,EMP00346,Olivia Davis,Human Resources,Sydney,dubai,2026-09-12,2026-09-16,Domestic,Qantas,4035.04,INR,CONFIRMED
BKG101013,EMP00179,Emma Johnson,Engineering,PARIS,San Francisco,2026-09-19,2026-09-30,Domestic,Qantas,497.39,INR,cancelled
BKG101014,EMP00038,Mia Anderson,Marketing,PARIS,tokyo,2026-09-16,2026-09-19,International,Emirates,615.57,USD,PENDING
BKG101015,EMP00053,Liam Chen,Marketing,tokyo,Toronto,2026-10-01,2026-10-04,Domestic,United Airlines,3838.93,USD,CONFIRMED
BKG101016,EMP00261,  ISABELLA ROSSI  ,Finance,Bengaluru,LONDON,2026-09-21,2026-09-28,Domestic,United Airlines,429.62,GBP,CONFIRMED
BKG101017,EMP00097,Olivia Davis,Marketing,San Francisco,PARIS,2026-09-21,2026-09-25,International,Delta,690.42,GBP,CONFIRMED
BKG101018,EMP00066,Noah Williams,Marketing,Bengaluru,PARIS,2026-09-21,2026-09-25,International,Air India,781.50,EUR,PENDING
BKG101019,EMP00070,Arjun Nair,Finance, singapore ,Sydney,2026-09-29,2026-10-08,International,Delta,2087.08,INR,CONFIRMED
BKG101020,EMP00100,Liam Chen,Finance,new york,PARIS,2026-09-13,2026-09-26,International,British Airways,4022.13,GBP,CONFIRMED
BKG101021,EMP00140,Sofia Martinez,Finance,LONDON,dubai,2026-09-27,2026-10-02,International,Lufthansa,847.89,USD,PENDING
BKG101022,EMP00120,Lucas Silva,Operations,San Francisco,new york,2026-09-28,2026-10-08,International,Delta,1177.08,INR,CANCELLED
BKG101023,EMP00221,Sofia Martinez,Human Resources,Toronto,dubai,2026-09-20,2026-10-04,International,Singapore Airlines,2431.15,inr,CONFIRMED
BKG101024,EMP00317,Noah Williams,Sales,PARIS,dubai,2026-09-23,2026-09-28,International,Lufthansa,1601.24,INR,confirmed
BKG101025,EMP00276,  ETHAN BROWN  ,Engineering,Toronto,tokyo,2026-09-25,2026-09-26,Domestic,Lufthansa,3197.40,USD,CANCELLED
BKG101026,EMP00151,Liam Chen,Marketing,Sydney,dubai,2026-09-21,2026-10-04,Domestic,Qantas,563.18,EUR,PENDING
BKG101027,EMP00258,Mia Anderson,Operations,LONDON,dubai,2026-09-26,2026-10-03,International,British Airways,1241.03,INR,PENDING
BKG101028,EMP00209,Sofia Martinez,Engineering,Toronto,San Francisco,2026-09-19,2026-09-25,Domestic,Lufthansa,3557.78,USD,CONFIRMED
BKG101029,EMP00148,Noah Williams,Marketing,San Francisco,new york,2026-09-20,2026-09-22,Domestic,Delta,1487.59,EUR,CANCELLED
BKG101030,EMP00297,Priya Patel,Marketing,Bengaluru,Sydney,2026-09-18,2026-09-29,International,Air India,904.26,USD,CONFIRMED
BKG101031,EMP00038,Sofia Martinez,Marketing,LONDON,dubai,2026-10-01,2026-10-13,Domestic,Singapore Airlines,2399.80,GBP,CANCELLED
BKG101032,EMP00110,Mia Anderson,Sales,Bengaluru,PARIS,2026-10-02,2026-10-09,Domestic,Air India,1324.09,GBP,CONFIRMED
BKG101033,EMP00272,Emma Johnson,Marketing,tokyo,Toronto,2026-09-17,2026-09-29,Domestic,Emirates,708.40,USD,PENDING
BKG101034,EMP00044,  NOAH WILLIAMS  ,Engineering,LONDON,new york,2026-09-14,2026-09-23,Domestic,Lufthansa,1829.93,GBP,PENDING
BKG101035,EMP00030,Lucas Silva,Finance,Toronto,Sydney,2026-09-14,2026-09-25,Domestic,Qantas,2422.03,GBP,confirmed
BKG101036,EMP00291,Ethan Brown,Engineering,Toronto,dubai,2026-09-20,2026-09-23,International,Delta,1727.07,inr,CANCELLED
BKG101037,EMP00092,Arjun Nair,Marketing,LONDON, singapore ,2026-10-01,2026-10-08,Domestic,Delta,3592.99,GBP,PENDING
BKG101038,EMP00044,Priya Patel,Engineering,dubai,LONDON,2026-09-28,2026-10-05,Domestic,Lufthansa,3562.48,INR,PENDING
BKG101039,EMP00169,Aarav Sharma,Finance,PARIS,new york,2026-09-18,2026-09-25,Domestic,Singapore Airlines,532.22,INR,CANCELLED
BKG101040,EMP00324,Lucas Silva,Finance,Bengaluru,dubai,2026-09-18,2026-09-22,International,Singapore Airlines,4183.29,USD,CANCELLED
BKG101041,EMP00021,Liam Chen,Sales, singapore ,dubai,2026-09-17,2026-10-01,International,Emirates,2479.55,INR,CONFIRMED
BKG101042,EMP00341,Sofia Martinez,Finance,LONDON,Toronto,2026-09-28,2026-10-11,International,United Airlines,2139.76,INR,CANCELLED
BKG101043,EMP00033,  AARAV SHARMA  ,Human Resources,LONDON,San Francisco,2026-09-24,2026-09-30,International,Singapore Airlines,2527.78,GBP,CANCELLED
BKG101044,EMP00040,Liam Chen,Finance,LONDON,tokyo,2026-09-29,2026-10-11,International,United Airlines,981.92,INR,PENDING
BKG101045,EMP00093,Noah Williams,Finance, singapore ,LONDON,2026-09-30,2026-10-03,International,Air India,821.91,EUR,CANCELLED
BKG101046,EMP00331,Isabella Rossi,Sales,new york,San Francisco,2026-09-21,2026-09-30,Domestic,United Airlines,3023.75,EUR,cancelled
BKG101047,EMP00022,Ethan Brown,Operations,dubai,San Francisco,2026-09-15,2026-09-16,International,Lufthansa,3391.31,USD,PENDING
BKG101048,EMP00061,Emma Johnson,Marketing,LONDON,PARIS,2026-09-21,2026-09-25,Domestic,Delta,799.57,EUR,CANCELLED
BKG101049,EMP00297,Priya Patel,Finance,PARIS,Sydney,2026-09-22,2026-09-27,International,United Airlines,3055.32,usd,CONFIRMED
BKG101050,EMP00292,Priya Patel,Human Resources,dubai,new york,2026-09-28,2026-09-29,Domestic,Singapore Airlines,247.65,EUR,PENDING
BKG101051,EMP00160,Olivia Davis,Engineering,Sydney,tokyo,2026-09-25,2026-10-08,International,Emirates,2675.37,USD,CANCELLED
BKG101052,EMP00235,  NOAH WILLIAMS  ,Engineering,Toronto,PARIS,2026-10-02,2026-10-09,Domestic,Singapore Airlines,3234.04,INR,CONFIRMED
BKG101053,EMP00028,Arjun Nair,Engineering,LONDON,new york,2026-09-30,2026-10-07,International,Singapore Airlines,954.23,INR,CONFIRMED
BKG101054,EMP00273,Lucas Silva,Human Resources,San Francisco,tokyo,2026-09-20,2026-09-30,International,Lufthansa,2854.13,GBP,CANCELLED
BKG101055,EMP00241,Arjun Nair,Marketing,dubai,new york,2026-09-23,2026-09-25,International,Emirates,2891.74,INR,CANCELLED
BKG101056,EMP00311,Arjun Nair,Marketing,San Francisco,tokyo,2026-09-29,2026-10-08,International,Delta,1418.09,EUR,PENDING
BKG101057,EMP00027,Arjun Nair,Human Resources,dubai, singapore ,2026-09-26,2026-09-28,Domestic,Emirates,3798.72,USD,confirmed
BKG101058,EMP00046,Olivia Davis,Sales,LONDON,new york,2026-09-14,2026-09-20,Domestic,Delta,3510.94,USD,CANCELLED
BKG101059,EMP00225,Arjun Nair,Finance,San Francisco,dubai,2026-09-24,2026-09-29,Domestic,British Airways,1485.36,EUR,CONFIRMED
BKG101060,EMP00236,Arjun Nair,Operations,tokyo,PARIS,2026-09-28,2026-09-30,Domestic,Singapore Airlines,2343.78,INR,PENDING
BKG101061,EMP00191,  ARJUN NAIR  ,Human Resources,tokyo,San Francisco,2026-09-29,2026-10-03,Domestic,United Airlines,1806.91,USD,CONFIRMED
BKG101062,EMP00170,Noah Williams,Human Resources,dubai,Toronto,2026-09-22,2026-09-23,Domestic,Singapore Airlines,404.45,usd,PENDING
BKG101063,EMP00083,Olivia Davis,Human Resources,Toronto, singapore ,2026-09-15,2026-09-22,Domestic,United Airlines,4169.54,GBP,CONFIRMED
BKG101064,EMP00173,Isabella Rossi,Operations,Bengaluru,new york,2026-09-28,2026-10-11,International,Emirates,1753.20,GBP,CANCELLED
BKG101065,EMP00339,Sofia Martinez,Sales,LONDON,Bengaluru,2026-09-29,2026-10-12,Domestic,British Airways,578.82,INR,PENDING
BKG101066,EMP00138,Mia Anderson,Finance,Toronto,LONDON,2026-09-17,2026-09-29,International,Lufthansa,2088.15,INR,CANCELLED
BKG101067,EMP00074,Sofia Martinez,Operations,San Francisco, singapore ,2026-09-13,2026-09-16,Domestic,Air India,4171.58,GBP,PENDING
BKG101068,EMP00254,Aarav Sharma,Human Resources,new york, singapore ,2026-09-16,2026-09-17,Domestic,Qantas,1514.74,GBP,cancelled
BKG101069,EMP00167,Emma Johnson,Engineering,new york,PARIS,2026-09-17,2026-09-26,International,Air India,3330.97,GBP,CONFIRMED
BKG101070,EMP00153,  LIAM CHEN  ,Sales,new york,Toronto,2026-09-22,2026-10-04,International,Air India,3275.94,INR,PENDING
BKG101071,EMP00333,Olivia Davis,Marketing,dubai, singapore ,2026-09-24,2026-09-29,Domestic,United Airlines,1293.22,GBP,CONFIRMED
BKG101072,EMP00081,Arjun Nair,Marketing,PARIS,Bengaluru,2026-09-26,2026-10-04,Domestic,Emirates,1591.60,GBP,CONFIRMED
BKG101073,EMP00110,Ethan Brown,Marketing,dubai,LONDON,2026-09-24,2026-10-06,International,Singapore Airlines,2551.77,INR,PENDING
BKG101074,EMP00123,Aarav Sharma,Operations,dubai,new york,2026-09-11,2026-09-19,International,Delta,882.42,GBP,PENDING
BKG101075,EMP00112,Noah Williams,Marketing,Sydney,LONDON,2026-09-29,2026-10-02,International,Emirates,773.94,gbp,PENDING
BKG101076,EMP00145,Priya Patel,Engineering,Toronto,tokyo,2026-09-14,2026-09-21,Domestic,British Airways,1001.92,INR,PENDING
BKG101077,EMP00186,Sofia Martinez,Human Resources,Toronto,Bengaluru,2026-09-26,2026-10-09,International,Emirates,3506.36,INR,CANCELLED
BKG101078,EMP00144,Arjun Nair,Human Resources,San Francisco,PARIS,2026-09-23,2026-09-28,Domestic,British Airways,2630.45,INR,CANCELLED
BKG101079,EMP00106,  SOFIA MARTINEZ  ,Engineering,Sydney, singapore ,2026-09-23,2026-10-06,Domestic,Qantas,3143.91,INR,confirmed
BKG101080,EMP00226,Ethan Brown,Operations, singapore ,PARIS,2026-10-01,2026-10-04,International,Air India,3228.95,EUR,CONFIRMED
BKG101081,EMP00045,Lucas Silva,Sales,LONDON,Toronto,2026-09-28,2026-10-01,International,Air India,160.36,GBP,CANCELLED
BKG101082,EMP00155,Olivia Davis,Engineering,Toronto,Bengaluru,2026-09-20,2026-09-27,Domestic,British Airways,2560.42,GBP,CONFIRMED
BKG101083,EMP00122,Sofia Martinez,Human Resources,dubai,tokyo,2026-10-01,2026-10-05,International,Air India,3990.12,GBP,CANCELLED
BKG101084,EMP00124,Olivia Davis,Sales,Toronto,tokyo,2026-09-26,2026-10-06,International,Qantas,2050.00,USD,CANCELLED
BKG101085,EMP00078,Sofia Martinez,Sales,LONDON,Sydney,2026-09-23,2026-09-25,International,Emirates,3867.36,EUR,CONFIRMED
BKG101086,EMP00181,Lucas Silva,Operations,new york,tokyo,2026-10-02,2026-10-13,Domestic,British Airways,690.68,GBP,CANCELLED
BKG101087,EMP00244,Mia Anderson,Marketing,PARIS,Toronto,2026-09-28,2026-10-07,International,British Airways,303.62,GBP,CANCELLED
BKG101088,EMP00021,  MIA ANDERSON  ,Engineering, singapore ,PARIS,2026-09-16,2026-09-23,Domestic,Emirates,662.82,gbp,CONFIRMED
BKG101089,EMP00293,Sofia Martinez,Marketing,Toronto,tokyo,2026-09-25,2026-10-06,International,Lufthansa,885.33,GBP,PENDING
BKG101090,EMP00053,Liam Chen,Finance,tokyo,LONDON,2026-09-20,2026-09-21,Domestic,Qantas,1368.43,EUR,pending
BKG101091,EMP00062,Priya Patel,Engineering,PARIS,San Francisco,2026-09-18,2026-09-30,International,Air India,4021.76,USD,CONFIRMED
BKG101092,EMP00057,Emma Johnson,Finance,PARIS,new york,2026-09-23,2026-09-26,Domestic,Air India,2903.73,GBP,CANCELLED
BKG101093,EMP00277,Emma Johnson,Human Resources,LONDON,San Francisco,2026-09-22,2026-10-05,International,United Airlines,1558.14,GBP,CANCELLED
BKG101094,EMP00080,Mia Anderson,Sales,tokyo,dubai,2026-09-28,2026-10-06,Domestic,Lufthansa,2332.65,USD,CONFIRMED
BKG101095,EMP00307,Isabella Rossi,Sales,new york,LONDON,2026-09-23,2026-10-03,Domestic,Singapore Airlines,3452.06,USD,PENDING
BKG101096,EMP00147,Liam Chen,Engineering,Toronto,PARIS,2026-09-14,2026-09-25,International,Emirates,851.18,INR,PENDING
BKG101097,EMP00310,  OLIVIA DAVIS  ,Engineering,PARIS, singapore ,2026-09-11,2026-09-24,Domestic,Emirates,1233.28,USD,CANCELLED
BKG101098,EMP00140,Priya Patel,Human Resources,Bengaluru,tokyo,2026-09-28,2026-09-29,International,Singapore Airlines,3403.49,USD,CONFIRMED
BKG101099,EMP00063,Liam Chen,Marketing,tokyo,Sydney,2026-09-18,2026-09-26,Domestic,Singapore Airlines,1603.33,USD,CONFIRMED
BKG101100,EMP00111,Olivia Davis,Marketing,tokyo,Toronto,2026-09-25,2026-10-02,International,Lufthansa,1628.52,USD,CANCELLED
BKG101101,EMP00049,Noah Williams,Human Resources,dubai,tokyo,2026-09-28,2026-10-09,International,British Airways,3619.75,inr,pending
BKG101102,EMP00074,Liam Chen,Operations,new york,LONDON,2026-09-26,2026-10-03,Domestic,Lufthansa,2317.49,GBP,CONFIRMED
BKG101103,EMP00070,Sofia Martinez,Sales,new york,tokyo,2026-10-02,2026-10-13,Domestic,Delta,2840.82,USD,CONFIRMED
BKG101104,EMP00303,Arjun Nair,Finance,new york, singapore ,2026-09-11,2026-09-20,Domestic,Lufthansa,3120.43,GBP,PENDING
BKG101105,EMP00023,Sofia Martinez,Human Resources,PARIS,LONDON,2026-09-15,2026-09-18,International,Lufthansa,2636.15,GBP,CANCELLED
BKG101106,EMP00025,  ETHAN BROWN  ,Marketing,new york,LONDON,2026-09-16,2026-09-22,Domestic,Emirates,2439.83,USD,CONFIRMED
BKG101107,EMP00025,Ethan Brown,Finance,LONDON,Sydney,2026-09-25,2026-09-30,Domestic,Singapore Airlines,631.88,USD,PENDING
BKG101108,EMP00252,Priya Patel,Engineering,Toronto,Sydney,2026-09-29,2026-10-09,International,Qantas,592.84,INR,PENDING
BKG101109,EMP00212,Liam Chen,Human Resources,San Francisco,PARIS,2026-09-30,2026-10-02,Domestic,Air India,3776.65,USD,PENDING
BKG101110,EMP00230,Arjun Nair,Operations, singapore ,LONDON,2026-09-24,2026-10-06,Domestic,Delta,2117.98,EUR,PENDING
BKG101111,EMP00114,Aarav Sharma,Human Resources,Toronto,LONDON,2026-09-13,2026-09-25,International,British Airways,1358.46,EUR,PENDING
BKG101112,EMP00303,Mia Anderson,Human Resources,new york,PARIS,2026-09-11,2026-09-14,International,Air India,2235.93,GBP,confirmed
BKG101113,EMP00301,Noah Williams,Finance,PARIS,San Francisco,2026-09-13,2026-09-22,International,Lufthansa,1932.20,GBP,PENDING
BKG101114,EMP00318,Ethan Brown,Marketing,new york,PARIS,2026-09-20,2026-09-21,International,Singapore Airlines,2017.05,gbp,PENDING
BKG101115,EMP00215,  MIA ANDERSON  ,Sales,Sydney,Toronto,2026-09-18,2026-10-01,International,Air India,481.40,INR,CONFIRMED
BKG101116,EMP00332,Aarav Sharma,Marketing,Sydney,new york,2026-09-27,2026-10-01,International,British Airways,2974.77,EUR,PENDING
BKG101117,EMP00242,Aarav Sharma,Sales, singapore ,dubai,2026-09-15,2026-09-16,Domestic,United Airlines,1696.51,USD,PENDING
BKG101118,EMP00328,Olivia Davis,Sales,new york,Sydney,2026-09-14,2026-09-22,Domestic,British Airways,1536.89,INR,PENDING
BKG101119,EMP00305,Emma Johnson,Human Resources,San Francisco,Bengaluru,2026-09-17,2026-09-28,International,Singapore Airlines,3324.84,INR,CANCELLED
BKG101120,EMP00064,Arjun Nair,Marketing,Toronto,tokyo,2026-09-12,2026-09-18,International,United Airlines,2810.96,EUR,PENDING
BKG101121,EMP00076,Mia Anderson,Operations,Bengaluru,tokyo,2026-09-21,2026-09-30,International,British Airways,1061.09,INR,CONFIRMED
BKG101122,EMP00061,Mia Anderson,Operations,tokyo,PARIS,2026-09-27,2026-10-09,Domestic,Qantas,1592.61,GBP,PENDING
BKG101123,EMP00238,Arjun Nair,Operations,tokyo, singapore ,2026-09-20,2026-09-27,Domestic,Delta,2793.94,USD,confirmed
BKG101124,EMP00269,  EMMA JOHNSON  ,Sales,dubai,LONDON,2026-09-19,2026-10-01,International,United Airlines,1234.15,EUR,CONFIRMED
BKG101125,EMP00273,Emma Johnson,Operations,LONDON,Sydney,2026-09-22,2026-09-24,International,United Airlines,3374.94,USD,CONFIRMED
BKG101126,EMP00017,Ethan Brown,Marketing,tokyo,LONDON,2026-10-01,2026-10-06,Domestic,Emirates,2144.27,EUR,PENDING
BKG101127,EMP00007,Olivia Davis,Finance,LONDON,dubai,2026-09-27,2026-09-29,International,United Airlines,1631.74,eur,CONFIRMED
BKG101128,EMP00124,Emma Johnson,Human Resources,Sydney,dubai,2026-09-27,2026-10-09,Domestic,Qantas,671.38,INR,CANCELLED
BKG101129,EMP00286,Olivia Davis,Sales,LONDON,tokyo,2026-09-16,2026-09-21,International,Emirates,1968.33,INR,PENDING
BKG101130,EMP00327,Aarav Sharma,Marketing,LONDON,Sydney,2026-09-27,2026-09-28,Domestic,Emirates,756.92,EUR,CANCELLED
BKG101131,EMP00245,Liam Chen,Engineering,new york, singapore ,2026-09-30,2026-10-03,Domestic,Singapore Airlines,1559.32,EUR,PENDING
BKG101132,EMP00212,Aarav Sharma,Sales,San Francisco,tokyo,2026-09-26,2026-10-02,International,United Airlines,2008.21,USD,CANCELLED
BKG101133,EMP00277,  SOFIA MARTINEZ  ,Finance,PARIS,Sydney,2026-09-18,2026-09-21,Domestic,Delta,955.44,INR,CANCELLED
BKG101134,EMP00137,Arjun Nair,Sales,PARIS,new york,2026-09-13,2026-09-18,Domestic,Emirates,3917.22,USD,cancelled
BKG101135,EMP00239,Olivia Davis,Operations,Bengaluru,dubai,2026-09-18,2026-10-02,International,Qantas,4121.13,GBP,CONFIRMED
BKG101136,EMP00126,Arjun Nair,Finance,LONDON,Toronto,2026-09-23,2026-09-30,International,Singapore Airlines,1246.22,USD,PENDING
BKG101137,EMP00133,Isabella Rossi,Human Resources,PARIS,Sydney,2026-09-23,2026-10-05,Domestic,British Airways,3443.99,USD,CONFIRMED
BKG101138,EMP00059,Aarav Sharma,Human Resources,new york,San Francisco,2026-09-13,2026-09-19,Domestic,Air India,2902.16,GBP,PENDING
BKG101139,EMP00064,Lucas Silva,Marketing,dubai,new york,2026-09-15,2026-09-18,Domestic,Lufthansa,396.19,INR,CANCELLED
BKG101140,EMP00045,Lucas Silva,Sales,dubai,new york,2026-09-27,2026-10-05,Domestic,United Airlines,3926.70,inr,CONFIRMED
BKG101141,EMP00270,Olivia Davis,Finance,Sydney,tokyo,2026-09-12,2026-09-18,Domestic,Qantas,971.02,EUR,PENDING
BKG101142,EMP00069,  ARJUN NAIR  ,Engineering,new york,San Francisco,2026-09-21,2026-09-30,Domestic,Emirates,1659.41,INR,CONFIRMED
BKG101143,EMP00236,Noah Williams,Human Resources, singapore ,Sydney,2026-09-26,2026-10-07,Domestic,Singapore Airlines,2979.62,USD,CONFIRMED
BKG101144,EMP00207,Noah Williams,Sales,Bengaluru,dubai,2026-09-28,2026-09-30,Domestic,Delta,3781.05,INR,CONFIRMED
BKG101145,EMP00090,Olivia Davis,Finance, singapore ,tokyo,2026-10-02,2026-10-13,International,Delta,3997.11,USD,cancelled
BKG101146,EMP00180,Emma Johnson,Finance,tokyo,LONDON,2026-09-24,2026-10-04,Domestic,Singapore Airlines,700.12,GBP,CANCELLED
BKG101147,EMP00165,Lucas Silva,Finance,Bengaluru,tokyo,2026-09-24,2026-10-01,International,Lufthansa,946.58,GBP,PENDING
BKG101148,EMP00217,Aarav Sharma,Human Resources,Sydney,San Francisco,2026-09-13,2026-09-22,Domestic,Delta,3048.25,EUR,PENDING
BKG101149,EMP00048,Liam Chen,Operations,tokyo,PARIS,2026-09-13,2026-09-17,International,United Airlines,1027.07,EUR,PENDING
BKG101150,EMP00234,Liam Chen,Engineering,new york,tokyo,2026-09-21,2026-09-28,International,Lufthansa,3068.81,GBP,CONFIRMED
BKG101151,EMP00329,  NOAH WILLIAMS  ,Marketing,PARIS,dubai,2026-09-23,2026-10-01,Domestic,Qantas,3181.22,USD,CANCELLED
BKG101152,EMP00210,Arjun Nair,Sales, singapore ,new york,2026-09-13,2026-09-24,International,Singapore Airlines,1281.95,EUR,CONFIRMED
BKG101153,EMP00189,Isabella Rossi,Engineering, singapore ,Sydney,2026-09-28,2026-10-01,Domestic,United Airlines,3308.22,gbp,PENDING
BKG101154,EMP00114,Ethan Brown,Human Resources,Bengaluru,Sydney,2026-09-30,2026-10-11,International,Air India,2002.84,EUR,CANCELLED
BKG101155,EMP00125,Ethan Brown,Operations,new york, singapore ,2026-09-30,2026-10-02,Domestic,Delta,2089.23,INR,CONFIRMED
BKG101156,EMP00207,Lucas Silva,Sales,LONDON,Bengaluru,2026-09-17,2026-09-19,Domestic,Singapore Airlines,1755.28,GBP,pending
BKG101157,EMP00175,Noah Williams,Human Resources,LONDON,PARIS,2026-09-11,2026-09-24,Domestic,Singapore Airlines,712.31,EUR,PENDING
BKG101158,EMP00064,Mia Anderson,Human Resources,tokyo, singapore ,2026-09-21,2026-09-28,Domestic,Delta,3761.39,GBP,PENDING
BKG101159,EMP00117,Noah Williams,Human Resources,tokyo,dubai,2026-09-24,2026-09-30,Domestic,Qantas,400.93,EUR,CONFIRMED
BKG101160,EMP00229,  OLIVIA DAVIS  ,Marketing,Sydney,new york,2026-10-02,2026-10-15,Domestic,Emirates,3972.85,GBP,CANCELLED
BKG101161,EMP00289,Emma Johnson,Marketing, singapore ,Sydney,2026-09-17,2026-09-25,International,United Airlines,2355.41,GBP,CANCELLED
BKG101162,EMP00216,Ethan Brown,Marketing,Sydney,LONDON,2026-09-13,2026-09-22,Domestic,Lufthansa,317.09,EUR,CONFIRMED
BKG101163,EMP00099,Ethan Brown,Finance,Bengaluru, singapore ,2026-09-24,2026-10-08,International,Lufthansa,3833.39,USD,CANCELLED
BKG101164,EMP00325,Sofia Martinez,Human Resources,Sydney,new york,2026-09-29,2026-10-04,Domestic,Air India,4017.98,GBP,CANCELLED
BKG101165,EMP00009,Priya Patel,Sales,Toronto, singapore ,2026-09-15,2026-09-27,International,Emirates,1227.11,INR,PENDING
BKG101166,EMP00244,Arjun Nair,Sales,Bengaluru,tokyo,2026-09-21,2026-10-02,Domestic,British Airways,3424.64,eur,PENDING
BKG101167,EMP00102,Ethan Brown,Marketing,PARIS,Toronto,2026-09-19,2026-09-27,International,Lufthansa,2564.35,USD,cancelled
BKG101168,EMP00292,Olivia Davis,Human Resources,new york,Sydney,2026-09-23,2026-09-26,International,Air India,3000.42,EUR,CONFIRMED
BKG101169,EMP00061,  EMMA JOHNSON  ,Engineering,new york,Bengaluru,2026-09-16,2026-09-19,International,Emirates,1582.21,GBP,CANCELLED
BKG101170,EMP00038,Priya Patel,Finance,tokyo,new york,2026-09-27,2026-10-07,International,Singapore Airlines,2377.48,GBP,PENDING
BKG101171,EMP00024,Isabella Rossi,Operations,PARIS,Bengaluru,2026-09-20,2026-09-24,International,Delta,417.34,USD,CANCELLED
BKG101172,EMP00333,Ethan Brown,Operations, singapore ,San Francisco,2026-09-19,2026-09-21,Domestic,Lufthansa,2367.56,EUR,PENDING
BKG101173,EMP00114,Priya Patel,Operations, singapore ,tokyo,2026-09-25,2026-09-27,International,Singapore Airlines,751.45,INR,CANCELLED
BKG101174,EMP00158,Olivia Davis,Marketing,tokyo, singapore ,2026-09-16,2026-09-29,Domestic,Qantas,856.23,GBP,PENDING
BKG101175,EMP00257,Mia Anderson,Sales, singapore ,San Francisco,2026-09-17,2026-09-24,International,British Airways,2387.54,INR,CONFIRMED
BKG101176,EMP00307,Emma Johnson,Sales,PARIS,Toronto,2026-09-30,2026-10-04,Domestic,Singapore Airlines,3414.53,EUR,CANCELLED
BKG101177,EMP00072,Ethan Brown,Marketing,San Francisco,Bengaluru,2026-09-23,2026-09-26,Domestic,United Airlines,2425.23,INR,CANCELLED
BKG101178,EMP00149,  MIA ANDERSON  ,Finance, singapore ,San Francisco,2026-09-15,2026-09-19,International,Lufthansa,433.86,EUR,confirmed
BKG101179,EMP00165,Olivia Davis,Operations,Bengaluru,LONDON,2026-09-11,2026-09-14,Domestic,Qantas,3069.56,inr,CANCELLED
BKG101180,EMP00009,Noah Williams,Sales,Sydney,Toronto,2026-09-12,2026-09-13,Domestic,British Airways,650.61,USD,CANCELLED
BKG101181,EMP00337,Olivia Davis,Human Resources,dubai,Bengaluru,2026-09-20,2026-09-21,International,Qantas,1790.05,EUR,CANCELLED
BKG101182,EMP00071,Lucas Silva,Human Resources,new york,tokyo,2026-09-28,2026-10-02,International,Singapore Airlines,3348.32,GBP,CANCELLED
BKG101183,EMP00121,Mia Anderson,Sales,Toronto, singapore ,2026-09-20,2026-09-22,International,Lufthansa,1586.86,GBP,PENDING
BKG101184,EMP00343,Emma Johnson,Human Resources,San Francisco,Bengaluru,2026-09-29,2026-10-05,Domestic,Lufthansa,2828.08,GBP,PENDING
BKG101185,EMP00178,Priya Patel,Operations,new york,Toronto,2026-09-18,2026-09-27,Domestic,Qantas,3957.67,GBP,PENDING
BKG101186,EMP00124,Olivia Davis,Operations,Toronto,Sydney,2026-09-19,2026-09-20,Domestic,Singapore Airlines,1923.41,GBP,CANCELLED
BKG101187,EMP00058,  OLIVIA DAVIS  ,Operations,Toronto,tokyo,2026-09-24,2026-10-02,International,Delta,1817.17,INR,PENDING
BKG101188,EMP00132,Emma Johnson,Human Resources,Sydney,new york,2026-09-13,2026-09-23,International,Air India,1048.12,GBP,CONFIRMED
BKG101189,EMP00225,Lucas Silva,Sales,Bengaluru,new york,2026-09-25,2026-09-30,Domestic,Lufthansa,3167.67,INR,pending
BKG101190,EMP00150,Sofia Martinez,Human Resources,tokyo,new york,2026-09-25,2026-09-26,Domestic,Singapore Airlines,2591.14,INR,PENDING
BKG101191,EMP00193,Isabella Rossi,Engineering,PARIS,Toronto,2026-09-28,2026-10-01,International,Air India,528.69,USD,CANCELLED
BKG101192,EMP00031,Mia Anderson,Human Resources, singapore ,San Francisco,2026-09-20,2026-10-04,International,Qantas,180.75,gbp,PENDING
BKG101193,EMP00335,Emma Johnson,Human Resources,dubai,San Francisco,2026-09-12,2026-09-19,Domestic,United Airlines,653.47,EUR,CONFIRMED
BKG101194,EMP00043,Sofia Martinez,Marketing,tokyo, singapore ,2026-09-20,2026-10-02,Domestic,British Airways,3871.31,INR,CANCELLED
BKG101195,EMP00039,Noah Williams,Operations,dubai, singapore ,2026-09-30,2026-10-02,Domestic,British Airways,346.32,GBP,PENDING
BKG101196,EMP00233,  ISABELLA ROSSI  ,Engineering,Toronto,Bengaluru,2026-09-13,2026-09-27,Domestic,Air India,779.99,USD,CONFIRMED
BKG101197,EMP00215,Emma Johnson,Finance,Sydney,dubai,2026-09-13,2026-09-21,International,Lufthansa,1416.93,INR,CANCELLED
BKG101198,EMP00221,Ethan Brown,Sales,LONDON, singapore ,2026-10-01,2026-10-15,Domestic,Delta,1937.44,GBP,CONFIRMED
BKG101199,EMP00012,Liam Chen,Engineering,new york,LONDON,2026-09-20,2026-09-27,International,Lufthansa,2436.46,EUR,PENDING
BKG101200,EMP00211,Noah Williams,Operations,Toronto,dubai,2026-09-17,2026-09-24,Domestic,Qantas,2021.35,GBP,cancelled
BKG101201,EMP00022,Emma Johnson,Operations,Sydney,dubai,2026-09-11,2026-09-16,International,Air India,3459.74,EUR,CANCELLED
BKG101202,EMP00107,Lucas Silva,Operations,Toronto, singapore ,2026-09-19,2026-09-23,Domestic,Singapore Airlines,805.32,INR,PENDING
BKG101203,EMP00200,Sofia Martinez,Operations,Sydney,Toronto,2026-09-25,2026-10-04,Domestic,Air India,1651.06,INR,PENDING
BKG101204,EMP00025,Sofia Martinez,Sales,dubai,tokyo,2026-09-18,2026-09-24,Domestic,Air India,4073.26,EUR,CONFIRMED
BKG101205,EMP00194,  PRIYA PATEL  ,Finance,dubai,new york,2026-09-27,2026-09-29,International,United Airlines,4070.61,eur,CONFIRMED
BKG101206,EMP00068,Emma Johnson,Human Resources,PARIS,dubai,2026-09-12,2026-09-19,Domestic,Delta,2757.60,GBP,PENDING
BKG101207,EMP00046,Aarav Sharma,Operations,tokyo,Toronto,2026-09-15,2026-09-26,International,United Airlines,3044.51,GBP,PENDING
BKG101208,EMP00171,Arjun Nair,Operations,dubai, singapore ,2026-09-18,2026-09-25,Domestic,Qantas,1021.08,GBP,CONFIRMED
BKG101209,EMP00289,Emma Johnson,Sales,Toronto,San Francisco,2026-09-15,2026-09-24,International,British Airways,2080.35,EUR,CONFIRMED
BKG101210,EMP00139,Aarav Sharma,Human Resources,Bengaluru,new york,2026-09-26,2026-10-10,International,Lufthansa,3367.43,EUR,PENDING
BKG101211,EMP00313,Noah Williams,Human Resources,Toronto,San Francisco,2026-09-30,2026-10-10,International,United Airlines,775.38,GBP,cancelled
BKG101212,EMP00274,Emma Johnson,Finance,LONDON,San Francisco,2026-09-13,2026-09-20,Domestic,Lufthansa,914.44,GBP,PENDING
BKG101213,EMP00322,Isabella Rossi,Sales,Toronto,San Francisco,2026-09-11,2026-09-24,International,Delta,1676.73,INR,PENDING
BKG101214,EMP00165,  MIA ANDERSON  ,Operations, singapore ,San Francisco,2026-09-15,2026-09-22,Domestic,Delta,2306.04,GBP,CONFIRMED
BKG101215,EMP00144,Arjun Nair,Operations,PARIS, singapore ,2026-09-30,2026-10-11,Domestic,British Airways,3033.73,EUR,PENDING
BKG101216,EMP00073,Emma Johnson,Engineering,LONDON,Bengaluru,2026-09-12,2026-09-20,International,Qantas,1079.20,GBP,PENDING
BKG101217,EMP00044,Aarav Sharma,Finance,LONDON,Sydney,2026-09-24,2026-09-30,International,Delta,1691.33,EUR,CANCELLED
BKG101218,EMP00297,Priya Patel,Human Resources,LONDON,Bengaluru,2026-09-16,2026-09-19,Domestic,Qantas,1727.94,usd,CANCELLED
BKG101219,EMP00002,Arjun Nair,Engineering, singapore ,Bengaluru,2026-09-19,2026-09-26,International,Qantas,3381.01,INR,CANCELLED
BKG101220,EMP00192,Isabella Rossi,Marketing,Sydney,new york,2026-09-12,2026-09-22,Domestic,Singapore Airlines,1583.54,EUR,PENDING
BKG101221,EMP00276,Isabella Rossi,Sales,dubai,new york,2026-09-16,2026-09-24,International,Air India,349.38,USD,CONFIRMED
BKG101222,EMP00205,Lucas Silva,Operations,LONDON,Toronto,2026-09-16,2026-09-25,Domestic,Lufthansa,3109.16,EUR,confirmed
BKG101223,EMP00215,  ARJUN NAIR  ,Sales,dubai,Toronto,2026-09-22,2026-10-03,International,Qantas,1239.39,INR,CANCELLED
BKG101224,EMP00141,Olivia Davis,Human Resources,LONDON,Toronto,2026-09-26,2026-09-30,Domestic,Lufthansa,745.95,INR,PENDING
BKG101225,EMP00343,Olivia Davis,Sales, singapore ,LONDON,2026-09-15,2026-09-22,Domestic,United Airlines,4002.17,EUR,CONFIRMED
BKG101226,EMP00006,Priya Patel,Sales,Toronto,LONDON,2026-09-13,2026-09-17,International,Qantas,2809.22,USD,CANCELLED
BKG101227,EMP00146,Arjun Nair,Human Resources,Bengaluru,dubai,2026-09-26,2026-10-04,Domestic,Singapore Airlines,3973.85,GBP,PENDING
BKG101228,EMP00119,Olivia Davis,Human Resources,Sydney,PARIS,2026-09-28,2026-09-29,International,Qantas,4126.17,USD,PENDING
BKG101229,EMP00264,Mia Anderson,Marketing,tokyo,PARIS,2026-09-15,2026-09-23,International,United Airlines,715.19,EUR,CANCELLED
BKG101230,EMP00277,Ethan Brown,Operations,San Francisco,PARIS,2026-09-25,2026-10-07,Domestic,United Airlines,1926.15,USD,CONFIRMED
BKG101231,EMP00132,Sofia Martinez,Operations,dubai,tokyo,2026-09-15,2026-09-25,International,Qantas,2364.91,inr,CANCELLED
BKG101232,EMP00287,  SOFIA MARTINEZ  ,Human Resources,PARIS, singapore ,2026-09-21,2026-09-28,International,Emirates,4045.81,GBP,CANCELLED
BKG101233,EMP00224,Emma Johnson,Finance,San Francisco,LONDON,2026-10-02,2026-10-07,Domestic,Qantas,232.71,EUR,cancelled
BKG101234,EMP00003,Arjun Nair,Engineering,dubai,new york,2026-09-19,2026-09-29,Domestic,Air India,1854.00,EUR,CANCELLED
BKG101235,EMP00254,Sofia Martinez,Human Resources,San Francisco,new york,2026-09-11,2026-09-17,International,Emirates,2687.31,INR,PENDING
BKG101236,EMP00345,Olivia Davis,Operations,Toronto,PARIS,2026-09-15,2026-09-20,International,Air India,3234.17,EUR,CANCELLED
BKG101237,EMP00328,Olivia Davis,Operations, singapore ,Bengaluru,2026-10-01,2026-10-14,International,United Airlines,1945.96,GBP,PENDING
BKG101238,EMP00042,Isabella Rossi,Marketing,Sydney,new york,2026-09-28,2026-09-29,International,Emirates,3839.52,INR,CONFIRMED
BKG101239,EMP00071,Ethan Brown,Marketing,Bengaluru,new york,2026-09-25,2026-10-04,Domestic,Delta,3097.78,USD,CANCELLED
BKG101240,EMP00105,Lucas Silva,Marketing,new york,LONDON,2026-09-20,2026-10-01,International,Lufthansa,913.45,INR,PENDING
BKG101241,EMP00245,  ARJUN NAIR  ,Finance,new york,Sydney,2026-09-15,2026-09-17,International,British Airways,2958.25,EUR,PENDING
BKG101242,EMP00343,Priya Patel,Marketing,San Francisco,PARIS,2026-09-15,2026-09-17,Domestic,Qantas,3778.19,INR,CONFIRMED
BKG101243,EMP00339,Priya Patel,Marketing,PARIS,Bengaluru,2026-10-02,2026-10-14,International,British Airways,3102.36,INR,CANCELLED
BKG101244,EMP00165,Emma Johnson,Human Resources,San Francisco,tokyo,2026-09-20,2026-09-24,Domestic,Singapore Airlines,3730.47,eur,pending
BKG101245,EMP00204,Lucas Silva,Sales,new york,tokyo,2026-09-23,2026-10-07,International,Air India,1622.64,GBP,CANCELLED
BKG101246,EMP00215,Emma Johnson,Human Resources,PARIS,Sydney,2026-09-25,2026-09-29,International,Delta,1948.09,INR,CANCELLED
BKG101247,EMP00296,Arjun Nair,Sales,PARIS,Sydney,2026-10-02,2026-10-16,International,Lufthansa,3115.38,GBP,PENDING
BKG101248,EMP00128,Liam Chen,Operations,Bengaluru,Sydney,2026-09-12,2026-09-22,Domestic,Qantas,2411.08,USD,CANCELLED
BKG101249,EMP00209,Olivia Davis,Human Resources,PARIS,LONDON,2026-09-30,2026-10-14,International,Qantas,3341.17,GBP,CONFIRMED
BKG101250,EMP00017,  LIAM CHEN  ,Marketing,tokyo,new york,2026-09-19,2026-09-22,Domestic,Singapore Airlines,1064.04,EUR,CONFIRMED
BKG101251,EMP00203,Priya Patel,Human Resources,PARIS,LONDON,2026-09-18,2026-09-23,Domestic,Air India,3443.36,INR,CONFIRMED
BKG101252,EMP00157,Lucas Silva,Human Resources,Sydney,LONDON,2026-09-30,2026-10-06,Domestic,British Airways,2218.79,INR,CONFIRMED
BKG101253,EMP00091,Emma Johnson,Human Resources,Bengaluru,Sydney,2026-09-21,2026-09-30,Domestic,Emirates,3620.44,GBP,PENDING
BKG101254,EMP00116,Aarav Sharma,Operations,LONDON,dubai,2026-09-27,2026-10-02,Domestic,Qantas,2542.03,INR,CANCELLED
BKG101255,EMP00097,Emma Johnson,Sales,new york,Toronto,2026-09-14,2026-09-20,Domestic,United Airlines,2179.03,USD,confirmed
BKG101256,EMP00254,Priya Patel,Marketing,Toronto,Sydney,2026-09-26,2026-09-27,International,Qantas,1885.76,USD,CANCELLED
BKG101257,EMP00059,Aarav Sharma,Sales,dubai,PARIS,2026-09-17,2026-09-25,Domestic,Lufthansa,306.79,eur,CONFIRMED
BKG101258,EMP00166,Ethan Brown,Marketing,tokyo,LONDON,2026-09-29,2026-10-03,International,Air India,1601.96,USD,CANCELLED
BKG101259,EMP00049,  ISABELLA ROSSI  ,Finance,dubai,Bengaluru,2026-10-01,2026-10-07,Domestic,United Airlines,353.58,USD,CONFIRMED
BKG101260,EMP00297,Lucas Silva,Human Resources,tokyo,dubai,2026-10-01,2026-10-03,Domestic,British Airways,2100.59,INR,CONFIRMED
BKG101261,EMP00005,Arjun Nair,Sales,Bengaluru,dubai,2026-09-30,2026-10-11,Domestic,Air India,3515.35,GBP,PENDING
BKG101262,EMP00060,Isabella Rossi,Sales,tokyo,dubai,2026-09-19,2026-09-20,International,Lufthansa,4185.17,GBP,PENDING
BKG101263,EMP00174,Olivia Davis,Finance,San Francisco,dubai,2026-09-11,2026-09-12,Domestic,Air India,572.11,USD,PENDING
BKG101264,EMP00269,Liam Chen,Marketing,LONDON, singapore ,2026-09-30,2026-10-01,Domestic,Qantas,3138.36,GBP,CONFIRMED
BKG101265,EMP00110,Sofia Martinez,Finance, singapore ,PARIS,2026-09-30,2026-10-04,Domestic,Delta,2545.34,INR,PENDING
BKG101266,EMP00166,Liam Chen,Marketing,Bengaluru, singapore ,2026-09-17,2026-09-29,Domestic,Air India,2974.20,INR,cancelled
BKG101267,EMP00203,Lucas Silva,Sales,LONDON,Toronto,2026-09-14,2026-09-23,Domestic,Emirates,1722.48,GBP,CANCELLED
BKG101268,EMP00200,  PRIYA PATEL  ,Finance,dubai,LONDON,2026-09-24,2026-10-02,International,British Airways,2588.96,GBP,PENDING
BKG101269,EMP00092,Olivia Davis,Engineering,San Francisco,tokyo,2026-09-24,2026-10-05,International,United Airlines,2120.37,INR,PENDING
BKG101270,EMP00242,Noah Williams,Sales,dubai,tokyo,2026-09-14,2026-09-15,International,United Airlines,2148.43,inr,CANCELLED
BKG101271,EMP00310,Priya Patel,Sales,Toronto,PARIS,2026-09-16,2026-09-22,International,Air India,3299.46,INR,CONFIRMED
BKG101272,EMP00180,Lucas Silva,Engineering, singapore ,LONDON,2026-09-28,2026-10-07,Domestic,Delta,2925.84,USD,CANCELLED
BKG101273,EMP00056,Olivia Davis,Finance,PARIS,tokyo,2026-09-25,2026-10-06,International,Lufthansa,2819.74,GBP,CANCELLED
BKG101274,EMP00127,Emma Johnson,Finance,dubai,PARIS,2026-09-20,2026-09-27,International,Qantas,1611.18,GBP,CANCELLED
BKG101275,EMP00044,Ethan Brown,Finance,Toronto,San Francisco,2026-09-27,2026-10-09,Domestic,Qantas,3730.32,USD,PENDING
BKG101276,EMP00272,Lucas Silva,Marketing,Sydney,LONDON,2026-09-30,2026-10-13,International,Singapore Airlines,3254.15,EUR,CANCELLED
BKG101277,EMP00067,  AARAV SHARMA  ,Engineering, singapore ,PARIS,2026-09-15,2026-09-27,International,Delta,840.97,EUR,cancelled
BKG101278,EMP00131,Liam Chen,Operations,LONDON,San Francisco,2026-09-29,2026-10-07,International,United Airlines,2454.72,USD,CONFIRMED
BKG101279,EMP00109,Emma Johnson,Marketing, singapore ,Bengaluru,2026-09-19,2026-09-26,International,Qantas,265.56,INR,CONFIRMED
BKG101280,EMP00057,Olivia Davis,Finance,San Francisco,new york,2026-09-24,2026-09-28,International,Air India,3440.91,INR,CANCELLED
BKG101281,EMP00044,Sofia Martinez,Marketing,PARIS,Toronto,2026-09-30,2026-10-01,Domestic,Lufthansa,3633.29,USD,CANCELLED
BKG101282,EMP00286,Aarav Sharma,Sales,Toronto,Bengaluru,2026-09-24,2026-09-27,Domestic,Delta,2554.52,EUR,CANCELLED
BKG101283,EMP00284,Olivia Davis,Finance,new york,Sydney,2026-09-23,2026-10-05,Domestic,British Airways,2029.67,gbp,PENDING
BKG101284,EMP00343,Priya Patel,Operations,San Francisco,PARIS,2026-09-25,2026-10-08,International,United Airlines,4154.32,USD,CONFIRMED
BKG101285,EMP00276,Lucas Silva,Marketing,LONDON,Bengaluru,2026-09-17,2026-09-23,International,Qantas,346.04,EUR,CANCELLED
BKG101286,EMP00272,  AARAV SHARMA  ,Finance,tokyo,new york,2026-09-29,2026-09-30,International,Emirates,3319.90,USD,CANCELLED
BKG101287,EMP00015,Isabella Rossi,Sales, singapore ,Bengaluru,2026-09-18,2026-09-23,International,United Airlines,1551.59,INR,CANCELLED
BKG101288,EMP00144,Priya Patel,Sales,Bengaluru,LONDON,2026-09-20,2026-09-29,International,United Airlines,633.34,EUR,cancelled
BKG101289,EMP00184,Arjun Nair,Finance,tokyo,Toronto,2026-09-20,2026-10-02,Domestic,United Airlines,4069.17,INR,PENDING
BKG101290,EMP00022,Sofia Martinez,Sales,new york,tokyo,2026-10-02,2026-10-08,International,Qantas,1626.67,EUR,CONFIRMED
BKG101291,EMP00192,Noah Williams,Human Resources,tokyo,Toronto,2026-09-27,2026-10-04,Domestic,Delta,340.22,GBP,CONFIRMED
BKG101292,EMP00189,Priya Patel,Marketing,LONDON,Toronto,2026-09-16,2026-09-18,Domestic,United Airlines,3383.45,EUR,CANCELLED
BKG101293,EMP00093,Arjun Nair,Sales,San Francisco,PARIS,2026-09-16,2026-09-24,International,Singapore Airlines,1878.76,USD,PENDING
BKG101294,EMP00272,Ethan Brown,Operations,Toronto,PARIS,2026-09-27,2026-10-03,International,Lufthansa,2612.32,INR,CANCELLED
BKG101295,EMP00142,  OLIVIA DAVIS  ,Sales,new york,Sydney,2026-09-16,2026-09-29,International,British Airways,282.35,GBP,CANCELLED
BKG101296,EMP00130,Noah Williams,Engineering,new york,tokyo,2026-09-24,2026-09-26,International,Delta,1601.90,gbp,CANCELLED
BKG101297,EMP00104,Lucas Silva,Sales,new york,San Francisco,2026-09-22,2026-10-05,Domestic,Singapore Airlines,1513.77,USD,PENDING
BKG101298,EMP00056,Ethan Brown,Engineering,new york,San Francisco,2026-09-11,2026-09-25,International,Qantas,436.40,EUR,CONFIRMED
BKG101299,EMP00154,Ethan Brown,Engineering,Toronto,LONDON,2026-09-26,2026-10-07,International,Air India,3903.04,GBP,confirmed
BKG101300,EMP00241,Mia Anderson,Sales,tokyo,dubai,2026-09-14,2026-09-23,International,Singapore Airlines,692.41,INR,PENDING
BKG101301,EMP00057,Liam Chen,Finance,Toronto,LONDON,2026-09-24,2026-10-05,International,Qantas,128.00,INR,CONFIRMED
BKG101302,EMP00009,Noah Williams,Operations,San Francisco,LONDON,2026-09-29,2026-10-11,International,United Airlines,2444.35,USD,CANCELLED
BKG101303,EMP00006,Aarav Sharma,Marketing, singapore ,San Francisco,2026-09-29,2026-10-02,International,Lufthansa,130.66,USD,PENDING
BKG101304,EMP00088,  ETHAN BROWN  ,Marketing,Bengaluru,dubai,2026-09-16,2026-09-29,Domestic,Air India,2507.85,GBP,CANCELLED
BKG101305,EMP00193,Arjun Nair,Operations,Sydney,Bengaluru,2026-09-12,2026-09-21,Domestic,United Airlines,3231.85,EUR,CONFIRMED
BKG101306,EMP00016,Ethan Brown,Operations,Sydney,PARIS,2026-09-11,2026-09-24,International,Lufthansa,259.91,GBP,PENDING
BKG101307,EMP00280,Arjun Nair,Sales,Sydney,San Francisco,2026-09-30,2026-10-08,International,Delta,826.82,INR,PENDING
BKG101308,EMP00263,Mia Anderson,Finance,Bengaluru,Toronto,2026-09-24,2026-09-26,International,Singapore Airlines,764.25,INR,PENDING
BKG101309,EMP00002,Isabella Rossi,Marketing,San Francisco,Toronto,2026-09-24,2026-10-06,Domestic,United Airlines,3270.48,usd,PENDING
BKG101310,EMP00043,Emma Johnson,Finance,PARIS,dubai,2026-09-29,2026-10-12,Domestic,Qantas,747.78,USD,confirmed
BKG101311,EMP00139,Lucas Silva,Marketing,tokyo,LONDON,2026-09-15,2026-09-24,Domestic,Air India,2120.51,GBP,CONFIRMED
BKG101312,EMP00336,Mia Anderson,Sales,LONDON,dubai,2026-09-22,2026-10-02,Domestic,Singapore Airlines,2918.89,EUR,PENDING
BKG101313,EMP00112,  OLIVIA DAVIS  ,Human Resources,dubai, singapore ,2026-09-17,2026-09-29,International,Singapore Airlines,255.61,GBP,CANCELLED
BKG101314,EMP00072,Isabella Rossi,Operations,Toronto,LONDON,2026-09-23,2026-09-27,Domestic,Lufthansa,3066.29,USD,CANCELLED
BKG101315,EMP00299,Lucas Silva,Sales,new york,PARIS,2026-09-22,2026-10-06,Domestic,Emirates,2071.34,INR,CONFIRMED
BKG101316,EMP00138,Noah Williams,Human Resources,LONDON,new york,2026-09-25,2026-09-26,International,Air India,914.83,INR,CONFIRMED
BKG101317,EMP00116,Priya Patel,Operations,new york,Toronto,2026-09-18,2026-09-28,International,Qantas,2019.98,INR,CONFIRMED
BKG101318,EMP00075,Olivia Davis,Finance,San Francisco,Toronto,2026-09-21,2026-09-26,Domestic,Qantas,615.01,GBP,PENDING
BKG101319,EMP00300,Mia Anderson,Human Resources,San Francisco,tokyo,2026-09-16,2026-09-30,International,Emirates,1169.89,USD,CONFIRMED
BKG101320,EMP00029,Liam Chen,Human Resources,Bengaluru,Toronto,2026-09-28,2026-10-04,International,Air India,2110.56,EUR,CANCELLED
BKG101321,EMP00311,Ethan Brown,Finance, singapore ,PARIS,2026-09-21,2026-09-24,Domestic,Singapore Airlines,1075.32,INR,cancelled
BKG101322,EMP00029,  AARAV SHARMA  ,Finance,San Francisco,PARIS,2026-09-20,2026-10-02,Domestic,British Airways,1209.12,usd,CANCELLED
BKG101323,EMP00254,Aarav Sharma,Sales,tokyo, singapore ,2026-09-26,2026-09-29,International,Singapore Airlines,2257.95,EUR,CONFIRMED
BKG101324,EMP00329,Ethan Brown,Finance,Bengaluru,San Francisco,2026-09-18,2026-09-28,International,Air India,974.46,EUR,CANCELLED
BKG101325,EMP00037,Olivia Davis,Human Resources,tokyo, singapore ,2026-09-26,2026-09-30,Domestic,Emirates,3110.98,INR,CANCELLED
BKG101326,EMP00143,Priya Patel,Engineering,San Francisco,Bengaluru,2026-09-26,2026-10-05,Domestic,United Airlines,2894.47,EUR,PENDING
BKG101327,EMP00214,Sofia Martinez,Finance,new york, singapore ,2026-09-27,2026-10-08,Domestic,Qantas,466.74,GBP,CANCELLED
BKG101328,EMP00032,Liam Chen,Engineering,San Francisco,LONDON,2026-09-24,2026-09-27,Domestic,Emirates,247.08,GBP,CONFIRMED
BKG101329,EMP00215,Emma Johnson,Marketing,Toronto, singapore ,2026-09-28,2026-10-06,International,Qantas,2956.67,USD,CONFIRMED
BKG101330,EMP00127,Noah Williams,Operations,dubai,Toronto,2026-09-18,2026-09-25,Domestic,British Airways,3492.50,USD,CONFIRMED
BKG101331,EMP00126,  ISABELLA ROSSI  ,Engineering,San Francisco, singapore ,2026-09-22,2026-09-25,International,Qantas,612.51,INR,CANCELLED
BKG101332,EMP00089,Arjun Nair,Operations,dubai, singapore ,2026-09-15,2026-09-26,International,Delta,565.50,EUR,pending
BKG101333,EMP00099,Isabella Rossi,Finance,LONDON,tokyo,2026-09-23,2026-09-29,International,Delta,2892.84,EUR,CANCELLED
BKG101334,EMP00162,Lucas Silva,Sales,Bengaluru,LONDON,2026-09-21,2026-09-29,International,Singapore Airlines,2259.37,USD,CANCELLED
BKG101335,EMP00204,Emma Johnson,Engineering,San Francisco,dubai,2026-09-11,2026-09-24,Domestic,Air India,187.65,gbp,PENDING
BKG101336,EMP00045,Sofia Martinez,Human Resources,PARIS,LONDON,2026-09-18,2026-09-19,Domestic,Air India,690.09,INR,PENDING
BKG101337,EMP00249,Isabella Rossi,Marketing,LONDON,San Francisco,2026-10-02,2026-10-14,Domestic,Air India,2659.78,INR,CONFIRMED
BKG101338,EMP00012,Aarav Sharma,Sales,Bengaluru,PARIS,2026-09-13,2026-09-23,Domestic,Singapore Airlines,2235.08,USD,CONFIRMED
BKG101339,EMP00203,Priya Patel,Marketing,Toronto,PARIS,2026-09-16,2026-09-27,Domestic,Emirates,2723.50,INR,PENDING
BKG101340,EMP00313,  OLIVIA DAVIS  ,Operations,tokyo,Toronto,2026-09-19,2026-09-20,International,Delta,995.42,USD,CONFIRMED
BKG101341,EMP00028,Isabella Rossi,Marketing,tokyo,new york,2026-09-16,2026-09-30,Domestic,Emirates,2039.51,USD,CONFIRMED
BKG101342,EMP00297,Mia Anderson,Marketing,Sydney,LONDON,2026-09-27,2026-09-29,Domestic,Singapore Airlines,1828.39,USD,CONFIRMED
BKG101343,EMP00092,Arjun Nair,Operations,Bengaluru, singapore ,2026-09-11,2026-09-17,International,Lufthansa,2561.30,EUR,cancelled
BKG101344,EMP00295,Lucas Silva,Finance,PARIS,dubai,2026-09-17,2026-09-28,International,United Airlines,1023.50,USD,PENDING
BKG101345,EMP00215,Ethan Brown,Sales,dubai,Toronto,2026-09-28,2026-10-03,International,Air India,1868.84,USD,PENDING
BKG101346,EMP00319,Olivia Davis,Sales,Sydney,Bengaluru,2026-09-23,2026-10-04,Domestic,Qantas,3304.39,INR,PENDING
BKG101347,EMP00016,Olivia Davis,Marketing,San Francisco, singapore ,2026-09-15,2026-09-17,Domestic,Delta,1621.59,USD,CONFIRMED
BKG101348,EMP00271,Sofia Martinez,Sales,new york,dubai,2026-09-22,2026-10-01,Domestic,Singapore Airlines,3600.83,usd,CANCELLED
BKG101349,EMP00133,  ISABELLA ROSSI  ,Engineering, singapore ,tokyo,2026-09-26,2026-10-08,International,Lufthansa,394.53,EUR,PENDING
BKG101350,EMP00164,Liam Chen,Finance,dubai,LONDON,2026-09-26,2026-10-03,Domestic,Singapore Airlines,3311.96,EUR,PENDING
BKG101351,EMP00141,Emma Johnson,Operations,dubai,Toronto,2026-09-20,2026-10-04,Domestic,Lufthansa,3299.93,EUR,CONFIRMED
BKG101352,EMP00028,Priya Patel,Engineering, singapore ,Bengaluru,2026-09-15,2026-09-17,International,Lufthansa,3902.25,EUR,CONFIRMED
BKG101353,EMP00216,Isabella Rossi,Sales,San Francisco, singapore ,2026-09-21,2026-09-25,International,Delta,1901.20,GBP,CANCELLED
BKG101354,EMP00285,Olivia Davis,Engineering,Bengaluru, singapore ,2026-09-26,2026-10-05,International,British Airways,3390.77,USD,pending
BKG101355,EMP00304,Mia Anderson,Finance,Toronto,dubai,2026-09-25,2026-10-02,International,United Airlines,2001.85,USD,CONFIRMED
BKG101356,EMP00030,Priya Patel,Sales,new york,Sydney,2026-09-12,2026-09-14,Domestic,Delta,4170.36,EUR,CONFIRMED
BKG101357,EMP00225,Emma Johnson,Finance,new york,dubai,2026-09-15,2026-09-18,Domestic,Qantas,642.97,EUR,CONFIRMED
BKG101358,EMP00296,  OLIVIA DAVIS  ,Sales, singapore ,dubai,2026-09-16,2026-09-24,International,Lufthansa,1766.02,USD,CANCELLED
BKG101359,EMP00250,Noah Williams,Engineering, singapore ,tokyo,2026-09-26,2026-10-07,Domestic,Qantas,2577.63,USD,PENDING
BKG101360,EMP00181,Lucas Silva,Operations,PARIS,new york,2026-09-12,2026-09-13,Domestic,Emirates,335.78,GBP,PENDING
BKG101361,EMP00264,Aarav Sharma,Engineering,Toronto,PARIS,2026-10-02,2026-10-10,International,Delta,407.81,eur,CONFIRMED
BKG101362,EMP00075,Liam Chen,Human Resources,new york,Toronto,2026-09-11,2026-09-25,International,United Airlines,2641.64,GBP,CONFIRMED
BKG101363,EMP00267,Priya Patel,Operations,new york,tokyo,2026-09-29,2026-10-05,International,British Airways,3788.87,GBP,CANCELLED
BKG101364,EMP00223,Isabella Rossi,Sales, singapore ,new york,2026-09-13,2026-09-16,Domestic,Singapore Airlines,3431.93,GBP,CONFIRMED
BKG101365,EMP00113,Mia Anderson,Marketing,Sydney, singapore ,2026-09-25,2026-10-07,Domestic,Singapore Airlines,2236.03,GBP,pending
BKG101366,EMP00295,Priya Patel,Marketing,new york,dubai,2026-09-14,2026-09-16,Domestic,Singapore Airlines,3772.77,INR,CONFIRMED
BKG101367,EMP00139,  PRIYA PATEL  ,Operations,Toronto,Sydney,2026-09-18,2026-09-28,Domestic,British Airways,3557.11,USD,CONFIRMED
BKG101368,EMP00279,Mia Anderson,Engineering,San Francisco,PARIS,2026-09-11,2026-09-20,International,Singapore Airlines,2547.82,EUR,CANCELLED
BKG101369,EMP00224,Priya Patel,Human Resources,dubai,San Francisco,2026-09-17,2026-09-27,International,Emirates,3226.44,EUR,CANCELLED
BKG101370,EMP00216,Lucas Silva,Sales,Sydney,new york,2026-09-22,2026-10-02,International,Singapore Airlines,2389.56,EUR,CONFIRMED
BKG101371,EMP00308,Aarav Sharma,Sales,Sydney,PARIS,2026-09-27,2026-10-08,Domestic,Air India,2260.45,INR,PENDING
BKG101372,EMP00063,Olivia Davis,Marketing, singapore ,Bengaluru,2026-09-12,2026-09-17,International,British Airways,347.99,GBP,CANCELLED
BKG101373,EMP00171,Olivia Davis,Sales,new york,LONDON,2026-09-21,2026-09-28,International,Emirates,2252.37,GBP,CONFIRMED
BKG101374,EMP00221,Mia Anderson,Sales, singapore ,new york,2026-09-30,2026-10-13,Domestic,United Airlines,2135.41,eur,PENDING
BKG101375,EMP00124,Aarav Sharma,Marketing,Toronto, singapore ,2026-09-22,2026-10-02,International,Lufthansa,2681.47,EUR,CANCELLED
BKG101376,EMP00078,  AARAV SHARMA  ,Sales,San Francisco,dubai,2026-09-13,2026-09-16,Domestic,Emirates,3444.37,USD,pending
BKG101377,EMP00197,Liam Chen,Engineering,Bengaluru,dubai,2026-09-25,2026-10-05,Domestic,Qantas,1445.52,GBP,CONFIRMED
BKG101378,EMP00052,Sofia Martinez,Finance, singapore ,new york,2026-09-18,2026-09-19,International,British Airways,1244.69,GBP,PENDING
BKG101379,EMP00002,Isabella Rossi,Marketing,LONDON,tokyo,2026-10-01,2026-10-12,International,Lufthansa,917.66,INR,CONFIRMED
BKG101380,EMP00063,Mia Anderson,Engineering,San Francisco,new york,2026-09-17,2026-09-19,International,Qantas,509.88,GBP,CONFIRMED
BKG101381,EMP00150,Lucas Silva,Operations,San Francisco,dubai,2026-09-16,2026-09-18,International,British Airways,1223.86,GBP,CANCELLED
BKG101382,EMP00311,Olivia Davis,Marketing,Sydney,Toronto,2026-09-21,2026-10-04,International,Air India,3493.36,EUR,CONFIRMED
BKG101383,EMP00087,Noah Williams,Operations,PARIS,LONDON,2026-09-26,2026-09-27,Domestic,Delta,2996.16,EUR,CANCELLED
BKG101384,EMP00085,Arjun Nair,Finance,PARIS,LONDON,2026-09-14,2026-09-16,International,Air India,2432.88,INR,CANCELLED
BKG101385,EMP00334,  SOFIA MARTINEZ  ,Finance,new york,Sydney,2026-09-20,2026-09-23,Domestic,Air India,185.19,INR,PENDING
BKG101386,EMP00032,Isabella Rossi,Finance,dubai,Toronto,2026-09-13,2026-09-19,Domestic,United Airlines,1845.37,GBP,PENDING
BKG101387,EMP00323,Noah Williams,Engineering,new york,San Francisco,2026-09-29,2026-10-02,International,British Airways,2042.54,inr,confirmed
BKG101388,EMP00322,Liam Chen,Marketing,tokyo,Bengaluru,2026-10-01,2026-10-10,International,Singapore Airlines,3172.75,EUR,CANCELLED
BKG101389,EMP00180,Sofia Martinez,Finance,San Francisco,LONDON,2026-09-22,2026-10-04,Domestic,Lufthansa,146.97,INR,CONFIRMED
BKG101390,EMP00126,Mia Anderson,Marketing,LONDON,tokyo,2026-09-19,2026-09-21,Domestic,Emirates,1282.46,USD,PENDING
BKG101391,EMP00132,Emma Johnson,Operations,Sydney,Bengaluru,2026-09-27,2026-10-02,International,Lufthansa,1315.04,INR,PENDING
BKG101392,EMP00339,Liam Chen,Engineering,Bengaluru, singapore ,2026-09-19,2026-09-21,International,Emirates,398.64,USD,PENDING
BKG101393,EMP00031,Emma Johnson,Finance,Toronto,LONDON,2026-09-27,2026-09-30,International,Lufthansa,2089.06,INR,CONFIRMED
BKG101394,EMP00078,  ETHAN BROWN  ,Sales,Sydney, singapore ,2026-09-12,2026-09-14,International,British Airways,2549.57,EUR,CONFIRMED
BKG101395,EMP00041,Isabella Rossi,Operations,new york,Sydney,2026-09-24,2026-10-05,International,Air India,153.08,INR,CONFIRMED
BKG101396,EMP00309,Emma Johnson,Engineering,Toronto,tokyo,2026-09-18,2026-09-22,International,Singapore Airlines,1911.61,GBP,CANCELLED
BKG101397,EMP00013,Liam Chen,Sales,new york,PARIS,2026-09-22,2026-10-05,International,Singapore Airlines,1432.53,USD,CANCELLED
BKG101398,EMP00183,Isabella Rossi,Marketing,tokyo,Toronto,2026-09-22,2026-09-25,International,Singapore Airlines,1679.40,USD,confirmed
BKG101399,EMP00283,Emma Johnson,Engineering, singapore ,new york,2026-09-11,2026-09-24,Domestic,Delta,3576.99,INR,PENDING
BKG101400,EMP00077,Isabella Rossi,Engineering,tokyo,San Francisco,2026-09-19,2026-09-24,Domestic,Qantas,2052.85,inr,CONFIRMED
BKG101401,EMP00120,Liam Chen,Sales,dubai,Toronto,2026-09-30,2026-10-07,International,Qantas,2848.88,USD,PENDING
BKG101402,EMP00269,Sofia Martinez,Marketing,LONDON,PARIS,2026-09-16,2026-09-20,International,Qantas,1159.81,USD,CONFIRMED
BKG101403,EMP00181,  SOFIA MARTINEZ  ,Sales,Bengaluru,PARIS,2026-09-17,2026-09-30,Domestic,Lufthansa,1563.60,EUR,CANCELLED
BKG101404,EMP00183,Isabella Rossi,Human Resources,Bengaluru,San Francisco,2026-09-26,2026-10-10,International,Air India,1370.83,USD,PENDING
BKG101405,EMP00095,Sofia Martinez,Marketing,new york,San Francisco,2026-09-14,2026-09-15,International,Delta,3490.14,INR,CONFIRMED
BKG101406,EMP00082,Noah Williams,Sales,PARIS,Toronto,2026-09-26,2026-10-03,Domestic,Delta,3580.18,EUR,CANCELLED
BKG101407,EMP00019,Noah Williams,Finance,Toronto,dubai,2026-09-16,2026-09-17,Domestic,Delta,4106.36,GBP,CANCELLED
BKG101408,EMP00171,Emma Johnson,Operations,Sydney, singapore ,2026-09-29,2026-10-04,Domestic,British Airways,1306.55,EUR,CANCELLED
BKG101409,EMP00034,Mia Anderson,Engineering,new york,San Francisco,2026-09-15,2026-09-17,Domestic,Qantas,1146.28,EUR,confirmed
BKG101410,EMP00066,Olivia Davis,Human Resources,Sydney,San Francisco,2026-09-14,2026-09-22,International,Emirates,219.75,USD,CANCELLED
BKG101411,EMP00181,Sofia Martinez,Sales,LONDON,dubai,2026-10-02,2026-10-14,International,Singapore Airlines,1188.81,EUR,CONFIRMED
BKG101412,EMP00327,  SOFIA MARTINEZ  ,Human Resources, singapore ,Bengaluru,2026-09-21,2026-09-23,Domestic,Delta,3628.38,EUR,PENDING
BKG101413,EMP00151,Isabella Rossi,Operations,LONDON, singapore ,2026-09-28,2026-09-30,Domestic,British Airways,3456.39,gbp,CANCELLED
BKG101414,EMP00339,Liam Chen,Operations,Toronto,tokyo,2026-09-26,2026-10-01,Domestic,Emirates,3547.87,GBP,CANCELLED
BKG101415,EMP00050,Noah Williams,Human Resources,LONDON,Bengaluru,2026-09-29,2026-10-13,Domestic,Qantas,3005.72,EUR,CANCELLED
BKG101416,EMP00026,Noah Williams,Finance,new york,PARIS,2026-09-22,2026-10-03,Domestic,Emirates,3374.19,USD,CONFIRMED
BKG101417,EMP00324,Noah Williams,Marketing,PARIS,LONDON,2026-09-23,2026-10-03,International,Qantas,934.26,USD,CANCELLED
BKG101418,EMP00072,Priya Patel,Finance,tokyo,LONDON,2026-09-20,2026-09-22,International,Air India,3183.18,EUR,CONFIRMED
BKG101419,EMP00185,Sofia Martinez,Sales,Toronto,PARIS,2026-09-13,2026-09-15,International,United Airlines,1546.71,EUR,CANCELLED
BKG101420,EMP00259,Emma Johnson,Sales,tokyo,San Francisco,2026-09-14,2026-09-21,Domestic,United Airlines,2585.10,INR,pending
BKG101421,EMP00264,  LUCAS SILVA  ,Human Resources,dubai,Toronto,2026-09-26,2026-10-04,International,Delta,2078.30,INR,CANCELLED
BKG101422,EMP00107,Priya Patel,Marketing,Bengaluru,San Francisco,2026-09-24,2026-09-30,International,Delta,3455.45,INR,CANCELLED
BKG101423,EMP00128,Olivia Davis,Operations,LONDON,PARIS,2026-09-22,2026-10-04,International,Qantas,1274.55,INR,PENDING
BKG101424,EMP00226,Ethan Brown,Finance,Toronto,LONDON,2026-09-28,2026-09-30,International,Emirates,1146.54,INR,CONFIRMED
BKG101425,EMP00216,Aarav Sharma,Finance,LONDON,tokyo,2026-09-14,2026-09-25,International,Delta,3939.98,USD,CANCELLED
BKG101426,EMP00316,Priya Patel,Engineering,Bengaluru,LONDON,2026-10-02,2026-10-09,Domestic,Air India,1443.08,usd,CONFIRMED
BKG101427,EMP00244,Priya Patel,Sales, singapore ,dubai,2026-09-30,2026-10-04,International,Emirates,3694.27,EUR,CANCELLED
BKG101428,EMP00112,Noah Williams,Engineering,new york,San Francisco,2026-09-30,2026-10-12,Domestic,Emirates,3738.86,USD,CONFIRMED
BKG101429,EMP00064,Liam Chen,Finance,Toronto,LONDON,2026-09-27,2026-10-03,International,British Airways,2719.00,USD,CANCELLED
BKG101430,EMP00282,  SOFIA MARTINEZ  ,Sales,LONDON,new york,2026-09-11,2026-09-23,Domestic,Emirates,3096.32,EUR,CANCELLED
BKG101431,EMP00130,Noah Williams,Engineering,Toronto,Sydney,2026-09-17,2026-09-26,Domestic,Air India,2357.62,INR,pending
BKG101432,EMP00328,Arjun Nair,Finance,LONDON,tokyo,2026-09-20,2026-09-28,Domestic,United Airlines,1329.34,EUR,CONFIRMED
BKG101433,EMP00106,Olivia Davis,Marketing,new york, singapore ,2026-09-12,2026-09-16,Domestic,Air India,1155.34,USD,CONFIRMED
BKG101434,EMP00312,Ethan Brown,Engineering,San Francisco,dubai,2026-09-27,2026-10-06,Domestic,British Airways,1937.92,USD,PENDING
BKG101435,EMP00054,Lucas Silva,Engineering,San Francisco,Sydney,2026-09-25,2026-10-04,International,British Airways,370.24,USD,CONFIRMED
BKG101436,EMP00038,Isabella Rossi,Human Resources,dubai,Bengaluru,2026-09-28,2026-10-12,Domestic,Air India,2214.74,INR,PENDING
BKG101437,EMP00225,Sofia Martinez,Engineering,Toronto,dubai,2026-09-11,2026-09-23,Domestic,Air India,3191.38,GBP,CONFIRMED
BKG101438,EMP00332,Aarav Sharma,Sales,San Francisco,PARIS,2026-09-30,2026-10-05,Domestic,Air India,1536.56,INR,PENDING
BKG101439,EMP00176,  PRIYA PATEL  ,Marketing,new york,Sydney,2026-09-15,2026-09-16,Domestic,Qantas,4156.76,gbp,CANCELLED
BKG101440,EMP00305,Emma Johnson,Marketing,PARIS,new york,2026-09-17,2026-09-27,Domestic,Air India,824.87,EUR,CANCELLED
BKG101441,EMP00171,Ethan Brown,Operations,PARIS,San Francisco,2026-09-14,2026-09-16,Domestic,Qantas,1166.92,USD,CONFIRMED
BKG101442,EMP00277,Isabella Rossi,Marketing, singapore ,Toronto,2026-10-02,2026-10-14,International,Delta,2594.95,INR,pending
BKG101443,EMP00047,Mia Anderson,Finance, singapore ,Toronto,2026-09-13,2026-09-23,Domestic,Air India,3193.28,EUR,PENDING
BKG101444,EMP00008,Arjun Nair,Engineering, singapore ,Bengaluru,2026-09-30,2026-10-02,International,Delta,857.71,USD,PENDING
BKG101445,EMP00128,Priya Patel,Human Resources,PARIS,dubai,2026-09-13,2026-09-22,International,Air India,2094.28,EUR,PENDING
BKG101446,EMP00174,Ethan Brown,Marketing,new york,PARIS,2026-09-14,2026-09-27,International,Singapore Airlines,580.05,USD,CANCELLED
BKG101447,EMP00011,Lucas Silva,Human Resources,tokyo,San Francisco,2026-09-30,2026-10-06,International,Singapore Airlines,1053.89,EUR,PENDING
BKG101448,EMP00041,  ISABELLA ROSSI  ,Finance,LONDON,Toronto,2026-09-29,2026-10-12,Domestic,Qantas,751.49,EUR,CANCELLED
BKG101449,EMP00062,Priya Patel,Operations,tokyo,San Francisco,2026-09-22,2026-10-06,Domestic,Singapore Airlines,2191.03,GBP,CANCELLED
BKG101450,EMP00031,Sofia Martinez,Operations,LONDON,PARIS,2026-09-19,2026-09-27,International,Singapore Airlines,3200.81,EUR,CANCELLED
BKG101451,EMP00248,Sofia Martinez,Human Resources,dubai, singapore ,2026-10-01,2026-10-08,Domestic,Qantas,711.15,GBP,CONFIRMED
BKG101452,EMP00281,Liam Chen,Operations,new york,Sydney,2026-09-25,2026-09-28,International,Air India,1199.64,gbp,PENDING
BKG101453,EMP00162,Emma Johnson,Operations,Sydney,tokyo,2026-09-16,2026-09-24,Domestic,Emirates,339.65,USD,confirmed
BKG101454,EMP00181,Aarav Sharma,Operations,LONDON,Bengaluru,2026-09-13,2026-09-14,Domestic,British Airways,792.22,GBP,PENDING
BKG101455,EMP00329,Aarav Sharma,Marketing,LONDON,PARIS,2026-09-15,2026-09-20,International,Singapore Airlines,2692.87,USD,CANCELLED
BKG101456,EMP00098,Lucas Silva,Finance, singapore ,dubai,2026-09-30,2026-10-03,International,Delta,1017.63,GBP,PENDING
BKG101457,EMP00116,  LIAM CHEN  ,Engineering,LONDON,Sydney,2026-09-15,2026-09-18,Domestic,United Airlines,1537.98,EUR,CANCELLED
BKG101458,EMP00013,Aarav Sharma,Operations,LONDON,Toronto,2026-09-16,2026-09-22,International,Delta,755.24,USD,CONFIRMED
BKG101459,EMP00034,Ethan Brown,Finance,San Francisco,new york,2026-09-21,2026-09-27,Domestic,Singapore Airlines,3325.11,INR,PENDING
BKG101460,EMP00215,Lucas Silva,Marketing,PARIS,San Francisco,2026-09-25,2026-10-02,International,Emirates,4000.68,GBP,CONFIRMED
BKG101461,EMP00168,Aarav Sharma,Operations,dubai,Bengaluru,2026-09-20,2026-10-04,Domestic,Lufthansa,3655.23,GBP,CONFIRMED
BKG101462,EMP00068,Ethan Brown,Engineering,Bengaluru, singapore ,2026-09-20,2026-09-30,International,United Airlines,1973.89,USD,PENDING
BKG101463,EMP00210,Noah Williams,Engineering,Toronto,San Francisco,2026-09-18,2026-09-29,Domestic,Delta,735.46,INR,CONFIRMED
BKG101464,EMP00294,Mia Anderson,Engineering,PARIS,LONDON,2026-09-21,2026-09-24,Domestic,Emirates,3137.61,EUR,confirmed
BKG101465,EMP00120,Mia Anderson,Marketing,San Francisco,dubai,2026-09-26,2026-10-04,International,Emirates,3269.50,eur,CONFIRMED
BKG101466,EMP00001,  MIA ANDERSON  ,Sales,Sydney,Toronto,2026-09-14,2026-09-21,Domestic,Qantas,2124.21,EUR,PENDING
BKG101467,EMP00155,Noah Williams,Engineering,Bengaluru,tokyo,2026-09-27,2026-10-11,International,Qantas,4047.64,EUR,CANCELLED
BKG101468,EMP00275,Priya Patel,Sales,LONDON,dubai,2026-09-15,2026-09-23,International,Singapore Airlines,1709.13,USD,CANCELLED
BKG101469,EMP00116,Liam Chen,Sales, singapore ,PARIS,2026-09-17,2026-09-19,International,British Airways,3327.84,USD,CANCELLED
BKG101470,EMP00280,Olivia Davis,Operations,tokyo,Bengaluru,2026-09-29,2026-10-12,Domestic,Delta,3107.80,EUR,CONFIRMED
BKG101471,EMP00290,Isabella Rossi,Human Resources,Toronto, singapore ,2026-09-26,2026-09-27,International,Singapore Airlines,1921.66,GBP,CONFIRMED
BKG101472,EMP00218,Ethan Brown,Human Resources,Toronto, singapore ,2026-09-14,2026-09-17,Domestic,Qantas,2720.62,USD,CONFIRMED
BKG101473,EMP00144,Emma Johnson,Sales,LONDON,PARIS,2026-10-02,2026-10-15,Domestic,Lufthansa,4139.31,INR,CONFIRMED
BKG101474,EMP00250,Sofia Martinez,Human Resources,Bengaluru,new york,2026-10-02,2026-10-09,Domestic,Emirates,2940.71,EUR,PENDING
BKG101475,EMP00130,  NOAH WILLIAMS  ,Engineering,dubai,new york,2026-10-02,2026-10-12,International,Lufthansa,4163.29,USD,cancelled
BKG101476,EMP00265,Noah Williams,Marketing, singapore ,PARIS,2026-09-21,2026-09-30,International,Air India,183.82,GBP,CANCELLED
BKG101477,EMP00052,Isabella Rossi,Operations,San Francisco,LONDON,2026-09-17,2026-09-18,Domestic,British Airways,1457.86,EUR,PENDING
BKG101478,EMP00086,Sofia Martinez,Engineering,LONDON,dubai,2026-10-01,2026-10-07,International,Singapore Airlines,2928.18,gbp,PENDING
BKG101479,EMP00042,Lucas Silva,Sales, singapore ,Toronto,2026-09-26,2026-10-09,Domestic,Air India,2148.69,INR,CONFIRMED
BKG101480,EMP00029,Liam Chen,Sales,LONDON, singapore ,2026-09-15,2026-09-22,International,Singapore Airlines,1182.07,GBP,CANCELLED
BKG101481,EMP00299,Mia Anderson,Sales,Toronto,tokyo,2026-09-30,2026-10-01,Domestic,British Airways,1874.00,INR,CANCELLED
BKG101482,EMP00188,Aarav Sharma,Engineering,Bengaluru,tokyo,2026-09-16,2026-09-30,Domestic,British Airways,2940.84,USD,CANCELLED
BKG101483,EMP00116,Arjun Nair,Human Resources,dubai,Toronto,2026-09-14,2026-09-25,Domestic,British Airways,1980.39,USD,CONFIRMED
BKG101484,EMP00204,  LUCAS SILVA  ,Marketing,new york,Sydney,2026-09-23,2026-09-24,Domestic,British Airways,632.59,GBP,PENDING
BKG101485,EMP00332,Emma Johnson,Sales,PARIS,Sydney,2026-09-22,2026-09-27,International,United Airlines,1803.68,USD,CONFIRMED
BKG101486,EMP00284,Mia Anderson,Marketing,Sydney,Toronto,2026-09-14,2026-09-19,Domestic,British Airways,1633.11,USD,confirmed
BKG101487,EMP00271,Arjun Nair,Marketing,Sydney, singapore ,2026-09-19,2026-09-26,International,Delta,3577.08,EUR,CONFIRMED
BKG101488,EMP00299,Arjun Nair,Engineering,Bengaluru,LONDON,2026-09-16,2026-09-17,International,Singapore Airlines,1670.45,EUR,CONFIRMED
BKG101489,EMP00254,Emma Johnson,Finance,Toronto,tokyo,2026-09-21,2026-09-22,International,British Airways,3182.71,USD,CONFIRMED
BKG101490,EMP00051,Ethan Brown,Operations, singapore ,dubai,2026-09-19,2026-09-22,Domestic,Delta,3472.56,INR,PENDING
BKG101491,EMP00218,Sofia Martinez,Marketing,LONDON,PARIS,2026-09-20,2026-09-30,Domestic,Air India,1858.40,usd,CONFIRMED
BKG101492,EMP00078,Emma Johnson,Sales,Bengaluru,San Francisco,2026-09-16,2026-09-21,Domestic,Emirates,981.13,USD,CONFIRMED
BKG101493,EMP00127,  LIAM CHEN  ,Human Resources, singapore ,Toronto,2026-09-28,2026-10-01,Domestic,United Airlines,1816.06,EUR,CANCELLED
BKG101494,EMP00191,Aarav Sharma,Marketing,LONDON, singapore ,2026-09-19,2026-09-23,Domestic,Air India,3284.96,INR,CANCELLED
BKG101495,EMP00202,Mia Anderson,Marketing,San Francisco,Sydney,2026-10-02,2026-10-09,International,Qantas,1218.68,USD,CANCELLED
BKG101496,EMP00338,Emma Johnson,Operations,LONDON,PARIS,2026-09-14,2026-09-22,Domestic,Delta,2426.15,GBP,PENDING
BKG101497,EMP00268,Lucas Silva,Finance, singapore ,new york,2026-10-02,2026-10-12,International,Qantas,3843.28,GBP,cancelled
BKG101498,EMP00109,Liam Chen,Marketing,San Francisco,new york,2026-09-17,2026-09-23,Domestic,Emirates,2832.97,EUR,PENDING
BKG101499,EMP00188,Emma Johnson,Human Resources,LONDON,San Francisco,2026-09-22,2026-10-05,International,Singapore Airlines,2549.63,EUR,CONFIRMED
BKG101500,EMP00334,Arjun Nair,Operations,Bengaluru,Sydney,2026-09-14,2026-09-21,Domestic,Emirates,4124.19,EUR,PENDING
BKG101501,EMP00091,Olivia Davis,Finance, singapore ,dubai,2026-09-17,2026-09-23,Domestic,Singapore Airlines,320.77,INR,CANCELLED
BKG101502,EMP00201,  OLIVIA DAVIS  ,Sales,PARIS,LONDON,2026-09-23,2026-09-24,International,Lufthansa,2313.60,INR,PENDING
BKG101503,EMP00335,Liam Chen,Engineering,Toronto,Sydney,2026-09-25,2026-10-07,Domestic,Singapore Airlines,715.32,INR,CONFIRMED
BKG101504,EMP00067,Mia Anderson,Engineering,PARIS,tokyo,2026-09-18,2026-09-26,International,British Airways,829.98,eur,PENDING
BKG101505,EMP00068,Olivia Davis,Human Resources,dubai, singapore ,2026-09-13,2026-09-15,Domestic,Emirates,2980.85,USD,CANCELLED
BKG101506,EMP00011,Olivia Davis,Finance,San Francisco,LONDON,2026-10-02,2026-10-05,Domestic,United Airlines,1104.19,EUR,CONFIRMED
BKG101507,EMP00218,Sofia Martinez,Human Resources,PARIS,Toronto,2026-09-14,2026-09-15,Domestic,Emirates,2655.77,USD,CONFIRMED
BKG101508,EMP00144,Arjun Nair,Finance,tokyo,San Francisco,2026-09-24,2026-10-08,International,Singapore Airlines,1480.49,INR,cancelled
BKG101509,EMP00066,Aarav Sharma,Finance,San Francisco,PARIS,2026-09-21,2026-09-23,Domestic,United Airlines,2574.34,USD,CONFIRMED
BKG101510,EMP00247,Arjun Nair,Marketing,San Francisco,Bengaluru,2026-09-27,2026-10-02,International,Qantas,2678.61,GBP,CANCELLED
BKG101511,EMP00333,  MIA ANDERSON  ,Marketing,dubai,tokyo,2026-09-11,2026-09-20,International,Qantas,2872.42,USD,PENDING
BKG101512,EMP00280,Isabella Rossi,Sales,LONDON,Bengaluru,2026-09-30,2026-10-05,Domestic,Singapore Airlines,1596.45,GBP,CANCELLED
BKG101513,EMP00310,Noah Williams,Operations,Toronto, singapore ,2026-09-18,2026-09-30,Domestic,United Airlines,2954.30,EUR,PENDING
BKG101514,EMP00146,Isabella Rossi,Sales,Toronto,PARIS,2026-09-19,2026-09-20,Domestic,Air India,3172.50,INR,PENDING
BKG101515,EMP00108,Liam Chen,Finance,San Francisco,LONDON,2026-09-26,2026-10-08,Domestic,Qantas,2569.67,USD,CANCELLED
BKG101516,EMP00236,Lucas Silva,Operations,Sydney,tokyo,2026-09-12,2026-09-21,Domestic,British Airways,2462.52,INR,PENDING
BKG101517,EMP00051,Liam Chen,Sales,LONDON,new york,2026-09-19,2026-09-22,International,Qantas,3028.08,usd,CANCELLED
BKG101518,EMP00295,Sofia Martinez,Operations,Toronto,PARIS,2026-09-18,2026-09-19,International,British Airways,3021.98,INR,PENDING
BKG101519,EMP00101,Priya Patel,Marketing,tokyo,LONDON,2026-09-24,2026-10-07,International,Lufthansa,2362.88,INR,cancelled
BKG101520,EMP00276,  LIAM CHEN  ,Marketing,LONDON,tokyo,2026-09-30,2026-10-12,Domestic,Qantas,1402.31,GBP,PENDING
BKG101521,EMP00143,Mia Anderson,Finance,dubai, singapore ,2026-09-25,2026-10-09,Domestic,United Airlines,3006.63,GBP,CONFIRMED
BKG101522,EMP00165,Aarav Sharma,Marketing,LONDON,PARIS,2026-09-13,2026-09-18,International,Air India,2123.35,GBP,PENDING
BKG101523,EMP00269,Lucas Silva,Human Resources,San Francisco,PARIS,2026-09-19,2026-09-29,International,Lufthansa,1703.95,INR,CANCELLED
BKG101524,EMP00049,Lucas Silva,Sales,dubai,LONDON,2026-09-26,2026-10-08,International,Delta,2187.16,USD,CANCELLED
BKG101525,EMP00068,Mia Anderson,Sales,Sydney,Toronto,2026-10-02,2026-10-14,International,Lufthansa,3244.97,EUR,PENDING
BKG101526,EMP00033,Noah Williams,Operations,dubai,PARIS,2026-09-11,2026-09-16,Domestic,Lufthansa,3435.32,USD,PENDING
BKG101527,EMP00029,Mia Anderson,Human Resources,Bengaluru,dubai,2026-09-25,2026-10-03,International,Air India,1366.92,INR,CONFIRMED
BKG101528,EMP00245,Aarav Sharma,Operations,PARIS,Bengaluru,2026-09-12,2026-09-14,International,British Airways,3995.71,INR,CANCELLED
BKG101529,EMP00026,  NOAH WILLIAMS  ,Sales,PARIS,LONDON,2026-09-24,2026-10-03,Domestic,British Airways,416.40,INR,CONFIRMED
BKG101530,EMP00170,Olivia Davis,Finance,new york,PARIS,2026-09-20,2026-09-23,Domestic,Air India,1677.64,eur,confirmed
BKG101531,EMP00183,Mia Anderson,Human Resources,San Francisco,Bengaluru,2026-10-01,2026-10-13,International,Singapore Airlines,2234.30,USD,CANCELLED
BKG101532,EMP00242,Mia Anderson,Human Resources,San Francisco, singapore ,2026-09-17,2026-09-21,International,United Airlines,2203.22,GBP,CONFIRMED
BKG101533,EMP00036,Aarav Sharma,Finance,PARIS,Bengaluru,2026-09-11,2026-09-25,Domestic,British Airways,3262.53,INR,CONFIRMED
BKG101534,EMP00201,Ethan Brown,Engineering,new york, singapore ,2026-09-24,2026-09-28,International,Singapore Airlines,4168.74,GBP,PENDING
BKG101535,EMP00344,Arjun Nair,Engineering, singapore ,Sydney,2026-09-28,2026-09-30,Domestic,Air India,198.23,EUR,PENDING
BKG101536,EMP00292,Liam Chen,Marketing,new york,Sydney,2026-09-15,2026-09-22,Domestic,Lufthansa,1750.59,GBP,CONFIRMED
BKG101537,EMP00053,Sofia Martinez,Finance,dubai,San Francisco,2026-09-13,2026-09-21,Domestic,Delta,4170.88,GBP,CONFIRMED
BKG101538,EMP00349,  NOAH WILLIAMS  ,Sales,LONDON,new york,2026-09-18,2026-09-19,International,Lufthansa,157.89,EUR,PENDING
BKG101539,EMP00254,Emma Johnson,Marketing, singapore ,tokyo,2026-10-01,2026-10-09,International,United Airlines,2459.39,INR,CONFIRMED
BKG101540,EMP00269,Arjun Nair,Operations,PARIS,Toronto,2026-09-21,2026-09-27,International,Emirates,835.39,INR,CONFIRMED
BKG101541,EMP00074,Emma Johnson,Operations,dubai, singapore ,2026-09-13,2026-09-15,Domestic,Air India,3383.67,GBP,confirmed
BKG101542,EMP00225,Emma Johnson,Sales,San Francisco, singapore ,2026-10-02,2026-10-13,Domestic,United Airlines,3562.34,GBP,CANCELLED
BKG101543,EMP00242,Lucas Silva,Sales,San Francisco,PARIS,2026-10-02,2026-10-07,Domestic,Air India,2896.36,gbp,PENDING
BKG101544,EMP00128,Liam Chen,Operations,LONDON,tokyo,2026-09-25,2026-09-26,International,British Airways,3386.33,EUR,CANCELLED
BKG101545,EMP00040,Lucas Silva,Marketing,LONDON,San Francisco,2026-09-26,2026-10-07,International,Lufthansa,2385.11,USD,CANCELLED
BKG101546,EMP00075,Priya Patel,Marketing,San Francisco,tokyo,2026-09-21,2026-09-22,Domestic,Emirates,2109.09,USD,CANCELLED
BKG101547,EMP00179,  OLIVIA DAVIS  ,Human Resources,LONDON,Toronto,2026-09-18,2026-09-21,International,British Airways,3562.46,INR,CANCELLED
BKG101548,EMP00043,Aarav Sharma,Operations,dubai,tokyo,2026-09-12,2026-09-20,Domestic,British Airways,1753.56,USD,CONFIRMED
BKG101549,EMP00113,Aarav Sharma,Engineering,new york,LONDON,2026-09-15,2026-09-27,Domestic,United Airlines,1972.07,EUR,CANCELLED
BKG101550,EMP00059,Mia Anderson,Engineering,new york,tokyo,2026-09-18,2026-09-28,International,Singapore Airlines,614.03,INR,CONFIRMED
BKG101551,EMP00076,Liam Chen,Human Resources,San Francisco,new york,2026-09-27,2026-09-29,Domestic,Emirates,966.76,USD,CANCELLED
BKG101552,EMP00233,Aarav Sharma,Operations, singapore ,dubai,2026-09-27,2026-09-29,Domestic,Qantas,1624.62,USD,cancelled
BKG101553,EMP00013,Olivia Davis,Engineering,new york,San Francisco,2026-10-02,2026-10-06,Domestic,Lufthansa,3575.95,EUR,PENDING
BKG101554,EMP00331,Lucas Silva,Finance,dubai,Bengaluru,2026-09-26,2026-10-04,International,British Airways,3294.22,EUR,CANCELLED
BKG101555,EMP00040,Lucas Silva,Human Resources,dubai,new york,2026-09-28,2026-10-10,International,Emirates,2666.72,INR,PENDING
BKG101556,EMP00063,  EMMA JOHNSON  ,Sales,new york, singapore ,2026-09-19,2026-09-24,Domestic,Emirates,4014.53,inr,CONFIRMED
BKG101557,EMP00171,Olivia Davis,Marketing,Sydney,dubai,2026-09-25,2026-09-26,International,Delta,3288.80,INR,CONFIRMED
BKG101558,EMP00256,Aarav Sharma,Human Resources,Sydney,Toronto,2026-09-21,2026-10-02,Domestic,United Airlines,1288.30,EUR,CONFIRMED
BKG101559,EMP00307,Olivia Davis,Sales, singapore ,tokyo,2026-09-25,2026-09-28,Domestic,Qantas,297.84,USD,CONFIRMED
BKG101560,EMP00206,Lucas Silva,Marketing,Sydney,Bengaluru,2026-09-18,2026-09-27,Domestic,Air India,972.21,INR,CANCELLED
BKG101561,EMP00078,Isabella Rossi,Engineering,LONDON,dubai,2026-09-18,2026-09-29,Domestic,Singapore Airlines,4123.79,GBP,CANCELLED
BKG101562,EMP00156,Noah Williams,Engineering,San Francisco,LONDON,2026-09-18,2026-09-25,Domestic,Singapore Airlines,3910.72,GBP,CONFIRMED
BKG101563,EMP00114,Aarav Sharma,Engineering,dubai,Toronto,2026-09-23,2026-09-26,Domestic,United Airlines,1399.28,INR,confirmed
BKG101564,EMP00094,Noah Williams,Marketing,Bengaluru,LONDON,2026-09-11,2026-09-12,International,Air India,3214.28,USD,PENDING
BKG101565,EMP00038,  ARJUN NAIR  ,Operations,tokyo,dubai,2026-09-26,2026-10-04,International,Delta,907.48,GBP,PENDING
BKG101566,EMP00329,Arjun Nair,Sales,tokyo,Bengaluru,2026-09-12,2026-09-22,Domestic,Lufthansa,1901.92,INR,PENDING
BKG101567,EMP00069,Isabella Rossi,Engineering,tokyo,Bengaluru,2026-09-28,2026-10-02,International,United Airlines,1703.22,USD,PENDING
BKG101568,EMP00116,Lucas Silva,Sales,Toronto,San Francisco,2026-09-11,2026-09-20,International,Delta,3178.62,INR,CANCELLED
BKG101569,EMP00217,Isabella Rossi,Human Resources,Bengaluru,LONDON,2026-09-23,2026-10-01,International,Singapore Airlines,1572.17,gbp,CONFIRMED
BKG101570,EMP00257,Liam Chen,Finance,LONDON,Toronto,2026-09-29,2026-10-04,International,Lufthansa,2860.36,USD,CONFIRMED
BKG101571,EMP00163,Liam Chen,Marketing,Sydney,new york,2026-09-24,2026-10-06,International,Singapore Airlines,1003.47,EUR,CANCELLED
BKG101572,EMP00129,Aarav Sharma,Operations,Toronto,tokyo,2026-09-15,2026-09-24,Domestic,Qantas,3674.94,GBP,PENDING
BKG101573,EMP00007,Ethan Brown,Marketing,dubai,LONDON,2026-09-12,2026-09-25,International,United Airlines,1953.76,EUR,PENDING
BKG101574,EMP00265,  SOFIA MARTINEZ  ,Engineering,new york,PARIS,2026-09-14,2026-09-20,International,Emirates,2000.03,USD,confirmed
BKG101575,EMP00107,Noah Williams,Operations,tokyo,PARIS,2026-09-17,2026-09-24,Domestic,United Airlines,3815.45,INR,CANCELLED
BKG101576,EMP00171,Lucas Silva,Sales,new york, singapore ,2026-09-19,2026-09-23,International,Lufthansa,571.76,INR,PENDING
BKG101577,EMP00194,Noah Williams,Engineering,dubai,new york,2026-09-18,2026-09-19,International,Delta,3790.70,USD,PENDING
BKG101578,EMP00037,Emma Johnson,Engineering,Sydney,Bengaluru,2026-09-24,2026-10-06,International,Singapore Airlines,3008.83,EUR,CONFIRMED
BKG101579,EMP00143,Emma Johnson,Engineering,Sydney,LONDON,2026-09-13,2026-09-24,International,British Airways,1370.88,GBP,CONFIRMED
BKG101580,EMP00028,Arjun Nair,Sales, singapore ,PARIS,2026-09-13,2026-09-15,International,Qantas,179.65,INR,PENDING
BKG101581,EMP00078,Aarav Sharma,Operations,new york,dubai,2026-09-20,2026-09-26,Domestic,British Airways,2634.76,USD,CANCELLED
BKG101582,EMP00241,Lucas Silva,Engineering,dubai,Toronto,2026-09-28,2026-10-09,Domestic,British Airways,3958.18,eur,CONFIRMED
BKG101583,EMP00149,  EMMA JOHNSON  ,Sales,San Francisco,dubai,2026-09-24,2026-10-08,Domestic,Air India,173.70,EUR,CANCELLED
BKG101584,EMP00143,Liam Chen,Engineering,LONDON,PARIS,2026-09-12,2026-09-19,Domestic,Air India,1628.34,USD,CONFIRMED
BKG101585,EMP00081,Arjun Nair,Sales,San Francisco,LONDON,2026-09-14,2026-09-28,International,United Airlines,3173.70,INR,cancelled
BKG101586,EMP00213,Olivia Davis,Operations,PARIS,new york,2026-09-28,2026-10-06,International,Lufthansa,2908.27,USD,CANCELLED
BKG101587,EMP00342,Emma Johnson,Operations,tokyo,Toronto,2026-09-16,2026-09-28,International,Lufthansa,3089.02,INR,CANCELLED
BKG101588,EMP00153,Priya Patel,Operations,dubai,PARIS,2026-09-22,2026-09-23,International,British Airways,1844.75,GBP,CANCELLED
BKG101589,EMP00236,Mia Anderson,Marketing,LONDON,dubai,2026-09-29,2026-10-05,Domestic,Emirates,280.06,EUR,CANCELLED
BKG101590,EMP00206,Mia Anderson,Sales,LONDON,Bengaluru,2026-09-21,2026-09-25,International,United Airlines,2162.68,EUR,CONFIRMED
BKG101591,EMP00277,Olivia Davis,Finance,Toronto,Sydney,2026-09-29,2026-10-08,Domestic,Air India,2407.74,INR,CONFIRMED
BKG101592,EMP00276,  MIA ANDERSON  ,Human Resources, singapore ,Toronto,2026-09-14,2026-09-16,International,Air India,1838.48,USD,CONFIRMED
BKG101593,EMP00171,Arjun Nair,Finance,new york,Bengaluru,2026-09-25,2026-10-09,Domestic,Emirates,634.05,INR,CANCELLED
BKG101594,EMP00334,Priya Patel,Human Resources,new york,Toronto,2026-10-02,2026-10-12,International,Qantas,2199.32,GBP,CANCELLED
BKG101595,EMP00169,Noah Williams,Engineering,PARIS,Bengaluru,2026-09-30,2026-10-03,Domestic,Qantas,2809.40,gbp,CONFIRMED
BKG101596,EMP00031,Ethan Brown,Marketing,Sydney,Bengaluru,2026-09-23,2026-10-02,Domestic,Delta,3648.67,INR,confirmed
BKG101597,EMP00329,Noah Williams,Engineering,Bengaluru,tokyo,2026-09-13,2026-09-20,Domestic,British Airways,1307.80,INR,CANCELLED
BKG101598,EMP00172,Isabella Rossi,Marketing,LONDON,new york,2026-09-25,2026-10-01,Domestic,Singapore Airlines,4045.25,EUR,CANCELLED
BKG101599,EMP00051,Sofia Martinez,Marketing,Bengaluru,Toronto,2026-09-28,2026-10-03,Domestic,British Airways,2353.82,EUR,PENDING
BKG101600,EMP00258,Olivia Davis,Finance,tokyo,dubai,2026-09-20,2026-09-21,Domestic,United Airlines,2116.82,GBP,CANCELLED
BKG101601,EMP00080,  ETHAN BROWN  ,Finance,dubai,PARIS,2026-09-16,2026-09-29,International,Delta,3565.33,INR,PENDING
BKG101602,EMP00286,Liam Chen,Operations,PARIS,dubai,2026-09-30,2026-10-12,Domestic,Qantas,233.26,INR,CANCELLED
BKG101603,EMP00196,Aarav Sharma,Finance,PARIS,Toronto,2026-09-13,2026-09-19,International,Air India,3276.46,GBP,PENDING
BKG101604,EMP00282,Ethan Brown,Finance,San Francisco, singapore ,2026-09-28,2026-10-03,Domestic,British Airways,2825.54,GBP,CONFIRMED
BKG101605,EMP00184,Sofia Martinez,Sales,San Francisco,new york,2026-10-01,2026-10-14,Domestic,Lufthansa,3496.54,EUR,CANCELLED
BKG101606,EMP00264,Aarav Sharma,Engineering,Toronto,tokyo,2026-09-29,2026-10-12,International,Air India,3909.03,EUR,CANCELLED
BKG101607,EMP00325,Noah Williams,Engineering,PARIS,new york,2026-09-21,2026-09-28,International,United Airlines,301.49,GBP,cancelled
BKG101608,EMP00158,Mia Anderson,Sales,LONDON,Toronto,2026-09-14,2026-09-26,Domestic,Emirates,1005.34,gbp,CANCELLED
BKG101609,EMP00051,Mia Anderson,Human Resources,Sydney,Bengaluru,2026-09-25,2026-10-08,International,Lufthansa,3711.94,USD,CANCELLED
BKG101610,EMP00272,  NOAH WILLIAMS  ,Finance,new york,tokyo,2026-09-13,2026-09-20,International,United Airlines,2763.91,INR,CANCELLED
BKG101611,EMP00162,Olivia Davis,Human Resources,dubai, singapore ,2026-09-16,2026-09-25,International,Qantas,1969.62,USD,CANCELLED
BKG101612,EMP00112,Liam Chen,Human Resources,LONDON,PARIS,2026-09-16,2026-09-22,Domestic,Emirates,3722.40,INR,CANCELLED
BKG101613,EMP00331,Aarav Sharma,Sales,dubai,San Francisco,2026-09-27,2026-09-29,International,Delta,2956.34,EUR,PENDING
BKG101614,EMP00013,Sofia Martinez,Engineering,dubai,PARIS,2026-09-22,2026-10-05,Domestic,Emirates,708.84,INR,PENDING
BKG101615,EMP00041,Aarav Sharma,Engineering,dubai,Sydney,2026-09-11,2026-09-15,International,Emirates,2286.38,GBP,CANCELLED
BKG101616,EMP00223,Mia Anderson,Finance,Bengaluru,PARIS,2026-09-17,2026-09-27,International,British Airways,2531.90,EUR,CONFIRMED
BKG101617,EMP00169,Olivia Davis,Engineering, singapore ,Bengaluru,2026-09-15,2026-09-25,International,Emirates,1548.40,INR,PENDING
BKG101618,EMP00171,Ethan Brown,Sales,LONDON,dubai,2026-09-15,2026-09-23,Domestic,Qantas,174.37,INR,cancelled
BKG101619,EMP00116,  NOAH WILLIAMS  ,Operations,Sydney,Bengaluru,2026-09-13,2026-09-24,Domestic,Lufthansa,3868.69,INR,CANCELLED
BKG101620,EMP00025,Mia Anderson,Marketing,San Francisco,tokyo,2026-09-23,2026-09-24,Domestic,Lufthansa,3505.77,INR,CANCELLED
BKG101621,EMP00328,Emma Johnson,Operations,Toronto,dubai,2026-09-30,2026-10-06,Domestic,British Airways,1196.12,gbp,PENDING
BKG101622,EMP00146,Noah Williams,Finance,tokyo,new york,2026-09-23,2026-09-29,Domestic,Qantas,430.73,USD,PENDING
BKG101623,EMP00302,Arjun Nair,Human Resources,dubai,tokyo,2026-09-18,2026-10-01,International,Singapore Airlines,3429.33,EUR,PENDING
BKG101624,EMP00026,Lucas Silva,Engineering,dubai,Sydney,2026-09-12,2026-09-23,Domestic,United Airlines,1857.25,GBP,PENDING
BKG101625,EMP00254,Arjun Nair,Finance,Bengaluru,dubai,2026-10-01,2026-10-13,International,British Airways,3894.43,EUR,PENDING
BKG101626,EMP00202,Olivia Davis,Engineering,new york,San Francisco,2026-09-21,2026-09-26,International,United Airlines,1638.19,EUR,CANCELLED
BKG101627,EMP00127,Priya Patel,Human Resources,tokyo, singapore ,2026-09-22,2026-09-25,International,Delta,1178.55,USD,CANCELLED
BKG101628,EMP00161,  ISABELLA ROSSI  ,Operations,Sydney, singapore ,2026-09-26,2026-10-10,International,Lufthansa,3977.41,GBP,PENDING
BKG101629,EMP00035,Lucas Silva,Finance,Bengaluru, singapore ,2026-09-27,2026-10-09,Domestic,British Airways,2433.12,INR,cancelled
BKG101630,EMP00074,Olivia Davis,Finance,PARIS,Bengaluru,2026-09-27,2026-10-02,International,Lufthansa,1510.16,INR,PENDING
BKG101631,EMP00230,Mia Anderson,Sales,Bengaluru,San Francisco,2026-09-18,2026-09-27,Domestic,United Airlines,809.87,USD,CANCELLED
BKG101632,EMP00325,Priya Patel,Engineering,new york,PARIS,2026-09-14,2026-09-20,Domestic,Qantas,3186.48,USD,CANCELLED
BKG101633,EMP00022,Olivia Davis,Operations,Toronto,dubai,2026-09-18,2026-09-20,International,Qantas,1602.18,EUR,CONFIRMED
BKG101634,EMP00223,Ethan Brown,Engineering,San Francisco,tokyo,2026-09-28,2026-10-10,Domestic,Air India,2968.06,gbp,CANCELLED
BKG101635,EMP00213,Sofia Martinez,Human Resources,tokyo,Toronto,2026-09-13,2026-09-15,International,Lufthansa,2095.32,GBP,PENDING
BKG101636,EMP00308,Olivia Davis,Human Resources,PARIS,new york,2026-09-20,2026-09-24,Domestic,Air India,3644.85,GBP,PENDING
BKG101637,EMP00142,  EMMA JOHNSON  ,Human Resources,dubai,new york,2026-09-14,2026-09-23,International,Air India,3272.15,GBP,PENDING
BKG101638,EMP00088,Lucas Silva,Engineering,tokyo,San Francisco,2026-09-27,2026-10-02,International,Emirates,2633.19,GBP,PENDING
BKG101639,EMP00103,Isabella Rossi,Operations,LONDON,San Francisco,2026-09-24,2026-10-08,Domestic,Qantas,3639.31,USD,PENDING
BKG101640,EMP00080,Mia Anderson,Operations,PARIS,Bengaluru,2026-09-15,2026-09-16,International,Air India,771.43,EUR,cancelled
BKG101641,EMP00327,Isabella Rossi,Human Resources,new york,Toronto,2026-09-17,2026-09-20,International,Emirates,1939.88,EUR,CONFIRMED
BKG101642,EMP00168,Priya Patel,Engineering,Sydney,dubai,2026-09-23,2026-09-25,Domestic,British Airways,2450.51,EUR,CANCELLED
BKG101643,EMP00021,Liam Chen,Operations,dubai,tokyo,2026-09-28,2026-10-07,International,Delta,2543.30,USD,PENDING
BKG101644,EMP00036,Lucas Silva,Operations,Sydney, singapore ,2026-09-19,2026-09-20,Domestic,Qantas,3805.36,INR,CONFIRMED
BKG101645,EMP00217,Isabella Rossi,Human Resources,tokyo,Toronto,2026-09-20,2026-09-26,Domestic,British Airways,2653.09,EUR,PENDING
BKG101646,EMP00267,  AARAV SHARMA  ,Finance,LONDON,PARIS,2026-09-25,2026-10-08,International,Lufthansa,338.04,EUR,CANCELLED
BKG101647,EMP00070,Emma Johnson,Operations, singapore ,PARIS,2026-09-21,2026-10-01,International,Singapore Airlines,3069.71,eur,PENDING
BKG101648,EMP00152,Arjun Nair,Finance, singapore ,LONDON,2026-09-16,2026-09-18,International,Emirates,2103.22,INR,CANCELLED
BKG101649,EMP00333,Ethan Brown,Sales,new york,tokyo,2026-09-30,2026-10-03,Domestic,United Airlines,620.65,INR,PENDING
BKG101650,EMP00044,Priya Patel,Marketing,San Francisco,tokyo,2026-09-24,2026-09-27,Domestic,Emirates,148.31,EUR,PENDING
BKG101651,EMP00054,Sofia Martinez,Sales,new york,PARIS,2026-09-21,2026-09-29,Domestic,Qantas,3286.73,INR,confirmed
BKG101652,EMP00121,Aarav Sharma,Engineering,San Francisco,new york,2026-10-02,2026-10-08,International,Air India,1315.49,GBP,CONFIRMED
BKG101653,EMP00349,Mia Anderson,Operations,Sydney,PARIS,2026-09-16,2026-09-30,International,Lufthansa,2149.90,INR,CANCELLED
BKG101654,EMP00340,Emma Johnson,Engineering,LONDON,new york,2026-09-23,2026-09-27,Domestic,Lufthansa,2950.89,USD,PENDING
BKG101655,EMP00061,  NOAH WILLIAMS  ,Finance,PARIS, singapore ,2026-09-19,2026-10-02,International,Lufthansa,373.20,INR,PENDING
BKG101656,EMP00247,Sofia Martinez,Finance,dubai,Sydney,2026-09-24,2026-10-03,International,Emirates,1338.16,INR,CANCELLED
BKG101657,EMP00326,Arjun Nair,Finance,San Francisco,Sydney,2026-09-19,2026-09-23,International,British Airways,2942.58,GBP,CANCELLED
BKG101658,EMP00229,Ethan Brown,Human Resources, singapore ,dubai,2026-09-23,2026-09-30,Domestic,Qantas,2472.62,EUR,CANCELLED
BKG101659,EMP00350,Aarav Sharma,Engineering,Toronto,new york,2026-09-12,2026-09-24,International,United Airlines,440.35,GBP,CONFIRMED
BKG101660,EMP00167,Mia Anderson,Human Resources,new york,Sydney,2026-09-29,2026-10-08,International,British Airways,3509.77,usd,PENDING
BKG101661,EMP00170,Sofia Martinez,Finance,Toronto,Bengaluru,2026-09-28,2026-10-06,Domestic,Delta,1596.73,USD,CONFIRMED
BKG101662,EMP00045,Isabella Rossi,Finance,San Francisco,Sydney,2026-10-02,2026-10-14,International,British Airways,1577.80,USD,cancelled
BKG101663,EMP00202,Sofia Martinez,Operations,tokyo,Sydney,2026-09-12,2026-09-26,Domestic,Qantas,1298.83,GBP,CANCELLED
BKG101664,EMP00307,  NOAH WILLIAMS  ,Marketing,Toronto,LONDON,2026-09-30,2026-10-12,Domestic,Lufthansa,1525.85,INR,CONFIRMED
BKG101665,EMP00242,Noah Williams,Human Resources, singapore ,Sydney,2026-09-16,2026-09-26,International,Lufthansa,2423.25,USD,CANCELLED
BKG101666,EMP00185,Emma Johnson,Engineering,Bengaluru,dubai,2026-09-17,2026-09-18,International,Delta,2079.71,USD,CANCELLED
BKG101667,EMP00123,Ethan Brown,Finance,Toronto,San Francisco,2026-09-15,2026-09-21,International,Qantas,3991.03,INR,CANCELLED
BKG101668,EMP00043,Emma Johnson,Operations, singapore ,Toronto,2026-09-22,2026-10-06,Domestic,Lufthansa,1763.92,USD,CANCELLED
BKG101669,EMP00102,Emma Johnson,Human Resources,San Francisco,Toronto,2026-09-30,2026-10-03,International,Lufthansa,3128.66,INR,PENDING
BKG101670,EMP00017,Aarav Sharma,Sales,tokyo,San Francisco,2026-09-24,2026-09-27,Domestic,British Airways,2916.82,USD,CONFIRMED
BKG101671,EMP00349,Ethan Brown,Finance,San Francisco, singapore ,2026-09-16,2026-09-30,International,British Airways,457.39,USD,CONFIRMED
BKG101672,EMP00071,Isabella Rossi,Sales,Toronto,San Francisco,2026-09-20,2026-09-30,Domestic,Qantas,2822.61,INR,CONFIRMED
BKG101673,EMP00072,  AARAV SHARMA  ,Engineering,new york,Toronto,2026-09-20,2026-10-01,International,United Airlines,3355.92,gbp,confirmed
BKG101674,EMP00069,Lucas Silva,Engineering,dubai,PARIS,2026-09-27,2026-10-04,International,Air India,2222.63,INR,PENDING
BKG101675,EMP00311,Emma Johnson,Finance,tokyo,new york,2026-09-23,2026-10-01,Domestic,Singapore Airlines,2278.15,GBP,CANCELLED
BKG101676,EMP00230,Isabella Rossi,Sales, singapore ,Sydney,2026-09-27,2026-09-29,Domestic,British Airways,1800.56,INR,PENDING
BKG101677,EMP00212,Lucas Silva,Sales,Bengaluru,San Francisco,2026-09-19,2026-09-22,International,Emirates,2992.39,EUR,PENDING
BKG101678,EMP00201,Noah Williams,Finance,tokyo,dubai,2026-09-29,2026-10-03,International,Lufthansa,649.13,USD,CONFIRMED
BKG101679,EMP00302,Ethan Brown,Engineering,dubai,new york,2026-09-30,2026-10-11,Domestic,Delta,765.99,INR,CANCELLED
BKG101680,EMP00153,Lucas Silva,Sales,Bengaluru,LONDON,2026-09-12,2026-09-14,Domestic,Singapore Airlines,1723.81,GBP,CONFIRMED
BKG101681,EMP00201,Ethan Brown,Finance,San Francisco,LONDON,2026-10-01,2026-10-06,Domestic,Qantas,589.32,INR,CANCELLED
BKG101682,EMP00227,  MIA ANDERSON  ,Operations,LONDON,San Francisco,2026-10-02,2026-10-14,International,United Airlines,1333.39,GBP,CONFIRMED
BKG101683,EMP00096,Isabella Rossi,Sales,tokyo,PARIS,2026-09-25,2026-09-28,International,Lufthansa,359.73,USD,CONFIRMED
BKG101684,EMP00321,Priya Patel,Sales,San Francisco,Bengaluru,2026-10-02,2026-10-06,Domestic,Delta,179.04,GBP,confirmed
BKG101685,EMP00226,Olivia Davis,Human Resources,new york,Sydney,2026-10-02,2026-10-14,Domestic,Singapore Airlines,1300.34,INR,CANCELLED
BKG101686,EMP00207,Liam Chen,Finance, singapore ,Toronto,2026-09-21,2026-09-24,Domestic,United Airlines,3872.71,inr,CONFIRMED
BKG101687,EMP00092,Noah Williams,Operations,PARIS,Bengaluru,2026-09-17,2026-09-18,Domestic,Emirates,2293.58,USD,CONFIRMED
BKG101688,EMP00160,Aarav Sharma,Finance, singapore ,Bengaluru,2026-09-15,2026-09-29,International,Air India,3446.02,USD,PENDING
BKG101689,EMP00270,Mia Anderson,Engineering,dubai,Toronto,2026-09-26,2026-10-04,Domestic,Air India,3653.15,GBP,CONFIRMED
BKG101690,EMP00102,Aarav Sharma,Operations,PARIS, singapore ,2026-10-02,2026-10-15,International,United Airlines,730.67,GBP,CANCELLED
BKG101691,EMP00144,  NOAH WILLIAMS  ,Finance,tokyo,LONDON,2026-09-11,2026-09-17,International,British Airways,3830.10,GBP,CANCELLED
BKG101692,EMP00274,Olivia Davis,Operations,PARIS, singapore ,2026-09-17,2026-09-29,International,Lufthansa,625.98,INR,CANCELLED
BKG101693,EMP00254,Lucas Silva,Engineering,Toronto,PARIS,2026-09-21,2026-10-02,Domestic,British Airways,1971.67,GBP,CANCELLED
BKG101694,EMP00308,Sofia Martinez,Marketing,new york,dubai,2026-10-02,2026-10-04,Domestic,Qantas,731.32,USD,PENDING
BKG101695,EMP00262,Sofia Martinez,Human Resources,Bengaluru,PARIS,2026-09-29,2026-10-07,International,United Airlines,1132.14,INR,confirmed
BKG101696,EMP00061,Ethan Brown,Finance,Toronto,tokyo,2026-09-23,2026-10-01,Domestic,Delta,2138.31,INR,CONFIRMED
BKG101697,EMP00015,Priya Patel,Marketing,tokyo, singapore ,2026-09-14,2026-09-15,International,United Airlines,936.79,EUR,CONFIRMED
BKG101698,EMP00117,Aarav Sharma,Engineering,dubai,Toronto,2026-09-15,2026-09-23,Domestic,Emirates,3270.77,EUR,PENDING
BKG101699,EMP00023,Priya Patel,Human Resources,new york,dubai,2026-10-02,2026-10-12,Domestic,Lufthansa,2757.92,gbp,PENDING
BKG101700,EMP00053,  MIA ANDERSON  ,Marketing,Bengaluru,dubai,2026-09-25,2026-10-08,Domestic,British Airways,3219.01,INR,PENDING
BKG101701,EMP00209,Ethan Brown,Sales,tokyo,LONDON,2026-09-17,2026-09-28,Domestic,Air India,2895.43,GBP,CANCELLED
BKG101702,EMP00009,Aarav Sharma,Marketing, singapore ,PARIS,2026-09-18,2026-09-22,International,Air India,1868.34,USD,PENDING
BKG101703,EMP00154,Aarav Sharma,Marketing,LONDON,new york,2026-09-16,2026-09-28,Domestic,Lufthansa,1984.34,INR,PENDING
BKG101704,EMP00175,Aarav Sharma,Operations,tokyo, singapore ,2026-09-29,2026-10-03,Domestic,Air India,3941.08,EUR,CANCELLED
BKG101705,EMP00056,Sofia Martinez,Marketing,dubai,Toronto,2026-09-17,2026-09-28,International,Air India,228.02,GBP,CANCELLED
BKG101706,EMP00233,Mia Anderson,Marketing,tokyo,LONDON,2026-09-24,2026-10-07,Domestic,Singapore Airlines,1367.26,USD,confirmed
BKG101707,EMP00349,Liam Chen,Marketing,tokyo,Toronto,2026-09-24,2026-10-01,International,British Airways,1493.55,GBP,PENDING
BKG101708,EMP00276,Ethan Brown,Finance,LONDON,tokyo,2026-09-24,2026-09-28,Domestic,Emirates,3583.13,USD,CONFIRMED
BKG101709,EMP00324,  SOFIA MARTINEZ  ,Sales,PARIS,tokyo,2026-09-23,2026-09-24,Domestic,Delta,1709.55,INR,CANCELLED
BKG101710,EMP00196,Liam Chen,Operations,Toronto,tokyo,2026-09-29,2026-10-02,Domestic,Delta,3806.72,GBP,PENDING
BKG101711,EMP00116,Aarav Sharma,Human Resources, singapore ,PARIS,2026-09-18,2026-10-02,Domestic,United Airlines,710.28,INR,CONFIRMED
BKG101712,EMP00136,Ethan Brown,Operations,dubai,LONDON,2026-09-19,2026-09-25,Domestic,Air India,742.05,gbp,CANCELLED
BKG101713,EMP00159,Mia Anderson,Finance,Bengaluru,PARIS,2026-09-18,2026-09-21,Domestic,British Airways,2862.08,EUR,PENDING
BKG101714,EMP00008,Liam Chen,Sales,dubai,PARIS,2026-09-24,2026-10-03,International,United Airlines,2867.12,USD,PENDING
BKG101715,EMP00101,Mia Anderson,Sales,dubai,LONDON,2026-09-14,2026-09-27,Domestic,Emirates,546.53,EUR,CANCELLED
BKG101716,EMP00181,Emma Johnson,Finance,dubai,new york,2026-09-11,2026-09-12,Domestic,Delta,2269.09,EUR,PENDING
BKG101717,EMP00183,Aarav Sharma,Human Resources,LONDON,Bengaluru,2026-09-19,2026-09-24,Domestic,Lufthansa,1771.21,INR,cancelled
BKG101718,EMP00257,  LIAM CHEN  ,Finance,new york,Toronto,2026-09-24,2026-10-08,International,United Airlines,174.86,USD,PENDING
BKG101719,EMP00066,Isabella Rossi,Engineering,Toronto,San Francisco,2026-09-16,2026-09-24,International,Qantas,2744.72,USD,CANCELLED
BKG101720,EMP00004,Arjun Nair,Marketing,Bengaluru,PARIS,2026-09-17,2026-09-20,International,Qantas,3737.16,USD,CANCELLED
BKG101721,EMP00115,Aarav Sharma,Finance,Toronto, singapore ,2026-09-14,2026-09-27,International,Lufthansa,945.67,USD,CONFIRMED
BKG101722,EMP00128,Aarav Sharma,Engineering,PARIS,Toronto,2026-09-20,2026-10-01,International,British Airways,1166.86,EUR,CONFIRMED
BKG101723,EMP00212,Arjun Nair,Finance,San Francisco, singapore ,2026-10-01,2026-10-05,Domestic,United Airlines,1796.70,GBP,PENDING
BKG101724,EMP00063,Sofia Martinez,Operations,LONDON,tokyo,2026-09-25,2026-10-05,Domestic,Emirates,3482.48,INR,CONFIRMED
BKG101725,EMP00259,Aarav Sharma,Engineering,Sydney,LONDON,2026-09-29,2026-09-30,International,United Airlines,4162.61,gbp,CANCELLED
BKG101726,EMP00181,Mia Anderson,Operations,new york,San Francisco,2026-09-24,2026-10-04,International,Delta,2429.50,EUR,CANCELLED
BKG101727,EMP00341,  SOFIA MARTINEZ  ,Engineering,new york,Toronto,2026-09-26,2026-09-30,Domestic,British Airways,2759.72,INR,CONFIRMED
BKG101728,EMP00166,Lucas Silva,Sales,Toronto,Bengaluru,2026-09-28,2026-09-29,International,British Airways,1094.26,USD,confirmed
BKG101729,EMP00186,Arjun Nair,Engineering,PARIS,dubai,2026-10-01,2026-10-03,International,Lufthansa,672.40,USD,CONFIRMED
BKG101730,EMP00290,Mia Anderson,Marketing,San Francisco,dubai,2026-09-19,2026-09-23,Domestic,Qantas,804.97,INR,PENDING
BKG101731,EMP00321,Priya Patel,Marketing,dubai,Toronto,2026-09-19,2026-10-01,Domestic,Qantas,1765.07,USD,PENDING
BKG101732,EMP00110,Olivia Davis,Human Resources,Bengaluru,Sydney,2026-09-22,2026-10-02,International,Singapore Airlines,1053.86,EUR,CONFIRMED
BKG101733,EMP00086,Lucas Silva,Operations,new york,Bengaluru,2026-09-25,2026-09-27,Domestic,Emirates,3185.32,INR,CANCELLED
BKG101734,EMP00263,Liam Chen,Operations,San Francisco,new york,2026-09-30,2026-10-07,International,Emirates,2337.45,INR,CONFIRMED
BKG101735,EMP00086,Liam Chen,Sales,Toronto, singapore ,2026-09-23,2026-10-07,Domestic,British Airways,1625.06,USD,CONFIRMED
BKG101736,EMP00285,  ETHAN BROWN  ,Finance,San Francisco,PARIS,2026-10-02,2026-10-16,International,British Airways,840.64,USD,CANCELLED
BKG101737,EMP00314,Ethan Brown,Marketing,tokyo,Sydney,2026-09-17,2026-09-23,Domestic,British Airways,417.95,EUR,PENDING
BKG101738,EMP00276,Arjun Nair,Sales,tokyo,dubai,2026-09-17,2026-09-21,International,Delta,1150.79,usd,CONFIRMED
BKG101739,EMP00189,Sofia Martinez,Sales,Sydney,Bengaluru,2026-09-13,2026-09-16,International,Emirates,635.34,GBP,confirmed
BKG101740,EMP00245,Liam Chen,Sales,PARIS,LONDON,2026-09-27,2026-10-06,Domestic,Emirates,1296.43,GBP,PENDING
BKG101741,EMP00168,Priya Patel,Human Resources, singapore ,PARIS,2026-09-16,2026-09-28,Domestic,Delta,519.98,EUR,PENDING
BKG101742,EMP00176,Olivia Davis,Sales, singapore ,Sydney,2026-09-19,2026-10-02,Domestic,United Airlines,1841.78,USD,PENDING
BKG101743,EMP00252,Noah Williams,Human Resources,dubai,new york,2026-09-13,2026-09-23,Domestic,Lufthansa,495.44,EUR,CANCELLED
BKG101744,EMP00010,Sofia Martinez,Finance,PARIS,new york,2026-09-23,2026-10-03,International,Lufthansa,258.56,INR,CANCELLED
BKG101745,EMP00166,  ETHAN BROWN  ,Marketing,Bengaluru,new york,2026-09-24,2026-10-02,Domestic,Qantas,3946.48,GBP,CANCELLED
BKG101746,EMP00112,Emma Johnson,Engineering,PARIS,LONDON,2026-09-14,2026-09-24,Domestic,Delta,1479.85,EUR,CANCELLED
BKG101747,EMP00168,Sofia Martinez,Marketing,Toronto,PARIS,2026-09-23,2026-09-29,International,United Airlines,977.18,USD,PENDING
BKG101748,EMP00159,Liam Chen,Operations, singapore ,PARIS,2026-09-19,2026-09-23,International,Emirates,3348.76,GBP,CONFIRMED
BKG101749,EMP00280,Noah Williams,Finance,Bengaluru,PARIS,2026-10-02,2026-10-14,Domestic,Qantas,3406.96,GBP,CANCELLED
BKG101750,EMP00346,Mia Anderson,Operations,San Francisco,new york,2026-09-23,2026-09-25,International,British Airways,3584.22,INR,pending
BKG101751,EMP00333,Mia Anderson,Human Resources,Bengaluru,Toronto,2026-09-14,2026-09-17,International,Lufthansa,1740.78,inr,PENDING
BKG101752,EMP00166,Mia Anderson,Engineering,LONDON,tokyo,2026-10-01,2026-10-04,International,Delta,1905.68,USD,CONFIRMED
BKG101753,EMP00211,Aarav Sharma,Operations,tokyo,Sydney,2026-09-15,2026-09-26,Domestic,Singapore Airlines,4132.65,EUR,CANCELLED
BKG101754,EMP00177,  AARAV SHARMA  ,Engineering, singapore ,tokyo,2026-09-14,2026-09-20,Domestic,Singapore Airlines,1668.57,GBP,CONFIRMED
BKG101755,EMP00028,Sofia Martinez,Finance,PARIS,dubai,2026-10-02,2026-10-14,Domestic,British Airways,1108.97,INR,CANCELLED
BKG101756,EMP00251,Priya Patel,Sales,Bengaluru,PARIS,2026-09-29,2026-10-02,Domestic,Qantas,2532.87,GBP,CONFIRMED
BKG101757,EMP00082,Mia Anderson,Sales, singapore ,PARIS,2026-09-23,2026-10-02,International,British Airways,338.66,EUR,CANCELLED
BKG101758,EMP00294,Olivia Davis,Operations,PARIS, singapore ,2026-09-19,2026-09-22,International,Singapore Airlines,3175.36,INR,CANCELLED
BKG101759,EMP00003,Sofia Martinez,Engineering,tokyo, singapore ,2026-09-16,2026-09-25,International,Emirates,1703.39,GBP,CONFIRMED
BKG101760,EMP00234,Liam Chen,Operations,Bengaluru,tokyo,2026-09-26,2026-10-05,Domestic,Lufthansa,1749.28,USD,CONFIRMED
BKG101761,EMP00059,Emma Johnson,Engineering, singapore ,Bengaluru,2026-09-22,2026-09-27,International,Singapore Airlines,3543.77,USD,pending
BKG101762,EMP00257,Ethan Brown,Finance, singapore ,Sydney,2026-09-22,2026-09-24,International,Air India,1704.95,GBP,CONFIRMED
BKG101763,EMP00080,  AARAV SHARMA  ,Operations,dubai,tokyo,2026-09-17,2026-09-25,International,Qantas,3757.88,EUR,PENDING
BKG101764,EMP00110,Noah Williams,Marketing, singapore ,San Francisco,2026-09-27,2026-10-01,Domestic,United Airlines,3091.25,usd,CONFIRMED
BKG101765,EMP00182,Isabella Rossi,Engineering,dubai,PARIS,2026-09-26,2026-10-10,International,Delta,2954.82,EUR,CANCELLED
BKG101766,EMP00169,Emma Johnson,Human Resources,Toronto,LONDON,2026-09-19,2026-09-27,International,Qantas,2046.44,INR,CONFIRMED
BKG101767,EMP00323,Aarav Sharma,Marketing,Toronto,dubai,2026-09-29,2026-10-02,International,Lufthansa,2999.20,USD,PENDING
BKG101768,EMP00043,Liam Chen,Operations,dubai,Toronto,2026-09-30,2026-10-11,International,Lufthansa,2970.15,GBP,CONFIRMED
BKG101769,EMP00069,Mia Anderson,Marketing, singapore ,San Francisco,2026-09-23,2026-10-05,International,Lufthansa,3717.00,GBP,PENDING
BKG101770,EMP00167,Aarav Sharma,Marketing,dubai,San Francisco,2026-10-01,2026-10-14,International,Delta,962.04,INR,CANCELLED
BKG101771,EMP00037,Emma Johnson,Marketing,Sydney,Bengaluru,2026-10-01,2026-10-07,Domestic,Air India,2490.43,USD,PENDING
BKG101772,EMP00348,  LIAM CHEN  ,Human Resources,dubai,PARIS,2026-09-15,2026-09-21,International,Air India,1026.35,GBP,confirmed
BKG101773,EMP00166,Ethan Brown,Finance,Sydney,San Francisco,2026-09-29,2026-10-05,International,Air India,2254.57,EUR,CANCELLED
BKG101774,EMP00013,Lucas Silva,Marketing,dubai,tokyo,2026-10-02,2026-10-13,Domestic,Emirates,2367.41,EUR,PENDING
BKG101775,EMP00104,Noah Williams,Marketing,San Francisco,PARIS,2026-09-22,2026-09-27,Domestic,United Airlines,1077.48,GBP,PENDING
BKG101776,EMP00206,Aarav Sharma,Operations,Bengaluru,LONDON,2026-09-12,2026-09-26,Domestic,Air India,1504.35,INR,CANCELLED
BKG101777,EMP00202,Noah Williams,Engineering,new york,Toronto,2026-09-21,2026-10-04,International,Delta,3512.06,eur,CANCELLED
BKG101778,EMP00285,Olivia Davis,Sales,Toronto,LONDON,2026-09-28,2026-10-08,International,Singapore Airlines,166.30,USD,CANCELLED
BKG101779,EMP00248,Lucas Silva,Operations,Sydney,new york,2026-09-28,2026-09-29,Domestic,Delta,3856.20,USD,CONFIRMED
BKG101780,EMP00080,Lucas Silva,Marketing,tokyo,LONDON,2026-09-16,2026-09-29,International,British Airways,3332.80,INR,CONFIRMED
BKG101781,EMP00183,  NOAH WILLIAMS  ,Finance,dubai,Sydney,2026-09-20,2026-09-29,Domestic,Qantas,3187.88,INR,CONFIRMED
BKG101782,EMP00276,Emma Johnson,Engineering,San Francisco,PARIS,2026-10-02,2026-10-05,International,Emirates,2303.21,GBP,CANCELLED
BKG101783,EMP00092,Mia Anderson,Operations,tokyo,new york,2026-09-26,2026-10-04,International,Emirates,3860.77,EUR,cancelled
BKG101784,EMP00303,Aarav Sharma,Sales,Sydney,tokyo,2026-09-26,2026-09-27,Domestic,Lufthansa,710.31,USD,CANCELLED
BKG101785,EMP00123,Liam Chen,Human Resources, singapore ,tokyo,2026-09-21,2026-10-03,International,Singapore Airlines,1950.15,EUR,PENDING
BKG101786,EMP00098,Emma Johnson,Marketing,Bengaluru,LONDON,2026-09-19,2026-10-01,Domestic,Emirates,3379.35,GBP,PENDING
BKG101787,EMP00319,Isabella Rossi,Operations,dubai,Bengaluru,2026-09-29,2026-10-09,Domestic,Singapore Airlines,2021.38,INR,CONFIRMED
BKG101788,EMP00049,Noah Williams,Sales,dubai,Bengaluru,2026-09-25,2026-10-02,International,Qantas,1720.01,INR,CANCELLED
BKG101789,EMP00320,Ethan Brown,Finance,PARIS,LONDON,2026-09-13,2026-09-15,International,Lufthansa,2294.08,EUR,CONFIRMED
BKG101790,EMP00231,  LUCAS SILVA  ,Sales,Bengaluru,tokyo,2026-09-12,2026-09-20,Domestic,Singapore Airlines,1700.28,inr,CONFIRMED
BKG101791,EMP00214,Liam Chen,Engineering,San Francisco,tokyo,2026-09-16,2026-09-20,International,Singapore Airlines,3454.80,INR,PENDING
BKG101792,EMP00337,Isabella Rossi,Operations,LONDON, singapore ,2026-09-18,2026-10-01,International,United Airlines,1591.08,GBP,PENDING
BKG101793,EMP00078,Liam Chen,Engineering,new york,San Francisco,2026-10-01,2026-10-09,International,Lufthansa,3841.45,INR,PENDING
BKG101794,EMP00027,Olivia Davis,Marketing,Sydney,Toronto,2026-09-17,2026-09-25,International,Lufthansa,3876.99,INR,pending
BKG101795,EMP00036,Sofia Martinez,Engineering,PARIS,LONDON,2026-09-26,2026-10-06,Domestic,Singapore Airlines,2678.95,USD,CONFIRMED
BKG101796,EMP00086,Lucas Silva,Engineering,San Francisco,PARIS,2026-09-23,2026-10-05,International,Singapore Airlines,2178.37,USD,CANCELLED
BKG101797,EMP00287,Priya Patel,Engineering,new york,Bengaluru,2026-09-12,2026-09-21,International,Air India,3719.87,INR,PENDING
BKG101798,EMP00165,Priya Patel,Sales,dubai,LONDON,2026-09-16,2026-09-29,Domestic,Emirates,643.00,EUR,CONFIRMED
BKG101799,EMP00069,  EMMA JOHNSON  ,Engineering,PARIS,dubai,2026-09-28,2026-10-07,Domestic,Lufthansa,552.65,USD,CONFIRMED
BKG101800,EMP00262,Ethan Brown,Human Resources,Bengaluru,tokyo,2026-09-22,2026-10-03,Domestic,Qantas,2171.00,USD,PENDING
BKG101801,EMP00278,Mia Anderson,Operations,tokyo,new york,2026-09-15,2026-09-17,International,United Airlines,2951.61,EUR,CANCELLED
BKG101802,EMP00180,Aarav Sharma,Sales,LONDON,San Francisco,2026-10-02,2026-10-07,Domestic,Delta,3878.02,USD,CANCELLED
BKG101803,EMP00331,Olivia Davis,Operations,PARIS,tokyo,2026-09-25,2026-09-29,Domestic,Delta,1417.80,inr,CANCELLED
BKG101804,EMP00217,Sofia Martinez,Operations,LONDON,San Francisco,2026-09-26,2026-10-06,International,Emirates,2273.85,USD,CANCELLED
BKG101805,EMP00071,Mia Anderson,Marketing,Sydney,LONDON,2026-09-13,2026-09-26,International,Air India,380.73,EUR,pending
BKG101806,EMP00019,Liam Chen,Finance,LONDON,tokyo,2026-09-11,2026-09-22,International,British Airways,3599.00,INR,CANCELLED
BKG101807,EMP00223,Ethan Brown,Operations,Toronto,San Francisco,2026-09-29,2026-10-11,Domestic,Delta,2673.85,USD,PENDING
BKG101808,EMP00053,  ETHAN BROWN  ,Marketing,Sydney,new york,2026-09-30,2026-10-10,International,Air India,4005.98,INR,PENDING
BKG101809,EMP00233,Noah Williams,Engineering,new york,tokyo,2026-09-14,2026-09-23,Domestic,Delta,2455.88,GBP,CANCELLED
BKG101810,EMP00008,Emma Johnson,Human Resources,tokyo,dubai,2026-09-21,2026-09-23,Domestic,Lufthansa,212.90,USD,CONFIRMED
BKG101811,EMP00279,Liam Chen,Marketing,new york,Sydney,2026-09-12,2026-09-16,International,United Airlines,3542.25,USD,CANCELLED
BKG101812,EMP00069,Sofia Martinez,Marketing,Bengaluru,tokyo,2026-09-26,2026-09-27,International,Emirates,829.97,USD,CANCELLED
BKG101813,EMP00122,Aarav Sharma,Human Resources,tokyo,PARIS,2026-09-24,2026-09-25,Domestic,Emirates,3855.93,EUR,CANCELLED
BKG101814,EMP00156,Olivia Davis,Finance,LONDON,San Francisco,2026-09-15,2026-09-26,International,Delta,1660.85,EUR,CANCELLED
BKG101815,EMP00011,Mia Anderson,Operations,LONDON,tokyo,2026-09-23,2026-10-02,International,Emirates,746.09,USD,CONFIRMED
BKG101816,EMP00279,Arjun Nair,Operations, singapore ,Toronto,2026-10-01,2026-10-14,Domestic,Delta,4040.66,eur,cancelled
BKG101817,EMP00296,  LIAM CHEN  ,Finance,Sydney,Bengaluru,2026-09-14,2026-09-23,Domestic,United Airlines,3552.41,USD,PENDING
BKG101818,EMP00329,Olivia Davis,Marketing,Toronto,new york,2026-09-20,2026-09-28,Domestic,Air India,2422.30,INR,PENDING
BKG101819,EMP00340,Liam Chen,Sales,tokyo, singapore ,2026-09-27,2026-10-03,International,Qantas,3614.57,EUR,CANCELLED
BKG101820,EMP00013,Isabella Rossi,Marketing, singapore ,dubai,2026-09-20,2026-10-04,Domestic,British Airways,2462.61,GBP,CONFIRMED
BKG101821,EMP00286,Emma Johnson,Sales,Toronto,Sydney,2026-09-21,2026-09-24,Domestic,Delta,2437.80,EUR,CONFIRMED
BKG101822,EMP00297,Liam Chen,Marketing,Toronto,dubai,2026-09-26,2026-10-03,International,Lufthansa,3586.03,EUR,PENDING
BKG101823,EMP00122,Lucas Silva,Marketing,PARIS,Bengaluru,2026-09-16,2026-09-22,International,Singapore Airlines,889.29,GBP,CONFIRMED
BKG101824,EMP00265,Liam Chen,Sales,Sydney,San Francisco,2026-10-02,2026-10-03,International,Singapore Airlines,932.95,INR,PENDING
BKG101825,EMP00291,Noah Williams,Engineering,tokyo,new york,2026-09-24,2026-10-07,Domestic,Qantas,3209.11,EUR,CONFIRMED
BKG101826,EMP00293,  EMMA JOHNSON  ,Sales,dubai,Sydney,2026-09-12,2026-09-24,International,British Airways,3066.82,GBP,CONFIRMED
BKG101827,EMP00106,Arjun Nair,Finance, singapore ,dubai,2026-09-12,2026-09-23,Domestic,British Airways,1226.50,EUR,pending
BKG101828,EMP00251,Arjun Nair,Operations,PARIS,Bengaluru,2026-09-27,2026-09-30,International,Delta,3248.77,USD,CONFIRMED
BKG101829,EMP00113,Ethan Brown,Sales,tokyo,LONDON,2026-09-16,2026-09-17,International,Delta,2734.11,gbp,CONFIRMED
BKG101830,EMP00091,Noah Williams,Sales,Toronto,San Francisco,2026-09-20,2026-10-02,Domestic,Lufthansa,374.83,INR,PENDING
BKG101831,EMP00173,Liam Chen,Marketing,tokyo,LONDON,2026-10-01,2026-10-06,International,Air India,226.79,INR,CONFIRMED
BKG101832,EMP00014,Arjun Nair,Finance,Sydney,LONDON,2026-09-24,2026-09-28,Domestic,British Airways,1147.22,EUR,CONFIRMED
BKG101833,EMP00271,Noah Williams,Sales, singapore ,Sydney,2026-09-28,2026-10-08,International,Lufthansa,2154.59,INR,PENDING
BKG101834,EMP00210,Emma Johnson,Sales,new york,Sydney,2026-09-20,2026-10-04,Domestic,United Airlines,430.65,EUR,PENDING
BKG101835,EMP00280,  MIA ANDERSON  ,Human Resources,LONDON, singapore ,2026-09-14,2026-09-22,International,Air India,1085.72,EUR,CONFIRMED
BKG101836,EMP00070,Isabella Rossi,Engineering,new york,Toronto,2026-09-23,2026-09-26,International,Emirates,868.23,INR,CONFIRMED
BKG101837,EMP00303,Aarav Sharma,Operations,dubai,LONDON,2026-09-11,2026-09-17,Domestic,United Airlines,3905.49,INR,CANCELLED
BKG101838,EMP00106,Mia Anderson,Engineering,LONDON,new york,2026-09-16,2026-09-21,Domestic,Qantas,2642.09,USD,confirmed
BKG101839,EMP00134,Isabella Rossi,Finance,LONDON,San Francisco,2026-09-28,2026-10-08,International,Singapore Airlines,2389.03,USD,CONFIRMED
BKG101840,EMP00070,Sofia Martinez,Finance,new york,tokyo,2026-09-21,2026-09-29,International,Singapore Airlines,3097.14,GBP,CANCELLED
BKG101841,EMP00032,Isabella Rossi,Human Resources,Bengaluru, singapore ,2026-09-27,2026-09-29,Domestic,Air India,2687.58,EUR,PENDING
BKG101842,EMP00226,Aarav Sharma,Marketing,new york,San Francisco,2026-09-27,2026-10-09,Domestic,Qantas,705.93,usd,PENDING
BKG101843,EMP00294,Noah Williams,Operations,Toronto, singapore ,2026-09-30,2026-10-07,Domestic,British Airways,2727.38,USD,CONFIRMED
BKG101844,EMP00185,  ISABELLA ROSSI  ,Engineering,dubai,Toronto,2026-09-13,2026-09-16,Domestic,Air India,1112.13,GBP,CONFIRMED
BKG101845,EMP00221,Sofia Martinez,Sales,Toronto,new york,2026-10-01,2026-10-05,Domestic,Delta,2044.20,EUR,PENDING
BKG101846,EMP00051,Mia Anderson,Marketing,Bengaluru,dubai,2026-10-02,2026-10-15,Domestic,Emirates,3510.50,USD,CANCELLED
BKG101847,EMP00008,Priya Patel,Finance,San Francisco,Bengaluru,2026-09-16,2026-09-25,International,Lufthansa,4182.95,INR,CONFIRMED
BKG101848,EMP00117,Ethan Brown,Marketing,San Francisco,Toronto,2026-09-27,2026-10-05,Domestic,Air India,3194.26,GBP,PENDING
BKG101849,EMP00028,Noah Williams,Operations,new york,tokyo,2026-10-02,2026-10-11,International,Qantas,2664.90,GBP,cancelled
BKG101850,EMP00133,Priya Patel,Operations,Toronto, singapore ,2026-09-29,2026-10-02,Domestic,Singapore Airlines,1400.29,USD,CONFIRMED
BKG101851,EMP00063,Noah Williams,Human Resources,PARIS,San Francisco,2026-09-11,2026-09-20,International,Emirates,3504.14,GBP,CANCELLED
BKG101852,EMP00232,Emma Johnson,Human Resources, singapore ,PARIS,2026-09-14,2026-09-28,International,Singapore Airlines,1974.21,INR,CONFIRMED
BKG101853,EMP00283,  ARJUN NAIR  ,Engineering,dubai,San Francisco,2026-09-19,2026-10-01,Domestic,Lufthansa,1178.67,GBP,CANCELLED
BKG101854,EMP00001,Isabella Rossi,Marketing,Toronto,Bengaluru,2026-09-20,2026-10-02,International,British Airways,3184.79,INR,PENDING
BKG101855,EMP00140,Arjun Nair,Marketing,tokyo,Sydney,2026-09-23,2026-10-02,Domestic,Emirates,699.71,usd,CANCELLED
BKG101856,EMP00125,Olivia Davis,Operations,PARIS,dubai,2026-09-11,2026-09-25,Domestic,Emirates,3703.83,GBP,CONFIRMED
BKG101857,EMP00308,Noah Williams,Marketing,PARIS,dubai,2026-09-27,2026-10-01,International,Air India,1648.10,EUR,CANCELLED
BKG101858,EMP00060,Priya Patel,Marketing,Bengaluru,San Francisco,2026-09-22,2026-10-01,Domestic,United Airlines,3218.70,USD,PENDING
BKG101859,EMP00170,Lucas Silva,Human Resources,Sydney,San Francisco,2026-09-29,2026-10-05,Domestic,Emirates,291.59,EUR,CONFIRMED
BKG101860,EMP00087,Sofia Martinez,Finance,new york,LONDON,2026-09-27,2026-10-10,Domestic,Delta,961.83,INR,confirmed
BKG101861,EMP00166,Liam Chen,Marketing,LONDON,PARIS,2026-09-23,2026-10-02,International,Lufthansa,3189.54,EUR,PENDING
BKG101862,EMP00348,  AARAV SHARMA  ,Human Resources,LONDON,Sydney,2026-09-13,2026-09-20,International,Emirates,2860.69,EUR,PENDING
BKG101863,EMP00030,Mia Anderson,Engineering,new york,Toronto,2026-09-14,2026-09-26,Domestic,Emirates,3169.75,INR,CANCELLED
BKG101864,EMP00160,Emma Johnson,Finance,tokyo,San Francisco,2026-09-21,2026-09-27,International,British Airways,2983.99,USD,PENDING
BKG101865,EMP00168,Ethan Brown,Marketing,PARIS,tokyo,2026-09-20,2026-10-03,International,British Airways,3875.81,EUR,PENDING
BKG101866,EMP00299,Lucas Silva,Engineering,Sydney,PARIS,2026-10-02,2026-10-08,Domestic,Emirates,4035.53,INR,CANCELLED
BKG101867,EMP00086,Sofia Martinez,Sales,San Francisco, singapore ,2026-09-12,2026-09-17,International,Lufthansa,759.01,USD,PENDING
BKG101868,EMP00303,Ethan Brown,Finance,Toronto, singapore ,2026-09-15,2026-09-18,International,Singapore Airlines,1232.74,gbp,PENDING
BKG101869,EMP00162,Noah Williams,Sales,new york,PARIS,2026-09-26,2026-10-01,Domestic,Qantas,2774.19,INR,CANCELLED
BKG101870,EMP00143,Ethan Brown,Human Resources,Bengaluru,LONDON,2026-10-02,2026-10-14,Domestic,Emirates,4148.99,EUR,CANCELLED
BKG101871,EMP00033,  LUCAS SILVA  ,Sales,Bengaluru,Sydney,2026-09-27,2026-10-02,International,Singapore Airlines,3499.65,EUR,cancelled
BKG101872,EMP00203,Emma Johnson,Marketing,San Francisco,dubai,2026-09-16,2026-09-21,International,Qantas,357.39,INR,PENDING
BKG101873,EMP00006,Ethan Brown,Finance,Sydney,Toronto,2026-09-13,2026-09-27,International,Emirates,1961.41,USD,CANCELLED
BKG101874,EMP00177,Mia Anderson,Human Resources,Sydney, singapore ,2026-09-23,2026-10-03,Domestic,Lufthansa,975.82,USD,CANCELLED
BKG101875,EMP00125,Ethan Brown,Engineering, singapore ,PARIS,2026-09-22,2026-10-03,Domestic,Singapore Airlines,1162.76,INR,PENDING
BKG101876,EMP00034,Aarav Sharma,Operations,dubai,tokyo,2026-09-28,2026-10-12,Domestic,United Airlines,3363.38,INR,CANCELLED
BKG101877,EMP00040,Arjun Nair,Sales,Bengaluru,new york,2026-09-23,2026-09-29,International,British Airways,916.26,EUR,PENDING
BKG101878,EMP00114,Noah Williams,Finance,Sydney,San Francisco,2026-09-17,2026-09-27,Domestic,British Airways,3768.64,INR,PENDING
BKG101879,EMP00203,Arjun Nair,Operations,new york,San Francisco,2026-09-16,2026-09-18,International,Qantas,2611.34,GBP,CONFIRMED
BKG101880,EMP00083,  ETHAN BROWN  ,Sales,San Francisco,new york,2026-09-27,2026-09-28,Domestic,Emirates,4063.18,GBP,CONFIRMED
BKG101881,EMP00012,Arjun Nair,Human Resources,Toronto,dubai,2026-09-20,2026-10-03,International,Qantas,411.80,gbp,PENDING
BKG101882,EMP00268,Olivia Davis,Operations,dubai,LONDON,2026-09-21,2026-10-04,International,Singapore Airlines,3788.26,GBP,cancelled
BKG101883,EMP00275,Priya Patel,Operations,Toronto,tokyo,2026-09-21,2026-10-03,International,United Airlines,3889.29,INR,CONFIRMED
BKG101884,EMP00119,Olivia Davis,Operations,Sydney,new york,2026-10-01,2026-10-02,Domestic,Qantas,906.12,USD,CANCELLED
BKG101885,EMP00338,Liam Chen,Marketing,Toronto,dubai,2026-09-11,2026-09-22,International,Singapore Airlines,1305.31,INR,CONFIRMED
BKG101886,EMP00302,Liam Chen,Finance,LONDON, singapore ,2026-09-23,2026-09-26,Domestic,Delta,2367.28,USD,CONFIRMED
BKG101887,EMP00197,Aarav Sharma,Marketing,Toronto,dubai,2026-09-29,2026-10-06,International,Delta,890.71,EUR,PENDING
BKG101888,EMP00187,Isabella Rossi,Human Resources,tokyo,San Francisco,2026-09-19,2026-09-23,International,Air India,3690.96,USD,CANCELLED
BKG101889,EMP00295,  SOFIA MARTINEZ  ,Human Resources, singapore ,San Francisco,2026-10-02,2026-10-16,Domestic,Delta,1069.55,GBP,CANCELLED
BKG101890,EMP00035,Lucas Silva,Engineering,LONDON,tokyo,2026-09-18,2026-09-21,International,Singapore Airlines,3430.15,GBP,CANCELLED
BKG101891,EMP00043,Aarav Sharma,Sales,Bengaluru,San Francisco,2026-09-30,2026-10-09,Domestic,Qantas,3956.05,EUR,CANCELLED
BKG101892,EMP00276,Lucas Silva,Finance,PARIS,Sydney,2026-09-14,2026-09-16,Domestic,Singapore Airlines,2720.21,EUR,CONFIRMED
BKG101893,EMP00040,Olivia Davis,Operations, singapore ,Bengaluru,2026-09-30,2026-10-12,International,Qantas,3717.77,INR,cancelled
BKG101894,EMP00084,Mia Anderson,Sales, singapore ,tokyo,2026-09-30,2026-10-08,Domestic,Lufthansa,433.15,usd,PENDING
BKG101895,EMP00195,Ethan Brown,Human Resources,dubai,tokyo,2026-09-21,2026-10-04,International,Lufthansa,2140.46,GBP,CANCELLED
BKG101896,EMP00246,Emma Johnson,Engineering,dubai,PARIS,2026-09-28,2026-10-03,International,Lufthansa,1496.51,INR,CANCELLED
BKG101897,EMP00255,Olivia Davis,Human Resources,San Francisco,PARIS,2026-09-16,2026-09-27,International,British Airways,2041.24,GBP,PENDING
BKG101898,EMP00300,  EMMA JOHNSON  ,Marketing,Toronto,LONDON,2026-09-15,2026-09-19,International,Delta,279.97,INR,CANCELLED
BKG101899,EMP00238,Sofia Martinez,Engineering,San Francisco,tokyo,2026-09-22,2026-10-06,International,Singapore Airlines,2363.74,EUR,CANCELLED
BKG101900,EMP00013,Isabella Rossi,Sales,new york,Bengaluru,2026-09-27,2026-10-01,International,Delta,1080.67,EUR,CONFIRMED
BKG101901,EMP00324,Sofia Martinez,Operations,LONDON,PARIS,2026-09-12,2026-09-25,Domestic,Air India,2178.03,EUR,PENDING
BKG101902,EMP00237,Arjun Nair,Marketing,LONDON,Sydney,2026-09-28,2026-10-10,Domestic,Qantas,1049.00,INR,CONFIRMED
BKG101903,EMP00099,Aarav Sharma,Marketing, singapore ,Toronto,2026-09-22,2026-10-03,Domestic,Qantas,1508.05,USD,CANCELLED
BKG101904,EMP00209,Liam Chen,Finance,tokyo,new york,2026-09-15,2026-09-26,Domestic,United Airlines,2456.57,EUR,confirmed
BKG101905,EMP00037,Aarav Sharma,Finance, singapore ,PARIS,2026-09-28,2026-09-30,International,Singapore Airlines,3583.23,INR,CONFIRMED
BKG101906,EMP00336,Mia Anderson,Finance,LONDON,new york,2026-09-22,2026-09-26,International,Air India,394.08,INR,PENDING
BKG101907,EMP00237,  LIAM CHEN  ,Operations,dubai,Bengaluru,2026-09-18,2026-09-29,Domestic,Emirates,1769.86,eur,CONFIRMED
BKG101908,EMP00049,Aarav Sharma,Operations,Sydney,new york,2026-09-14,2026-09-19,Domestic,Delta,2169.73,EUR,PENDING
BKG101909,EMP00291,Lucas Silva,Human Resources,San Francisco,tokyo,2026-09-27,2026-10-07,International,British Airways,3948.00,GBP,CONFIRMED
BKG101910,EMP00161,Ethan Brown,Human Resources,PARIS, singapore ,2026-09-30,2026-10-08,Domestic,Singapore Airlines,1694.80,GBP,PENDING
BKG101911,EMP00112,Lucas Silva,Engineering,new york,San Francisco,2026-09-24,2026-09-27,International,British Airways,1804.54,GBP,PENDING
BKG101912,EMP00140,Arjun Nair,Finance,LONDON,dubai,2026-09-27,2026-09-28,International,Delta,153.94,GBP,CONFIRMED
BKG101913,EMP00102,Olivia Davis,Engineering,Sydney,LONDON,2026-09-25,2026-10-07,Domestic,United Airlines,2599.72,INR,PENDING
BKG101914,EMP00285,Emma Johnson,Operations,LONDON,Bengaluru,2026-09-15,2026-09-23,International,British Airways,3566.19,INR,CANCELLED
BKG101915,EMP00167,Emma Johnson,Finance,San Francisco,Bengaluru,2026-09-12,2026-09-24,Domestic,Emirates,140.75,USD,pending
BKG101916,EMP00235,  MIA ANDERSON  ,Human Resources,tokyo,Sydney,2026-09-12,2026-09-25,Domestic,Lufthansa,846.12,GBP,CONFIRMED
BKG101917,EMP00128,Noah Williams,Finance,tokyo,San Francisco,2026-09-27,2026-09-30,International,Emirates,1230.83,USD,CONFIRMED
BKG101918,EMP00056,Lucas Silva,Engineering,new york,tokyo,2026-09-30,2026-10-04,Domestic,British Airways,1921.98,GBP,CONFIRMED
BKG101919,EMP00087,Sofia Martinez,Engineering,PARIS,San Francisco,2026-09-27,2026-09-29,Domestic,Air India,3862.81,INR,CONFIRMED
BKG101920,EMP00199,Priya Patel,Marketing,PARIS,dubai,2026-09-16,2026-09-21,Domestic,Emirates,3750.96,gbp,CONFIRMED
BKG101921,EMP00065,Mia Anderson,Sales, singapore ,PARIS,2026-09-18,2026-09-29,International,British Airways,3861.64,INR,CONFIRMED
BKG101922,EMP00322,Priya Patel,Engineering,PARIS,dubai,2026-10-01,2026-10-14,Domestic,Lufthansa,442.23,INR,PENDING
BKG101923,EMP00289,Olivia Davis,Sales,Toronto,San Francisco,2026-10-02,2026-10-14,International,Delta,4154.52,EUR,CANCELLED
BKG101924,EMP00197,Priya Patel,Marketing,tokyo,Bengaluru,2026-09-20,2026-09-29,Domestic,Singapore Airlines,1438.57,GBP,CONFIRMED
BKG101925,EMP00313,  EMMA JOHNSON  ,Finance, singapore ,dubai,2026-09-23,2026-10-03,Domestic,Lufthansa,1344.87,INR,CANCELLED
BKG101926,EMP00050,Priya Patel,Sales,dubai,Toronto,2026-10-02,2026-10-04,Domestic,Singapore Airlines,1760.84,EUR,cancelled
BKG101927,EMP00153,Isabella Rossi,Finance,new york,Bengaluru,2026-10-02,2026-10-12,Domestic,United Airlines,3055.78,USD,PENDING
BKG101928,EMP00139,Olivia Davis,Engineering,dubai,Bengaluru,2026-09-22,2026-10-01,Domestic,Delta,3405.91,EUR,PENDING
BKG101929,EMP00126,Liam Chen,Finance,San Francisco,LONDON,2026-09-26,2026-09-27,Domestic,Singapore Airlines,2436.85,INR,CONFIRMED
BKG101930,EMP00130,Priya Patel,Finance,LONDON, singapore ,2026-09-15,2026-09-27,Domestic,Qantas,2711.98,EUR,CANCELLED
BKG101931,EMP00322,Arjun Nair,Finance,PARIS,San Francisco,2026-09-19,2026-09-26,International,Delta,287.32,EUR,CONFIRMED
BKG101932,EMP00084,Aarav Sharma,Finance,dubai,San Francisco,2026-09-15,2026-09-23,International,United Airlines,348.13,USD,CANCELLED
BKG101933,EMP00119,Mia Anderson,Human Resources,tokyo,new york,2026-10-02,2026-10-03,International,Lufthansa,1506.52,inr,PENDING
BKG101934,EMP00275,  AARAV SHARMA  ,Human Resources,new york,San Francisco,2026-09-29,2026-10-03,International,Delta,694.51,USD,CANCELLED
BKG101935,EMP00333,Isabella Rossi,Operations,San Francisco,Toronto,2026-09-24,2026-10-05,Domestic,Singapore Airlines,3198.91,USD,CANCELLED
BKG101936,EMP00313,Arjun Nair,Marketing,Bengaluru,Toronto,2026-09-20,2026-09-23,Domestic,United Airlines,696.31,EUR,PENDING
BKG101937,EMP00006,Lucas Silva,Sales,Toronto,new york,2026-10-02,2026-10-06,International,Air India,1261.06,EUR,cancelled
BKG101938,EMP00114,Mia Anderson,Sales,San Francisco,new york,2026-09-27,2026-09-28,International,Delta,3718.12,INR,CANCELLED
BKG101939,EMP00271,Noah Williams,Sales,new york,PARIS,2026-09-13,2026-09-14,Domestic,United Airlines,298.20,GBP,CANCELLED
BKG101940,EMP00009,Mia Anderson,Finance,San Francisco,new york,2026-09-26,2026-10-03,Domestic,Singapore Airlines,833.49,USD,PENDING
BKG101941,EMP00085,Liam Chen,Operations,tokyo,Sydney,2026-09-26,2026-10-07,International,Qantas,1514.68,GBP,CONFIRMED
BKG101942,EMP00075,Emma Johnson,Sales, singapore ,Toronto,2026-09-24,2026-09-29,Domestic,Emirates,786.41,EUR,CANCELLED
BKG101943,EMP00154,  ARJUN NAIR  ,Human Resources, singapore ,new york,2026-09-26,2026-10-05,Domestic,Qantas,2976.32,EUR,CONFIRMED
BKG101944,EMP00344,Olivia Davis,Finance,dubai,Toronto,2026-09-30,2026-10-04,Domestic,Qantas,1671.23,USD,CONFIRMED
BKG101945,EMP00076,Noah Williams,Marketing,tokyo,PARIS,2026-09-18,2026-09-25,Domestic,Air India,1212.24,USD,CONFIRMED
BKG101946,EMP00124,Liam Chen,Finance,Bengaluru,San Francisco,2026-09-14,2026-09-28,Domestic,Emirates,2114.28,gbp,PENDING
BKG101947,EMP00287,Priya Patel,Sales,LONDON,PARIS,2026-09-19,2026-09-22,International,British Airways,4163.04,INR,CONFIRMED
BKG101948,EMP00117,Ethan Brown,Operations,PARIS,dubai,2026-09-27,2026-10-09,International,Lufthansa,264.70,GBP,pending
BKG101949,EMP00012,Emma Johnson,Operations,San Francisco,tokyo,2026-09-15,2026-09-27,International,Emirates,1296.55,GBP,CANCELLED
BKG101950,EMP00304,Aarav Sharma,Sales,new york, singapore ,2026-09-13,2026-09-20,International,Air India,3946.77,INR,PENDING
BKG101951,EMP00182,Isabella Rossi,Human Resources,PARIS,Toronto,2026-10-02,2026-10-15,International,Qantas,1282.93,USD,CONFIRMED
BKG101952,EMP00017,  SOFIA MARTINEZ  ,Marketing,dubai,San Francisco,2026-09-12,2026-09-19,International,Qantas,927.98,INR,CONFIRMED
BKG101953,EMP00199,Mia Anderson,Engineering,dubai,tokyo,2026-09-15,2026-09-17,International,United Airlines,2352.29,EUR,CONFIRMED
BKG101954,EMP00189,Noah Williams,Operations,Bengaluru,new york,2026-10-01,2026-10-05,Domestic,Air India,3035.38,GBP,CANCELLED
BKG101955,EMP00086,Ethan Brown,Engineering,new york,LONDON,2026-09-19,2026-09-26,Domestic,Air India,952.56,INR,CANCELLED
BKG101956,EMP00232,Aarav Sharma,Sales, singapore ,Bengaluru,2026-09-12,2026-09-17,International,United Airlines,3395.22,INR,PENDING
BKG101957,EMP00063,Aarav Sharma,Engineering,LONDON,PARIS,2026-09-18,2026-09-27,International,Air India,2496.91,INR,PENDING
BKG101958,EMP00280,Mia Anderson,Finance,dubai,Toronto,2026-09-25,2026-10-06,Domestic,Emirates,560.16,INR,CANCELLED
BKG101959,EMP00243,Noah Williams,Engineering,Toronto,tokyo,2026-10-01,2026-10-14,Domestic,British Airways,538.85,eur,confirmed
BKG101960,EMP00080,Isabella Rossi,Finance,new york,San Francisco,2026-09-23,2026-09-28,Domestic,Emirates,3155.52,INR,PENDING
BKG101961,EMP00140,  EMMA JOHNSON  ,Marketing,dubai,Bengaluru,2026-09-15,2026-09-24,Domestic,Singapore Airlines,3746.96,INR,PENDING
BKG101962,EMP00153,Olivia Davis,Engineering,tokyo,PARIS,2026-09-15,2026-09-16,Domestic,Lufthansa,2344.16,USD,CANCELLED
BKG101963,EMP00191,Aarav Sharma,Human Resources,Toronto, singapore ,2026-09-18,2026-10-02,Domestic,Lufthansa,4025.72,EUR,CONFIRMED
BKG101964,EMP00205,Mia Anderson,Sales, singapore ,San Francisco,2026-09-30,2026-10-02,Domestic,United Airlines,3777.32,GBP,CONFIRMED
BKG101965,EMP00186,Lucas Silva,Engineering,San Francisco,Bengaluru,2026-09-22,2026-10-04,Domestic,Air India,3766.03,USD,PENDING
BKG101966,EMP00041,Olivia Davis,Human Resources,Bengaluru, singapore ,2026-09-30,2026-10-14,Domestic,Delta,3824.03,EUR,CONFIRMED
BKG101967,EMP00044,Olivia Davis,Human Resources,PARIS,Toronto,2026-09-16,2026-09-28,Domestic,Emirates,2192.87,EUR,CONFIRMED
BKG101968,EMP00044,Olivia Davis,Marketing,San Francisco, singapore ,2026-09-20,2026-09-27,International,Delta,3110.23,GBP,PENDING
BKG101969,EMP00041,Noah Williams,Finance,Bengaluru,LONDON,2026-09-16,2026-09-23,Domestic,United Airlines,2021.70,INR,PENDING
BKG101970,EMP00306,  ETHAN BROWN  ,Engineering,LONDON,Bengaluru,2026-09-27,2026-09-28,Domestic,United Airlines,2821.62,GBP,pending
BKG101971,EMP00325,Ethan Brown,Engineering,tokyo,PARIS,2026-09-29,2026-10-11,International,Qantas,465.83,INR,PENDING
BKG101972,EMP00308,Priya Patel,Human Resources,new york,Toronto,2026-09-11,2026-09-12,International,Singapore Airlines,3467.16,eur,PENDING
BKG101973,EMP00222,Isabella Rossi,Marketing,Sydney,LONDON,2026-09-12,2026-09-15,Domestic,Delta,2199.18,INR,PENDING
BKG101974,EMP00141,Arjun Nair,Human Resources,Bengaluru,new york,2026-10-02,2026-10-16,International,British Airways,2225.44,GBP,PENDING
BKG101975,EMP00183,Noah Williams,Human Resources,Toronto,Sydney,2026-09-18,2026-09-27,Domestic,Delta,1617.19,USD,CANCELLED
BKG101976,EMP00078,Isabella Rossi,Engineering,Sydney,San Francisco,2026-09-30,2026-10-11,International,Delta,783.35,GBP,PENDING
BKG101977,EMP00092,Olivia Davis,Sales, singapore ,new york,2026-09-18,2026-09-26,International,Air India,2674.38,GBP,PENDING
BKG101978,EMP00072,Sofia Martinez,Marketing,tokyo,PARIS,2026-09-28,2026-10-03,International,United Airlines,2992.97,EUR,CANCELLED
BKG101979,EMP00225,  NOAH WILLIAMS  ,Sales,San Francisco,Bengaluru,2026-09-27,2026-10-07,International,Singapore Airlines,1673.85,USD,CONFIRMED
BKG101980,EMP00201,Mia Anderson,Sales,Sydney,PARIS,2026-09-17,2026-09-27,International,Lufthansa,2384.72,EUR,CONFIRMED
BKG101981,EMP00059,Olivia Davis,Operations,dubai,PARIS,2026-09-20,2026-10-03,Domestic,Qantas,3009.46,EUR,cancelled
BKG101982,EMP00303,Mia Anderson,Finance,Bengaluru, singapore ,2026-09-11,2026-09-18,Domestic,United Airlines,2103.12,USD,PENDING
BKG101983,EMP00338,Emma Johnson,Finance,PARIS,tokyo,2026-10-02,2026-10-15,International,United Airlines,2763.57,INR,PENDING
BKG101984,EMP00305,Liam Chen,Sales,new york,PARIS,2026-09-25,2026-09-26,International,Emirates,769.88,USD,PENDING
BKG101985,EMP00007,Liam Chen,Human Resources,tokyo,San Francisco,2026-09-19,2026-09-30,Domestic,Qantas,1702.25,inr,PENDING
BKG101986,EMP00038,Lucas Silva,Sales,Toronto,LONDON,2026-09-21,2026-10-05,Domestic,Lufthansa,3468.20,EUR,PENDING
BKG101987,EMP00091,Sofia Martinez,Sales,San Francisco,new york,2026-09-11,2026-09-24,Domestic,United Airlines,2797.79,USD,CONFIRMED
BKG101988,EMP00229,  ISABELLA ROSSI  ,Marketing,LONDON,Sydney,2026-09-13,2026-09-25,Domestic,Singapore Airlines,3134.45,USD,PENDING
BKG101989,EMP00342,Sofia Martinez,Sales,San Francisco,Bengaluru,2026-09-20,2026-09-24,International,British Airways,3998.33,EUR,CANCELLED
BKG101990,EMP00249,Olivia Davis,Marketing,PARIS,San Francisco,2026-10-01,2026-10-03,International,Emirates,633.00,INR,CONFIRMED
BKG101991,EMP00236,Ethan Brown,Sales,tokyo,dubai,2026-10-02,2026-10-04,Domestic,United Airlines,3940.40,INR,CONFIRMED
BKG101992,EMP00172,Arjun Nair,Sales,dubai,Bengaluru,2026-09-28,2026-10-11,Domestic,Air India,3563.23,INR,pending
BKG101993,EMP00039,Mia Anderson,Human Resources,PARIS,San Francisco,2026-09-17,2026-09-22,Domestic,Delta,3389.47,USD,CONFIRMED
BKG101994,EMP00286,Lucas Silva,Operations,Bengaluru,PARIS,2026-09-26,2026-10-10,Domestic,British Airways,3106.62,USD,PENDING
BKG101995,EMP00057,Olivia Davis,Finance,Toronto,San Francisco,2026-09-18,2026-10-02,Domestic,United Airlines,1980.78,GBP,CANCELLED
BKG101996,EMP00274,Ethan Brown,Marketing,Sydney,PARIS,2026-09-17,2026-09-26,Domestic,Singapore Airlines,569.78,EUR,CONFIRMED
BKG101997,EMP00250,  PRIYA PATEL  ,Marketing,PARIS,San Francisco,2026-09-17,2026-09-18,Domestic,Singapore Airlines,3452.96,EUR,PENDING
BKG101998,EMP00201,Sofia Martinez,Finance,new york,tokyo,2026-10-01,2026-10-03,Domestic,Qantas,325.79,eur,PENDING
BKG101999,EMP00229,Ethan Brown,Finance,PARIS,Sydney,2026-09-25,2026-10-06,Domestic,Singapore Airlines,976.83,INR,CANCELLED
BKG102000,EMP00091,Isabella Rossi,Engineering,PARIS,San Francisco,2026-10-02,2026-10-03,Domestic,Qantas,120.24,USD,CONFIRMED
BKG102001,EMP00195,Lucas Silva,Sales,dubai, singapore ,2026-09-17,2026-09-21,Domestic,United Airlines,2589.31,USD,CONFIRMED
BKG102002,EMP00174,Ethan Brown,Engineering,PARIS,Toronto,2026-09-25,2026-10-03,International,Qantas,3278.42,GBP,CANCELLED
BKG102003,EMP00090,Lucas Silva,Marketing,LONDON,dubai,2026-09-21,2026-10-05,International,Singapore Airlines,2059.04,USD,confirmed
BKG102004,EMP00070,Olivia Davis,Sales,LONDON,Bengaluru,2026-09-23,2026-09-28,International,United Airlines,920.34,INR,CANCELLED
BKG102005,EMP00054,Aarav Sharma,Engineering,Toronto,tokyo,2026-09-15,2026-09-27,International,Emirates,1162.31,USD,PENDING
BKG102006,EMP00104,  PRIYA PATEL  ,Sales,Toronto,tokyo,2026-09-21,2026-09-22,International,Delta,3288.00,USD,PENDING
BKG102007,EMP00084,Sofia Martinez,Finance,LONDON,Bengaluru,2026-09-26,2026-10-02,International,Singapore Airlines,3099.75,USD,PENDING
BKG102008,EMP00237,Lucas Silva,Marketing,LONDON,Bengaluru,2026-10-02,2026-10-11,Domestic,Air India,3915.68,USD,CANCELLED
BKG102009,EMP00332,Sofia Martinez,Finance, singapore ,Toronto,2026-09-28,2026-10-07,International,Delta,3770.85,USD,PENDING
BKG102010,EMP00168,Lucas Silva,Operations,Sydney, singapore ,2026-09-17,2026-09-18,Domestic,Air India,483.26,USD,CONFIRMED
BKG102011,EMP00038,Mia Anderson,Marketing, singapore ,LONDON,2026-09-28,2026-09-29,Domestic,Delta,3438.68,usd,CANCELLED
BKG102012,EMP00177,Liam Chen,Sales,tokyo,dubai,2026-09-13,2026-09-18,Domestic,Air India,1821.89,USD,CANCELLED
BKG102013,EMP00327,Priya Patel,Marketing,LONDON,San Francisco,2026-09-26,2026-10-05,Domestic,Lufthansa,922.92,INR,CANCELLED
BKG102014,EMP00087,Priya Patel,Finance,LONDON,tokyo,2026-09-12,2026-09-23,Domestic,British Airways,3144.50,USD,pending
BKG102015,EMP00311,  AARAV SHARMA  ,Marketing,new york,Bengaluru,2026-09-29,2026-10-09,International,Emirates,3360.14,INR,PENDING
BKG102016,EMP00251,Emma Johnson,Sales,new york,LONDON,2026-09-20,2026-09-29,International,Emirates,3459.04,INR,CONFIRMED
BKG102017,EMP00076,Lucas Silva,Human Resources,LONDON,tokyo,2026-09-27,2026-10-09,International,Delta,2937.52,EUR,CONFIRMED
BKG102018,EMP00121,Mia Anderson,Marketing,Bengaluru,Toronto,2026-09-28,2026-10-11,International,Air India,2699.38,USD,PENDING
BKG102019,EMP00048,Liam Chen,Engineering, singapore ,new york,2026-09-19,2026-09-23,Domestic,Singapore Airlines,1829.22,GBP,PENDING
BKG102020,EMP00048,Lucas Silva,Marketing,San Francisco,Toronto,2026-09-15,2026-09-26,Domestic,Air India,3616.76,EUR,PENDING
BKG102021,EMP00258,Priya Patel,Finance,Sydney,PARIS,2026-10-01,2026-10-13,International,Air India,3445.33,GBP,CONFIRMED
BKG102022,EMP00088,Emma Johnson,Engineering,Sydney,Toronto,2026-09-27,2026-10-04,Domestic,Singapore Airlines,3498.62,USD,CONFIRMED
BKG102023,EMP00115,Olivia Davis,Operations, singapore ,PARIS,2026-09-30,2026-10-04,International,Singapore Airlines,346.41,USD,CANCELLED
BKG102024,EMP00232,  ARJUN NAIR  ,Human Resources,Toronto, singapore ,2026-09-23,2026-10-02,International,United Airlines,1577.04,eur,PENDING
BKG102025,EMP00276,Mia Anderson,Finance,dubai,new york,2026-09-23,2026-10-05,International,Emirates,1274.80,EUR,confirmed
BKG102026,EMP00176,Aarav Sharma,Engineering,Bengaluru,tokyo,2026-09-15,2026-09-22,Domestic,Singapore Airlines,3273.32,USD,CANCELLED
BKG102027,EMP00056,Isabella Rossi,Marketing,Bengaluru, singapore ,2026-09-15,2026-09-18,Domestic,British Airways,1507.93,EUR,CANCELLED
BKG102028,EMP00088,Noah Williams,Marketing, singapore ,tokyo,2026-09-23,2026-10-02,International,United Airlines,3943.94,EUR,CONFIRMED
BKG102029,EMP00252,Olivia Davis,Operations, singapore ,Toronto,2026-09-24,2026-10-04,Domestic,United Airlines,1722.28,USD,CONFIRMED
BKG102030,EMP00284,Sofia Martinez,Human Resources,new york, singapore ,2026-09-21,2026-10-01,International,Delta,1685.52,EUR,PENDING
BKG102031,EMP00002,Mia Anderson,Marketing,PARIS, singapore ,2026-09-17,2026-09-24,International,British Airways,1306.47,USD,CANCELLED
BKG102032,EMP00074,Lucas Silva,Marketing,LONDON, singapore ,2026-09-28,2026-10-09,International,Lufthansa,847.03,EUR,CONFIRMED
BKG102033,EMP00002,  OLIVIA DAVIS  ,Marketing, singapore ,Bengaluru,2026-09-20,2026-10-02,International,Air India,2416.17,INR,CANCELLED
BKG102034,EMP00219,Isabella Rossi,Engineering,Bengaluru,San Francisco,2026-09-30,2026-10-08,International,United Airlines,3616.09,EUR,CONFIRMED
BKG102035,EMP00297,Mia Anderson,Human Resources,dubai,tokyo,2026-09-14,2026-09-22,Domestic,United Airlines,1263.41,USD,PENDING
BKG102036,EMP00310,Ethan Brown,Sales,dubai,PARIS,2026-09-12,2026-09-14,Domestic,Qantas,2243.43,EUR,cancelled
BKG102037,EMP00337,Aarav Sharma,Sales,San Francisco,tokyo,2026-09-29,2026-10-03,Domestic,Qantas,2074.37,usd,PENDING
BKG102038,EMP00077,Ethan Brown,Finance,Bengaluru,tokyo,2026-09-13,2026-09-21,Domestic,Air India,408.86,EUR,PENDING
BKG102039,EMP00221,Sofia Martinez,Sales,tokyo,new york,2026-09-14,2026-09-21,International,United Airlines,1521.07,INR,PENDING
BKG102040,EMP00082,Ethan Brown,Finance,San Francisco,Bengaluru,2026-09-16,2026-09-27,International,Qantas,1253.36,INR,PENDING
BKG102041,EMP00056,Priya Patel,Sales,Toronto,PARIS,2026-09-24,2026-09-27,Domestic,Lufthansa,542.28,GBP,CONFIRMED
BKG102042,EMP00172,  EMMA JOHNSON  ,Human Resources,San Francisco, singapore ,2026-09-18,2026-09-26,Domestic,Singapore Airlines,1340.10,INR,CANCELLED
BKG102043,EMP00096,Mia Anderson,Sales,dubai,Sydney,2026-10-02,2026-10-15,International,Qantas,1651.40,GBP,CANCELLED
BKG102044,EMP00187,Priya Patel,Finance,dubai,Bengaluru,2026-09-20,2026-10-04,International,Lufthansa,3081.12,GBP,CONFIRMED
BKG102045,EMP00112,Arjun Nair,Operations, singapore ,dubai,2026-09-20,2026-09-27,International,Air India,2846.04,INR,PENDING
BKG102046,EMP00170,Olivia Davis,Marketing,PARIS,LONDON,2026-09-27,2026-10-02,Domestic,British Airways,1112.60,USD,CANCELLED
BKG102047,EMP00078,Ethan Brown,Human Resources,Bengaluru,tokyo,2026-09-22,2026-09-25,International,United Airlines,1979.78,EUR,pending
BKG102048,EMP00064,Noah Williams,Human Resources,tokyo,Sydney,2026-09-23,2026-09-24,Domestic,British Airways,3868.02,USD,CONFIRMED
BKG102049,EMP00328,Arjun Nair,Marketing, singapore ,Sydney,2026-09-23,2026-10-02,Domestic,Delta,3827.34,USD,CANCELLED
BKG102050,EMP00063,Sofia Martinez,Finance, singapore ,Bengaluru,2026-09-27,2026-10-05,International,Air India,2420.84,inr,CONFIRMED
BKG102051,EMP00042,  PRIYA PATEL  ,Sales,PARIS,San Francisco,2026-09-22,2026-09-30,Domestic,Qantas,3460.55,EUR,CANCELLED
BKG102052,EMP00317,Priya Patel,Finance,Toronto,Sydney,2026-09-22,2026-09-25,International,Qantas,2009.17,INR,PENDING
BKG102053,EMP00342,Noah Williams,Sales,PARIS,San Francisco,2026-09-19,2026-10-02,International,Air India,1299.36,INR,CONFIRMED
BKG102054,EMP00168,Ethan Brown,Human Resources,LONDON,tokyo,2026-10-01,2026-10-07,International,Qantas,317.89,INR,CONFIRMED
BKG102055,EMP00190,Ethan Brown,Human Resources,Toronto,LONDON,2026-09-26,2026-09-29,International,Lufthansa,2165.89,GBP,CONFIRMED
BKG102056,EMP00020,Priya Patel,Operations,dubai,Toronto,2026-09-13,2026-09-15,International,British Airways,2604.79,EUR,PENDING
BKG102057,EMP00106,Ethan Brown,Marketing,Sydney,new york,2026-09-12,2026-09-19,International,United Airlines,463.05,GBP,CANCELLED
BKG102058,EMP00320,Noah Williams,Human Resources,tokyo,new york,2026-09-21,2026-10-05,Domestic,Air India,3022.72,GBP,confirmed
BKG102059,EMP00172,Ethan Brown,Human Resources, singapore ,new york,2026-09-11,2026-09-12,Domestic,Singapore Airlines,1977.16,INR,CANCELLED
BKG102060,EMP00281,  MIA ANDERSON  ,Operations,tokyo,LONDON,2026-09-26,2026-10-08,International,Air India,1774.18,INR,CANCELLED
BKG102061,EMP00166,Aarav Sharma,Sales,San Francisco,new york,2026-09-29,2026-10-12,International,British Airways,2154.14,EUR,CONFIRMED
BKG102062,EMP00014,Noah Williams,Marketing,PARIS,Bengaluru,2026-09-21,2026-09-26,International,British Airways,3437.23,USD,CONFIRMED
BKG102063,EMP00150,Sofia Martinez,Sales,new york,tokyo,2026-09-15,2026-09-21,Domestic,Delta,2156.82,eur,CANCELLED
BKG102064,EMP00018,Ethan Brown,Engineering, singapore ,PARIS,2026-09-21,2026-10-03,International,Air India,2783.12,USD,PENDING
BKG102065,EMP00145,Liam Chen,Engineering,Toronto,Bengaluru,2026-09-22,2026-10-02,International,Air India,2121.86,EUR,CONFIRMED
BKG102066,EMP00259,Ethan Brown,Sales,PARIS,tokyo,2026-09-26,2026-10-10,International,Delta,2117.17,INR,CANCELLED
BKG102067,EMP00328,Isabella Rossi,Finance, singapore ,new york,2026-09-15,2026-09-27,Domestic,Delta,2083.46,EUR,CONFIRMED
BKG102068,EMP00321,Liam Chen,Human Resources,new york,LONDON,2026-09-18,2026-09-20,Domestic,Qantas,507.56,USD,CONFIRMED
BKG102069,EMP00062,  AARAV SHARMA  ,Engineering,Toronto,Bengaluru,2026-09-15,2026-09-28,Domestic,Emirates,520.53,EUR,confirmed
BKG102070,EMP00234,Mia Anderson,Engineering, singapore ,Bengaluru,2026-09-25,2026-09-26,International,British Airways,292.23,USD,CANCELLED
BKG102071,EMP00033,Noah Williams,Human Resources,San Francisco, singapore ,2026-10-02,2026-10-03,International,Emirates,1118.31,USD,CANCELLED
BKG102072,EMP00314,Priya Patel,Marketing,new york,LONDON,2026-09-20,2026-09-25,International,British Airways,2309.81,USD,CONFIRMED
BKG102073,EMP00249,Ethan Brown,Finance, singapore ,Toronto,2026-09-17,2026-09-21,Domestic,Air India,1715.68,INR,CONFIRMED
BKG102074,EMP00186,Isabella Rossi,Engineering,Sydney,Toronto,2026-10-02,2026-10-11,Domestic,Singapore Airlines,2289.84,GBP,PENDING
BKG102075,EMP00306,Olivia Davis,Human Resources,new york,LONDON,2026-09-20,2026-10-01,International,British Airways,543.42,EUR,PENDING
BKG102076,EMP00178,Olivia Davis,Operations,dubai,LONDON,2026-09-11,2026-09-13,Domestic,Singapore Airlines,930.95,gbp,PENDING
BKG102077,EMP00106,Emma Johnson,Human Resources,Bengaluru,San Francisco,2026-09-12,2026-09-15,Domestic,British Airways,341.70,INR,PENDING
BKG102078,EMP00306,  SOFIA MARTINEZ  ,Operations,dubai,LONDON,2026-09-14,2026-09-21,International,British Airways,1077.08,EUR,CONFIRMED
BKG102079,EMP00028,Aarav Sharma,Marketing,Sydney,PARIS,2026-09-19,2026-09-29,International,British Airways,3197.04,EUR,CANCELLED
BKG102080,EMP00044,Isabella Rossi,Finance,Bengaluru,LONDON,2026-09-15,2026-09-26,Domestic,Air India,296.64,GBP,pending
BKG102081,EMP00281,Isabella Rossi,Human Resources,San Francisco,tokyo,2026-09-18,2026-09-22,International,Delta,243.22,EUR,PENDING
BKG102082,EMP00163,Mia Anderson,Engineering,Toronto, singapore ,2026-09-24,2026-10-04,International,Qantas,621.42,INR,PENDING
BKG102083,EMP00242,Liam Chen,Sales, singapore ,dubai,2026-10-02,2026-10-15,Domestic,Lufthansa,924.97,EUR,PENDING
BKG102084,EMP00084,Arjun Nair,Finance,PARIS, singapore ,2026-09-15,2026-09-27,Domestic,Delta,3634.94,USD,CONFIRMED
BKG102085,EMP00138,Lucas Silva,Operations,PARIS,San Francisco,2026-09-12,2026-09-20,International,Air India,2991.91,GBP,PENDING
BKG102086,EMP00060,Isabella Rossi,Sales,Sydney,PARIS,2026-09-20,2026-09-30,Domestic,United Airlines,4107.48,EUR,CANCELLED
BKG102087,EMP00020,  PRIYA PATEL  ,Engineering,dubai,San Francisco,2026-09-28,2026-10-03,International,Emirates,3701.63,EUR,CANCELLED
BKG102088,EMP00231,Sofia Martinez,Operations,PARIS,dubai,2026-09-22,2026-09-24,International,Emirates,1073.08,INR,CONFIRMED
BKG102089,EMP00305,Arjun Nair,Finance,Sydney,San Francisco,2026-09-26,2026-10-08,Domestic,Delta,1192.48,inr,CONFIRMED
BKG102090,EMP00098,Olivia Davis,Engineering, singapore ,dubai,2026-09-23,2026-09-29,Domestic,Delta,599.22,INR,CANCELLED
BKG102091,EMP00183,Aarav Sharma,Engineering, singapore ,new york,2026-10-01,2026-10-13,Domestic,Air India,576.22,INR,confirmed
BKG102092,EMP00117,Aarav Sharma,Human Resources,Bengaluru,LONDON,2026-09-20,2026-10-02,International,British Airways,3260.49,EUR,CONFIRMED
BKG102093,EMP00150,Lucas Silva,Operations,PARIS,San Francisco,2026-09-12,2026-09-20,International,Emirates,1374.42,USD,CANCELLED
BKG102094,EMP00309,Noah Williams,Human Resources,tokyo,PARIS,2026-09-20,2026-09-28,Domestic,British Airways,1124.71,EUR,CANCELLED
BKG102095,EMP00067,Liam Chen,Sales,PARIS, singapore ,2026-09-29,2026-09-30,International,Lufthansa,934.74,GBP,PENDING
BKG102096,EMP00055,  ETHAN BROWN  ,Marketing,PARIS,tokyo,2026-09-15,2026-09-24,Domestic,Air India,1563.66,INR,PENDING
BKG102097,EMP00017,Isabella Rossi,Finance,San Francisco,Bengaluru,2026-09-27,2026-10-03,Domestic,Lufthansa,2944.97,GBP,CONFIRMED
BKG102098,EMP00114,Priya Patel,Marketing,tokyo,Bengaluru,2026-09-26,2026-10-08,Domestic,Singapore Airlines,660.07,INR,CANCELLED
BKG102099,EMP00216,Arjun Nair,Sales,new york,Bengaluru,2026-09-24,2026-10-07,International,British Airways,1610.81,INR,CONFIRMED
BKG102100,EMP00124,Noah Williams,Human Resources,Bengaluru,San Francisco,2026-09-18,2026-09-22,International,Emirates,1169.73,EUR,PENDING
BKG102101,EMP00005,Isabella Rossi,Human Resources,Sydney,Bengaluru,2026-09-25,2026-10-08,International,Delta,1979.40,EUR,CANCELLED
BKG102102,EMP00131,Arjun Nair,Sales, singapore ,San Francisco,2026-09-17,2026-09-28,Domestic,Emirates,3682.01,usd,pending
BKG102103,EMP00330,Arjun Nair,Engineering,Sydney,Toronto,2026-09-25,2026-10-07,International,United Airlines,762.21,EUR,CONFIRMED
BKG102104,EMP00217,Priya Patel,Marketing,dubai, singapore ,2026-09-29,2026-10-06,Domestic,British Airways,1874.74,USD,PENDING
BKG102105,EMP00124,  ETHAN BROWN  ,Finance,Toronto,PARIS,2026-09-26,2026-10-08,Domestic,Air India,1664.42,USD,CONFIRMED
BKG102106,EMP00332,Mia Anderson,Engineering,Sydney,Toronto,2026-09-26,2026-10-05,International,Emirates,2945.70,GBP,CANCELLED
BKG102107,EMP00286,Liam Chen,Sales,Sydney,PARIS,2026-09-15,2026-09-19,International,Emirates,1786.12,EUR,CONFIRMED
BKG102108,EMP00174,Arjun Nair,Finance,Toronto,tokyo,2026-09-15,2026-09-22,Domestic,Singapore Airlines,3795.44,USD,CANCELLED
BKG102109,EMP00086,Isabella Rossi,Engineering,dubai,San Francisco,2026-09-28,2026-10-09,International,United Airlines,1320.49,EUR,CONFIRMED
BKG102110,EMP00056,Liam Chen,Sales,Bengaluru, singapore ,2026-09-29,2026-10-02,Domestic,United Airlines,1237.07,USD,CANCELLED
BKG102111,EMP00146,Ethan Brown,Finance,Bengaluru,dubai,2026-10-01,2026-10-03,International,Emirates,3475.03,INR,CANCELLED
BKG102112,EMP00143,Priya Patel,Sales,Sydney,PARIS,2026-09-23,2026-09-30,Domestic,British Airways,1284.81,USD,CANCELLED
BKG102113,EMP00003,Emma Johnson,Sales,San Francisco,Toronto,2026-09-11,2026-09-12,International,Qantas,2163.54,INR,pending
BKG102114,EMP00099,  OLIVIA DAVIS  ,Engineering,San Francisco,Toronto,2026-09-12,2026-09-21,Domestic,Lufthansa,3828.95,GBP,CANCELLED
BKG102115,EMP00296,Aarav Sharma,Sales,Sydney,dubai,2026-09-14,2026-09-17,Domestic,Singapore Airlines,1517.96,gbp,CANCELLED
BKG102116,EMP00056,Ethan Brown,Finance,Bengaluru,PARIS,2026-09-22,2026-09-24,Domestic,Singapore Airlines,1646.78,EUR,CANCELLED
BKG102117,EMP00167,Lucas Silva,Engineering,San Francisco,LONDON,2026-09-19,2026-09-29,International,Lufthansa,2535.18,INR,CANCELLED
BKG102118,EMP00056,Priya Patel,Operations,PARIS,Bengaluru,2026-09-20,2026-09-25,International,Qantas,1997.95,GBP,PENDING
BKG102119,EMP00131,Noah Williams,Engineering,new york,LONDON,2026-09-11,2026-09-12,International,Singapore Airlines,348.58,USD,CONFIRMED
BKG102120,EMP00207,Emma Johnson,Finance,Sydney, singapore ,2026-09-23,2026-10-05,Domestic,Air India,386.00,USD,CANCELLED
BKG102121,EMP00155,Lucas Silva,Finance,tokyo,San Francisco,2026-09-15,2026-09-28,Domestic,Delta,4015.99,GBP,CANCELLED
BKG102122,EMP00009,Noah Williams,Marketing,San Francisco,PARIS,2026-09-16,2026-09-19,Domestic,Singapore Airlines,2609.47,INR,PENDING
BKG102123,EMP00233,  ISABELLA ROSSI  ,Engineering,LONDON,Sydney,2026-09-19,2026-09-29,International,Lufthansa,4051.07,GBP,PENDING
BKG102124,EMP00001,Priya Patel,Operations,tokyo,dubai,2026-09-14,2026-09-20,International,Emirates,2607.87,EUR,cancelled
BKG102125,EMP00178,Arjun Nair,Operations,PARIS,San Francisco,2026-09-27,2026-10-05,International,United Airlines,1286.18,EUR,CONFIRMED
BKG102126,EMP00275,Sofia Martinez,Sales,Toronto,tokyo,2026-09-29,2026-10-05,International,Air India,3743.36,INR,CONFIRMED
BKG102127,EMP00140,Emma Johnson,Engineering,dubai,San Francisco,2026-09-21,2026-09-28,International,Emirates,384.29,EUR,PENDING
BKG102128,EMP00182,Arjun Nair,Operations,dubai,Toronto,2026-09-14,2026-09-27,Domestic,Lufthansa,2757.03,eur,PENDING
BKG102129,EMP00198,Aarav Sharma,Engineering,tokyo,Toronto,2026-09-14,2026-09-15,International,United Airlines,4084.44,EUR,CONFIRMED
BKG102130,EMP00168,Emma Johnson,Sales,PARIS, singapore ,2026-09-26,2026-10-05,International,Emirates,943.49,GBP,CANCELLED
BKG102131,EMP00303,Lucas Silva,Engineering,dubai,PARIS,2026-09-12,2026-09-23,Domestic,British Airways,3062.71,EUR,CANCELLED
BKG102132,EMP00217,  NOAH WILLIAMS  ,Marketing,Bengaluru,San Francisco,2026-09-18,2026-09-24,International,British Airways,1933.68,INR,PENDING
BKG102133,EMP00253,Ethan Brown,Operations,LONDON, singapore ,2026-10-02,2026-10-07,Domestic,Singapore Airlines,2226.50,INR,CONFIRMED
BKG102134,EMP00035,Isabella Rossi,Sales,Sydney,Toronto,2026-09-20,2026-09-23,Domestic,United Airlines,966.53,INR,PENDING
BKG102135,EMP00200,Sofia Martinez,Operations,Toronto,Sydney,2026-09-20,2026-09-30,Domestic,Qantas,1422.06,EUR,cancelled
BKG102136,EMP00050,Arjun Nair,Human Resources,dubai,Sydney,2026-09-29,2026-10-13,Domestic,Qantas,2168.09,EUR,CONFIRMED
BKG102137,EMP00125,Sofia Martinez,Finance,PARIS,Toronto,2026-09-26,2026-10-10,Domestic,Delta,1994.86,INR,CONFIRMED
BKG102138,EMP00329,Isabella Rossi,Engineering,San Francisco,tokyo,2026-09-25,2026-10-04,Domestic,Singapore Airlines,1383.92,GBP,CONFIRMED
BKG102139,EMP00217,Arjun Nair,Operations,new york,PARIS,2026-09-27,2026-10-02,International,Lufthansa,1966.20,USD,PENDING
BKG102140,EMP00003,Lucas Silva,Marketing,PARIS,tokyo,2026-09-25,2026-10-05,Domestic,Lufthansa,1905.65,GBP,CANCELLED
BKG102141,EMP00212,  PRIYA PATEL  ,Engineering,San Francisco,Toronto,2026-09-22,2026-10-05,International,British Airways,3294.09,inr,PENDING
BKG102142,EMP00156,Liam Chen,Operations, singapore ,dubai,2026-09-19,2026-09-27,International,British Airways,2015.93,EUR,CONFIRMED
BKG102143,EMP00134,Olivia Davis,Human Resources,San Francisco,LONDON,2026-09-24,2026-10-04,International,Singapore Airlines,177.00,USD,PENDING
BKG102144,EMP00002,Aarav Sharma,Human Resources,new york,San Francisco,2026-09-22,2026-10-02,International,Qantas,2077.65,EUR,PENDING
BKG102145,EMP00053,Liam Chen,Human Resources,LONDON,Toronto,2026-09-27,2026-10-06,Domestic,Emirates,730.65,USD,CONFIRMED
BKG102146,EMP00226,Isabella Rossi,Operations,PARIS,new york,2026-10-02,2026-10-13,Domestic,Qantas,744.55,USD,cancelled
BKG102147,EMP00173,Ethan Brown,Human Resources,dubai,Bengaluru,2026-09-29,2026-10-01,International,British Airways,313.23,GBP,CONFIRMED
BKG102148,EMP00158,Emma Johnson,Operations,LONDON,Sydney,2026-09-23,2026-10-06,International,Singapore Airlines,2216.77,GBP,CONFIRMED
BKG102149,EMP00280,Olivia Davis,Human Resources,tokyo,LONDON,2026-09-14,2026-09-22,Domestic,Lufthansa,3277.26,USD,PENDING
BKG102150,EMP00279,  OLIVIA DAVIS  ,Operations,new york,LONDON,2026-09-22,2026-10-02,Domestic,Singapore Airlines,963.71,GBP,PENDING
BKG102151,EMP00097,Lucas Silva,Sales,Toronto,San Francisco,2026-09-19,2026-10-03,International,Delta,3168.33,GBP,CANCELLED
BKG102152,EMP00350,Priya Patel,Engineering, singapore ,LONDON,2026-09-11,2026-09-23,Domestic,Delta,1949.22,GBP,CONFIRMED
BKG102153,EMP00250,Noah Williams,Marketing,LONDON,San Francisco,2026-09-17,2026-09-23,International,United Airlines,1481.69,GBP,CANCELLED
BKG102154,EMP00016,Mia Anderson,Finance,new york,tokyo,2026-09-30,2026-10-13,Domestic,Singapore Airlines,1893.26,eur,CONFIRMED
BKG102155,EMP00255,Priya Patel,Operations,LONDON,new york,2026-09-25,2026-10-01,International,Qantas,1519.51,INR,PENDING
BKG102156,EMP00325,Emma Johnson,Human Resources,LONDON,new york,2026-09-15,2026-09-29,International,Lufthansa,409.89,EUR,PENDING
BKG102157,EMP00301,Olivia Davis,Marketing,new york, singapore ,2026-09-26,2026-10-04,International,Lufthansa,2299.53,EUR,pending
BKG102158,EMP00294,Ethan Brown,Sales,Sydney,LONDON,2026-09-23,2026-09-30,Domestic,Delta,512.88,USD,PENDING
BKG102159,EMP00176,  EMMA JOHNSON  ,Human Resources,dubai,San Francisco,2026-10-01,2026-10-03,International,Qantas,2094.85,INR,CANCELLED
BKG102160,EMP00231,Isabella Rossi,Marketing,LONDON,Sydney,2026-10-02,2026-10-06,Domestic,Emirates,4002.69,USD,CANCELLED
BKG102161,EMP00113,Noah Williams,Finance,new york,Bengaluru,2026-10-02,2026-10-13,International,British Airways,2556.52,INR,CANCELLED
BKG102162,EMP00291,Priya Patel,Operations,Toronto,PARIS,2026-09-16,2026-09-29,Domestic,Qantas,2236.95,USD,PENDING
BKG102163,EMP00275,Lucas Silva,Human Resources,dubai, singapore ,2026-10-02,2026-10-06,International,Emirates,3458.59,GBP,PENDING
BKG102164,EMP00278,Emma Johnson,Sales,tokyo,San Francisco,2026-09-25,2026-10-07,Domestic,Singapore Airlines,2869.08,EUR,PENDING
BKG102165,EMP00036,Sofia Martinez,Operations,Sydney,LONDON,2026-09-24,2026-09-30,International,Emirates,3179.94,GBP,PENDING
BKG102166,EMP00001,Mia Anderson,Finance,new york,PARIS,2026-09-17,2026-09-27,International,United Airlines,881.64,USD,CONFIRMED
BKG102167,EMP00213,Olivia Davis,Operations,Bengaluru,PARIS,2026-10-01,2026-10-10,International,Singapore Airlines,1970.14,inr,PENDING
BKG102168,EMP00342,  PRIYA PATEL  ,Finance,Toronto,PARIS,2026-09-17,2026-09-27,Domestic,Lufthansa,3552.09,INR,confirmed
BKG102169,EMP00296,Liam Chen,Engineering,dubai,new york,2026-09-17,2026-09-25,Domestic,Delta,3017.13,INR,CONFIRMED
BKG102170,EMP00131,Arjun Nair,Marketing, singapore ,Bengaluru,2026-09-24,2026-10-02,International,Air India,3007.79,INR,CANCELLED
BKG102171,EMP00193,Isabella Rossi,Operations,dubai,LONDON,2026-09-12,2026-09-25,Domestic,Emirates,3844.25,INR,CANCELLED
BKG102172,EMP00237,Ethan Brown,Engineering,Toronto,LONDON,2026-09-16,2026-09-22,Domestic,Air India,2407.99,USD,CANCELLED
BKG102173,EMP00303,Priya Patel,Sales, singapore ,dubai,2026-09-25,2026-10-04,International,Lufthansa,3880.45,USD,PENDING
BKG102174,EMP00191,Isabella Rossi,Marketing,new york,dubai,2026-09-13,2026-09-19,Domestic,Air India,806.86,INR,CANCELLED
BKG102175,EMP00288,Olivia Davis,Marketing,Bengaluru,PARIS,2026-09-28,2026-10-12,International,British Airways,278.45,EUR,CANCELLED
BKG102176,EMP00082,Lucas Silva,Engineering, singapore ,PARIS,2026-09-21,2026-10-04,International,Emirates,2293.16,EUR,PENDING
BKG102177,EMP00091,  ISABELLA ROSSI  ,Finance,Toronto,tokyo,2026-09-27,2026-10-04,Domestic,Delta,2198.16,USD,PENDING
BKG102178,EMP00236,Isabella Rossi,Sales, singapore ,LONDON,2026-09-12,2026-09-14,Domestic,Singapore Airlines,2898.75,INR,PENDING
BKG102179,EMP00077,Emma Johnson,Finance,San Francisco,dubai,2026-09-20,2026-10-02,International,Delta,1553.91,EUR,pending
BKG102180,EMP00200,Sofia Martinez,Operations,San Francisco,PARIS,2026-10-02,2026-10-16,Domestic,Lufthansa,2721.57,eur,PENDING
BKG102181,EMP00084,Ethan Brown,Human Resources,San Francisco,tokyo,2026-09-16,2026-09-17,International,Lufthansa,2375.01,GBP,PENDING
BKG102182,EMP00033,Liam Chen,Sales,Bengaluru,tokyo,2026-09-15,2026-09-24,International,Emirates,1480.89,GBP,PENDING
BKG102183,EMP00183,Sofia Martinez,Operations,LONDON,PARIS,2026-09-26,2026-10-07,Domestic,Air India,121.85,GBP,PENDING
BKG102184,EMP00213,Emma Johnson,Marketing,LONDON,new york,2026-09-19,2026-09-29,Domestic,Singapore Airlines,1551.14,GBP,CONFIRMED
BKG102185,EMP00249,Noah Williams,Sales,PARIS,Toronto,2026-09-14,2026-09-26,International,Emirates,3672.30,USD,PENDING
BKG102186,EMP00333,  SOFIA MARTINEZ  ,Sales,Toronto,tokyo,2026-09-24,2026-10-04,Domestic,Singapore Airlines,2607.48,EUR,PENDING
BKG102187,EMP00290,Noah Williams,Engineering,Sydney, singapore ,2026-09-22,2026-09-28,Domestic,Singapore Airlines,1502.22,INR,CONFIRMED
BKG102188,EMP00025,Sofia Martinez,Sales,San Francisco,LONDON,2026-09-11,2026-09-17,Domestic,Qantas,1408.95,INR,PENDING
BKG102189,EMP00239,Olivia Davis,Human Resources,LONDON,PARIS,2026-09-19,2026-10-01,International,British Airways,3189.05,USD,PENDING
BKG102190,EMP00141,Liam Chen,Finance,Bengaluru,tokyo,2026-09-25,2026-09-26,International,Qantas,4140.44,INR,cancelled
BKG102191,EMP00159,Aarav Sharma,Engineering,San Francisco,PARIS,2026-09-18,2026-09-21,International,British Airways,3653.22,GBP,CANCELLED
BKG102192,EMP00110,Noah Williams,Finance,San Francisco,LONDON,2026-09-25,2026-10-07,International,United Airlines,3866.64,GBP,CANCELLED
BKG102193,EMP00080,Sofia Martinez,Sales,Toronto,dubai,2026-09-25,2026-09-26,International,Qantas,2841.69,inr,PENDING
BKG102194,EMP00210,Olivia Davis,Engineering,LONDON,Bengaluru,2026-10-01,2026-10-11,Domestic,Air India,2024.65,USD,CONFIRMED
BKG102195,EMP00237,  NOAH WILLIAMS  ,Engineering,Sydney,dubai,2026-09-28,2026-10-01,International,Singapore Airlines,3008.44,INR,CONFIRMED
BKG102196,EMP00218,Isabella Rossi,Engineering,tokyo,Bengaluru,2026-09-17,2026-09-21,Domestic,Delta,1785.78,EUR,PENDING
BKG102197,EMP00250,Liam Chen,Finance,Bengaluru,PARIS,2026-09-23,2026-09-28,International,United Airlines,2513.53,GBP,CONFIRMED
BKG102198,EMP00150,Priya Patel,Operations,tokyo,Sydney,2026-09-20,2026-09-24,International,United Airlines,1441.90,GBP,CONFIRMED
BKG102199,EMP00105,Lucas Silva,Operations,Bengaluru,San Francisco,2026-09-11,2026-09-25,International,British Airways,1713.50,INR,PENDING
BKG102200,EMP00062,Lucas Silva,Finance,PARIS,Toronto,2026-09-12,2026-09-19,Domestic,Singapore Airlines,2201.59,INR,CONFIRMED
BKG102201,EMP00036,Isabella Rossi,Human Resources,Bengaluru,dubai,2026-09-29,2026-09-30,International,Emirates,2553.34,INR,pending
BKG102202,EMP00003,Sofia Martinez,Operations,tokyo,Toronto,2026-09-20,2026-09-25,Domestic,Air India,1561.85,USD,CONFIRMED
BKG102203,EMP00167,Ethan Brown,Operations,tokyo,Sydney,2026-09-18,2026-09-19,Domestic,British Airways,224.49,EUR,CONFIRMED
BKG102204,EMP00114,  PRIYA PATEL  ,Operations,LONDON,Toronto,2026-09-27,2026-10-08,Domestic,Delta,285.66,INR,CANCELLED
BKG102205,EMP00187,Ethan Brown,Finance,new york,Bengaluru,2026-09-14,2026-09-15,International,Delta,2155.52,USD,CANCELLED
BKG102206,EMP00046,Emma Johnson,Sales,tokyo,Toronto,2026-09-14,2026-09-19,International,Singapore Airlines,4110.89,inr,CONFIRMED
BKG102207,EMP00132,Isabella Rossi,Finance,LONDON,San Francisco,2026-09-21,2026-09-27,Domestic,Emirates,1787.70,GBP,PENDING
BKG102208,EMP00021,Aarav Sharma,Sales,San Francisco, singapore ,2026-09-18,2026-09-27,International,Singapore Airlines,2619.18,USD,CANCELLED
BKG102209,EMP00016,Lucas Silva,Finance,Sydney,San Francisco,2026-09-27,2026-10-11,International,United Airlines,1185.54,GBP,PENDING
BKG102210,EMP00055,Lucas Silva,Engineering,PARIS,LONDON,2026-09-12,2026-09-17,Domestic,Lufthansa,2230.60,GBP,CANCELLED
BKG102211,EMP00003,Emma Johnson,Marketing, singapore ,Bengaluru,2026-09-30,2026-10-09,International,Qantas,434.45,INR,CANCELLED
BKG102212,EMP00283,Emma Johnson,Operations,dubai,tokyo,2026-09-28,2026-10-04,International,Qantas,3960.30,GBP,pending
BKG102213,EMP00330,  PRIYA PATEL  ,Sales,Sydney,tokyo,2026-09-16,2026-09-29,Domestic,Lufthansa,2402.06,EUR,CONFIRMED
BKG102214,EMP00067,Aarav Sharma,Finance,PARIS,dubai,2026-09-28,2026-09-29,Domestic,Delta,2744.62,GBP,CONFIRMED
BKG102215,EMP00108,Lucas Silva,Finance,new york,Sydney,2026-09-14,2026-09-18,Domestic,Singapore Airlines,1212.62,USD,CANCELLED
BKG102216,EMP00347,Sofia Martinez,Human Resources, singapore ,Bengaluru,2026-09-12,2026-09-18,Domestic,Qantas,3486.54,USD,PENDING
BKG102217,EMP00298,Lucas Silva,Human Resources,San Francisco,PARIS,2026-09-20,2026-10-01,International,Emirates,1207.22,GBP,CANCELLED
BKG102218,EMP00245,Sofia Martinez,Marketing,San Francisco,tokyo,2026-09-24,2026-09-30,International,United Airlines,716.47,USD,CANCELLED
BKG102219,EMP00333,Noah Williams,Engineering,Sydney,San Francisco,2026-09-13,2026-09-16,Domestic,Qantas,3986.95,usd,PENDING
BKG102220,EMP00235,Mia Anderson,Engineering,tokyo,San Francisco,2026-09-25,2026-09-28,International,Qantas,3744.04,USD,CANCELLED
BKG102221,EMP00030,Arjun Nair,Finance,Toronto,Bengaluru,2026-09-24,2026-10-04,International,United Airlines,1031.95,GBP,CONFIRMED
BKG102222,EMP00218,  MIA ANDERSON  ,Human Resources,Toronto,new york,2026-09-11,2026-09-23,Domestic,Emirates,353.36,INR,PENDING
BKG102223,EMP00125,Sofia Martinez,Marketing,dubai,new york,2026-09-18,2026-09-23,Domestic,Emirates,333.25,INR,confirmed
BKG102224,EMP00073,Mia Anderson,Operations,tokyo,Sydney,2026-09-27,2026-09-29,International,Singapore Airlines,1692.54,INR,CONFIRMED
BKG102225,EMP00030,Aarav Sharma,Human Resources,San Francisco,LONDON,2026-09-29,2026-10-04,Domestic,Delta,947.69,EUR,CONFIRMED
BKG102226,EMP00313,Emma Johnson,Finance,new york, singapore ,2026-09-22,2026-10-02,International,United Airlines,3716.12,GBP,PENDING
BKG102227,EMP00069,Noah Williams,Operations,Toronto, singapore ,2026-09-18,2026-09-21,Domestic,Delta,535.57,USD,CANCELLED
BKG102228,EMP00262,Isabella Rossi,Marketing,PARIS,tokyo,2026-09-16,2026-09-17,International,Delta,1276.20,USD,CONFIRMED
BKG102229,EMP00270,Isabella Rossi,Marketing,new york,dubai,2026-09-24,2026-09-25,International,Singapore Airlines,3490.75,USD,CONFIRMED
BKG102230,EMP00202,Liam Chen,Sales,Toronto,tokyo,2026-09-15,2026-09-28,International,Lufthansa,1161.96,EUR,CONFIRMED
BKG102231,EMP00013,  ARJUN NAIR  ,Human Resources, singapore ,tokyo,2026-09-13,2026-09-21,International,Delta,3701.58,GBP,CANCELLED
BKG102232,EMP00083,Priya Patel,Human Resources,Sydney,Toronto,2026-09-16,2026-09-28,Domestic,Lufthansa,1637.31,usd,PENDING
BKG102233,EMP00080,Olivia Davis,Marketing,Bengaluru,PARIS,2026-09-18,2026-09-24,Domestic,Singapore Airlines,416.44,INR,CANCELLED
BKG102234,EMP00136,Sofia Martinez,Engineering,new york,tokyo,2026-10-02,2026-10-03,International,Delta,2976.63,EUR,cancelled
BKG102235,EMP00224,Emma Johnson,Finance,Toronto,PARIS,2026-09-16,2026-09-18,International,Air India,227.46,EUR,CONFIRMED
BKG102236,EMP00348,Arjun Nair,Engineering,Sydney,Bengaluru,2026-09-26,2026-10-09,Domestic,Lufthansa,150.19,USD,CONFIRMED
BKG102237,EMP00338,Arjun Nair,Operations,San Francisco,Bengaluru,2026-09-30,2026-10-02,Domestic,British Airways,3759.01,EUR,PENDING
BKG102238,EMP00268,Liam Chen,Operations,Bengaluru,Toronto,2026-09-27,2026-09-30,International,Singapore Airlines,2691.55,EUR,CONFIRMED
BKG102239,EMP00211,Mia Anderson,Operations,dubai,Toronto,2026-09-26,2026-10-05,Domestic,Qantas,3488.97,GBP,PENDING
BKG102240,EMP00202,  LUCAS SILVA  ,Sales,Sydney,San Francisco,2026-09-29,2026-10-07,Domestic,Emirates,2936.18,USD,CANCELLED
BKG102241,EMP00346,Ethan Brown,Finance,new york, singapore ,2026-09-21,2026-09-30,International,Qantas,1656.32,EUR,PENDING
BKG102242,EMP00100,Ethan Brown,Finance,LONDON,Toronto,2026-09-19,2026-09-29,Domestic,British Airways,2910.89,USD,CONFIRMED
BKG102243,EMP00146,Olivia Davis,Engineering,San Francisco,Bengaluru,2026-09-24,2026-10-05,International,Lufthansa,2544.39,INR,PENDING
BKG102244,EMP00150,Sofia Martinez,Operations, singapore ,Bengaluru,2026-09-19,2026-09-20,Domestic,United Airlines,469.48,INR,PENDING
BKG102245,EMP00045,Arjun Nair,Engineering,San Francisco, singapore ,2026-09-13,2026-09-25,International,Lufthansa,880.98,usd,confirmed
BKG102246,EMP00240,Liam Chen,Finance, singapore ,tokyo,2026-09-18,2026-09-25,Domestic,Air India,912.51,GBP,PENDING
BKG102247,EMP00122,Noah Williams,Engineering,PARIS, singapore ,2026-09-21,2026-10-01,International,British Airways,3434.60,GBP,PENDING
BKG102248,EMP00116,Aarav Sharma,Human Resources,Toronto,tokyo,2026-09-20,2026-10-02,Domestic,Emirates,2143.39,GBP,CANCELLED
BKG102249,EMP00129,  ISABELLA ROSSI  ,Marketing,Toronto,Sydney,2026-09-15,2026-09-28,International,Lufthansa,3378.80,USD,PENDING
BKG102250,EMP00237,Olivia Davis,Operations, singapore ,LONDON,2026-09-28,2026-10-02,Domestic,British Airways,2244.17,GBP,CANCELLED
BKG102251,EMP00100,Emma Johnson,Human Resources,Toronto,tokyo,2026-09-30,2026-10-04,Domestic,Air India,3802.55,GBP,PENDING
BKG102252,EMP00228,Aarav Sharma,Sales,Sydney, singapore ,2026-09-24,2026-10-03,International,Air India,2660.17,EUR,CANCELLED
BKG102253,EMP00320,Aarav Sharma,Sales,San Francisco,LONDON,2026-09-30,2026-10-05,International,Lufthansa,3543.41,GBP,CANCELLED
BKG102254,EMP00003,Priya Patel,Marketing,Bengaluru,PARIS,2026-09-28,2026-10-05,International,British Airways,654.88,GBP,CANCELLED
BKG102255,EMP00184,Olivia Davis,Operations,Sydney,dubai,2026-09-13,2026-09-14,Domestic,Delta,2106.92,GBP,PENDING
BKG102256,EMP00334,Ethan Brown,Human Resources,new york,Toronto,2026-09-21,2026-09-30,International,Delta,171.83,INR,confirmed
BKG102257,EMP00293,Olivia Davis,Sales,dubai, singapore ,2026-09-11,2026-09-17,Domestic,Singapore Airlines,1373.55,EUR,CANCELLED
BKG102258,EMP00217,  ISABELLA ROSSI  ,Engineering,LONDON,Sydney,2026-09-30,2026-10-01,Domestic,Delta,2150.34,usd,CONFIRMED
BKG102259,EMP00029,Priya Patel,Operations,LONDON,tokyo,2026-09-22,2026-09-28,International,Singapore Airlines,2175.70,GBP,PENDING
BKG102260,EMP00048,Arjun Nair,Marketing,dubai,new york,2026-09-11,2026-09-23,Domestic,Emirates,2791.47,GBP,PENDING
BKG102261,EMP00031,Emma Johnson,Human Resources,Sydney,tokyo,2026-09-21,2026-10-05,International,British Airways,1111.00,USD,CONFIRMED
BKG102262,EMP00348,Noah Williams,Marketing,Bengaluru,LONDON,2026-10-01,2026-10-08,International,Delta,560.94,USD,PENDING
BKG102263,EMP00260,Ethan Brown,Finance, singapore ,new york,2026-09-30,2026-10-03,International,British Airways,1285.55,EUR,PENDING
BKG102264,EMP00122,Emma Johnson,Marketing,tokyo,Toronto,2026-09-24,2026-09-25,Domestic,British Airways,3194.57,EUR,PENDING
BKG102265,EMP00057,Ethan Brown,Finance,tokyo,PARIS,2026-09-19,2026-09-26,Domestic,Air India,2478.17,EUR,CONFIRMED
BKG102266,EMP00033,Mia Anderson,Finance,new york, singapore ,2026-09-28,2026-10-06,International,British Airways,4018.38,GBP,CANCELLED
BKG102267,EMP00174,  ETHAN BROWN  ,Finance, singapore ,Toronto,2026-09-20,2026-09-22,International,United Airlines,581.85,EUR,cancelled
BKG102268,EMP00071,Isabella Rossi,Engineering,new york,Bengaluru,2026-09-17,2026-09-19,International,Emirates,281.24,GBP,CONFIRMED
BKG102269,EMP00165,Sofia Martinez,Human Resources,LONDON,new york,2026-09-21,2026-09-26,International,Emirates,3323.81,EUR,PENDING
BKG102270,EMP00331,Emma Johnson,Sales,new york,dubai,2026-09-19,2026-09-20,International,Air India,2002.39,INR,PENDING
BKG102271,EMP00166,Olivia Davis,Finance,LONDON,Toronto,2026-09-20,2026-09-21,International,Singapore Airlines,502.83,gbp,CANCELLED
BKG102272,EMP00102,Olivia Davis,Human Resources, singapore ,tokyo,2026-09-25,2026-10-06,International,Lufthansa,2340.89,GBP,CANCELLED
BKG102273,EMP00153,Arjun Nair,Engineering,tokyo,new york,2026-09-22,2026-09-29,Domestic,Emirates,149.12,GBP,PENDING
BKG102274,EMP00037,Aarav Sharma,Engineering,San Francisco,LONDON,2026-09-26,2026-10-07,International,United Airlines,1282.59,USD,CANCELLED
BKG102275,EMP00323,Noah Williams,Engineering,San Francisco, singapore ,2026-09-15,2026-09-23,International,Lufthansa,1271.45,EUR,CANCELLED
BKG102276,EMP00054,  PRIYA PATEL  ,Operations,Toronto,LONDON,2026-09-22,2026-10-05,Domestic,Lufthansa,1033.15,USD,PENDING
BKG102277,EMP00056,Arjun Nair,Marketing,dubai,Toronto,2026-09-21,2026-10-01,International,Air India,2475.96,EUR,CONFIRMED
BKG102278,EMP00101,Lucas Silva,Marketing,Sydney,dubai,2026-09-22,2026-09-27,Domestic,Qantas,1249.61,INR,pending
BKG102279,EMP00231,Emma Johnson,Sales, singapore ,dubai,2026-09-30,2026-10-09,Domestic,Delta,2799.50,EUR,PENDING
BKG102280,EMP00222,Aarav Sharma,Finance,Toronto,PARIS,2026-09-19,2026-09-22,International,Delta,786.06,EUR,PENDING
BKG102281,EMP00059,Priya Patel,Human Resources,PARIS,tokyo,2026-10-01,2026-10-12,International,Air India,1949.69,EUR,CANCELLED
BKG102282,EMP00247,Mia Anderson,Marketing,new york,San Francisco,2026-09-17,2026-10-01,International,British Airways,1439.51,INR,CONFIRMED
BKG102283,EMP00312,Sofia Martinez,Operations,Toronto,San Francisco,2026-09-20,2026-09-30,International,Singapore Airlines,2868.25,USD,PENDING
BKG102284,EMP00305,Isabella Rossi,Sales,LONDON,tokyo,2026-09-26,2026-10-05,Domestic,Singapore Airlines,2581.87,inr,CANCELLED
BKG102285,EMP00001,  OLIVIA DAVIS  ,Human Resources, singapore ,PARIS,2026-09-28,2026-10-04,Domestic,Qantas,2027.87,GBP,PENDING
BKG102286,EMP00318,Isabella Rossi,Operations,Bengaluru,Toronto,2026-09-14,2026-09-26,International,British Airways,2824.95,INR,PENDING
BKG102287,EMP00178,Aarav Sharma,Marketing, singapore ,PARIS,2026-10-01,2026-10-05,Domestic,Qantas,1635.10,INR,CANCELLED
BKG102288,EMP00181,Liam Chen,Engineering, singapore ,Bengaluru,2026-09-22,2026-09-25,Domestic,Air India,2296.40,INR,CONFIRMED
BKG102289,EMP00004,Sofia Martinez,Finance, singapore ,LONDON,2026-09-28,2026-10-06,Domestic,Delta,4154.82,EUR,cancelled
BKG102290,EMP00079,Sofia Martinez,Operations,Bengaluru, singapore ,2026-09-23,2026-09-26,International,Air India,1660.16,GBP,CANCELLED
BKG102291,EMP00272,Aarav Sharma,Finance,Sydney,tokyo,2026-09-21,2026-09-25,International,Singapore Airlines,1007.80,EUR,CONFIRMED
BKG102292,EMP00316,Sofia Martinez,Marketing,PARIS,San Francisco,2026-09-24,2026-10-06,Domestic,Emirates,1621.18,GBP,CONFIRMED
BKG102293,EMP00218,Emma Johnson,Human Resources,Sydney,new york,2026-09-20,2026-09-25,Domestic,Emirates,2444.63,USD,CONFIRMED
BKG102294,EMP00311,  EMMA JOHNSON  ,Finance, singapore ,new york,2026-09-30,2026-10-02,International,Air India,453.90,EUR,CONFIRMED
BKG102295,EMP00185,Priya Patel,Human Resources,LONDON,dubai,2026-09-19,2026-09-22,International,Qantas,1116.63,INR,PENDING
BKG102296,EMP00236,Olivia Davis,Finance,Sydney,PARIS,2026-09-23,2026-10-06,International,Delta,3693.12,INR,CONFIRMED
BKG102297,EMP00228,Aarav Sharma,Engineering,Bengaluru,PARIS,2026-09-21,2026-10-01,International,Singapore Airlines,2518.19,eur,CONFIRMED
BKG102298,EMP00006,Isabella Rossi,Operations,PARIS,new york,2026-09-17,2026-09-29,Domestic,Air India,1707.24,EUR,CANCELLED
BKG102299,EMP00155,Aarav Sharma,Engineering,Sydney,dubai,2026-09-26,2026-10-02,International,Qantas,975.10,EUR,CONFIRMED
BKG102300,EMP00088,Lucas Silva,Operations,Bengaluru, singapore ,2026-09-18,2026-09-23,Domestic,Air India,3358.75,USD,pending
BKG102301,EMP00131,Mia Anderson,Sales,Toronto,new york,2026-09-13,2026-09-14,International,Air India,979.56,INR,PENDING
BKG102302,EMP00319,Ethan Brown,Sales,Toronto,new york,2026-09-12,2026-09-22,Domestic,British Airways,1744.86,EUR,CANCELLED
BKG102303,EMP00071,  EMMA JOHNSON  ,Human Resources,Bengaluru,San Francisco,2026-09-25,2026-09-26,International,Emirates,3558.73,GBP,CANCELLED
BKG102304,EMP00318,Sofia Martinez,Marketing,dubai,PARIS,2026-09-22,2026-09-30,Domestic,Singapore Airlines,2356.88,INR,PENDING
BKG102305,EMP00182,Ethan Brown,Finance, singapore ,tokyo,2026-09-26,2026-10-07,Domestic,Singapore Airlines,2644.93,USD,PENDING
BKG102306,EMP00210,Olivia Davis,Marketing,Sydney,PARIS,2026-09-16,2026-09-19,Domestic,Lufthansa,228.89,EUR,PENDING
BKG102307,EMP00008,Isabella Rossi,Human Resources,new york,Bengaluru,2026-09-16,2026-09-26,Domestic,Singapore Airlines,600.47,EUR,CONFIRMED
BKG102308,EMP00282,Mia Anderson,Sales,Toronto,dubai,2026-09-20,2026-09-24,International,Singapore Airlines,2847.71,USD,CONFIRMED
BKG102309,EMP00269,Noah Williams,Engineering,dubai, singapore ,2026-09-13,2026-09-20,International,Air India,2418.06,INR,CONFIRMED
BKG102310,EMP00010,Mia Anderson,Sales,Sydney,dubai,2026-09-14,2026-09-21,Domestic,Emirates,1795.22,gbp,CONFIRMED
BKG102311,EMP00262,Priya Patel,Sales,new york,LONDON,2026-10-02,2026-10-06,International,Singapore Airlines,3112.42,EUR,cancelled
BKG102312,EMP00214,  PRIYA PATEL  ,Marketing,Toronto,PARIS,2026-10-01,2026-10-04,International,Qantas,2535.36,GBP,CONFIRMED
BKG102313,EMP00229,Olivia Davis,Engineering,new york, singapore ,2026-09-13,2026-09-25,International,Air India,2301.66,GBP,CANCELLED
BKG102314,EMP00234,Mia Anderson,Engineering,LONDON,San Francisco,2026-09-16,2026-09-23,Domestic,Emirates,1291.81,GBP,CONFIRMED
BKG102315,EMP00142,Emma Johnson,Engineering,Sydney,Bengaluru,2026-09-20,2026-09-25,International,Singapore Airlines,1052.74,INR,CANCELLED
BKG102316,EMP00313,Arjun Nair,Sales,tokyo,new york,2026-09-20,2026-09-24,Domestic,Lufthansa,4153.97,GBP,CANCELLED
BKG102317,EMP00031,Isabella Rossi,Marketing,Toronto,PARIS,2026-09-22,2026-10-04,International,Air India,4082.26,USD,CANCELLED
BKG102318,EMP00241,Mia Anderson,Human Resources,LONDON,Sydney,2026-09-12,2026-09-15,Domestic,Lufthansa,942.25,INR,PENDING
BKG102319,EMP00083,Ethan Brown,Sales,dubai,new york,2026-09-29,2026-10-13,Domestic,Air India,3565.70,INR,CANCELLED
BKG102320,EMP00229,Lucas Silva,Finance,tokyo,Toronto,2026-10-01,2026-10-09,Domestic,Emirates,1668.19,GBP,CANCELLED
BKG102321,EMP00120,  NOAH WILLIAMS  ,Finance,dubai,Bengaluru,2026-09-19,2026-09-29,Domestic,Qantas,2369.57,EUR,PENDING
BKG102322,EMP00005,Noah Williams,Human Resources,San Francisco,PARIS,2026-09-11,2026-09-18,International,Air India,749.87,INR,cancelled
BKG102323,EMP00216,Noah Williams,Marketing,San Francisco, singapore ,2026-09-22,2026-09-28,Domestic,Singapore Airlines,694.58,inr,PENDING
BKG102324,EMP00216,Isabella Rossi,Engineering,Sydney,Bengaluru,2026-09-29,2026-10-01,Domestic,Delta,3809.87,EUR,PENDING
BKG102325,EMP00284,Arjun Nair,Human Resources, singapore ,new york,2026-09-27,2026-10-08,Domestic,United Airlines,1114.87,INR,CANCELLED
BKG102326,EMP00053,Lucas Silva,Human Resources,tokyo,San Francisco,2026-09-15,2026-09-26,Domestic,Lufthansa,2945.31,GBP,PENDING
BKG102327,EMP00185,Liam Chen,Sales,LONDON,dubai,2026-09-25,2026-09-29,Domestic,United Airlines,2419.94,INR,CANCELLED
BKG102328,EMP00195,Priya Patel,Human Resources,dubai,Sydney,2026-09-25,2026-10-09,International,Qantas,2795.06,GBP,CANCELLED
BKG102329,EMP00075,Arjun Nair,Human Resources,new york,tokyo,2026-09-11,2026-09-13,International,British Airways,1114.89,GBP,PENDING
BKG102330,EMP00113,  NOAH WILLIAMS  ,Engineering,LONDON,Sydney,2026-09-16,2026-09-24,Domestic,British Airways,3641.13,GBP,CANCELLED
BKG102331,EMP00290,Arjun Nair,Sales,dubai,new york,2026-10-02,2026-10-16,International,Lufthansa,1335.98,GBP,PENDING
BKG102332,EMP00016,Emma Johnson,Operations, singapore ,dubai,2026-09-29,2026-09-30,International,British Airways,4189.51,USD,CONFIRMED
BKG102333,EMP00230,Isabella Rossi,Operations,San Francisco,Bengaluru,2026-09-19,2026-10-01,International,Singapore Airlines,1933.53,EUR,pending
BKG102334,EMP00288,Priya Patel,Operations, singapore ,San Francisco,2026-09-12,2026-09-19,International,Emirates,3981.89,GBP,CONFIRMED
BKG102335,EMP00297,Liam Chen,Marketing,Toronto,new york,2026-09-19,2026-09-26,Domestic,Air India,873.96,USD,PENDING
BKG102336,EMP00261,Emma Johnson,Engineering,tokyo,PARIS,2026-09-24,2026-10-04,Domestic,Delta,2718.43,usd,PENDING
BKG102337,EMP00196,Sofia Martinez,Sales,new york,Toronto,2026-09-12,2026-09-15,Domestic,United Airlines,698.05,GBP,CONFIRMED
BKG102338,EMP00238,Sofia Martinez,Engineering, singapore ,Bengaluru,2026-09-19,2026-09-29,International,United Airlines,740.53,INR,CONFIRMED
BKG102339,EMP00240,  ARJUN NAIR  ,Sales,San Francisco,LONDON,2026-09-24,2026-10-08,Domestic,Emirates,2611.67,INR,CONFIRMED
BKG102340,EMP00269,Priya Patel,Human Resources, singapore ,PARIS,2026-09-21,2026-09-27,Domestic,Emirates,772.47,INR,PENDING
BKG102341,EMP00297,Ethan Brown,Marketing,new york,Toronto,2026-09-12,2026-09-13,International,Qantas,1421.52,EUR,CANCELLED
BKG102342,EMP00220,Olivia Davis,Finance,dubai,PARIS,2026-09-21,2026-09-22,Domestic,Qantas,2341.82,EUR,CONFIRMED
BKG102343,EMP00267,Liam Chen,Operations,PARIS,Toronto,2026-09-12,2026-09-15,International,Delta,4019.95,INR,CANCELLED
BKG102344,EMP00078,Noah Williams,Marketing,new york,Bengaluru,2026-09-18,2026-09-20,International,United Airlines,2117.44,INR,pending
BKG102345,EMP00230,Arjun Nair,Sales,Bengaluru,LONDON,2026-09-24,2026-10-06,International,Singapore Airlines,1157.74,EUR,CANCELLED
BKG102346,EMP00005,Liam Chen,Engineering,PARIS,Bengaluru,2026-09-16,2026-09-22,International,Qantas,1436.35,INR,CONFIRMED
BKG102347,EMP00127,Liam Chen,Operations,Sydney,Bengaluru,2026-09-14,2026-09-25,Domestic,Singapore Airlines,3783.51,INR,CANCELLED
BKG102348,EMP00043,  ISABELLA ROSSI  ,Sales,LONDON,San Francisco,2026-09-23,2026-09-30,International,Lufthansa,1221.19,INR,CANCELLED
BKG102349,EMP00086,Aarav Sharma,Sales,Sydney,Bengaluru,2026-09-22,2026-10-04,International,Air India,686.00,usd,CONFIRMED
BKG102350,EMP00245,Priya Patel,Sales, singapore ,Sydney,2026-09-21,2026-10-04,Domestic,Emirates,3102.35,EUR,CANCELLED
BKG102351,EMP00277,Ethan Brown,Human Resources,San Francisco,Bengaluru,2026-09-17,2026-09-19,Domestic,United Airlines,1680.94,EUR,PENDING
BKG102352,EMP00197,Arjun Nair,Finance,Toronto,San Francisco,2026-09-11,2026-09-13,Domestic,Air India,4057.89,USD,CONFIRMED
BKG102353,EMP00342,Lucas Silva,Sales,San Francisco,LONDON,2026-09-30,2026-10-07,International,British Airways,1284.91,GBP,CONFIRMED
BKG102354,EMP00125,Olivia Davis,Sales,dubai,Toronto,2026-09-29,2026-10-01,Domestic,Qantas,201.60,INR,PENDING
BKG102355,EMP00218,Liam Chen,Sales,San Francisco,dubai,2026-09-21,2026-10-01,International,Qantas,900.42,EUR,confirmed
BKG102356,EMP00340,Mia Anderson,Sales,PARIS,dubai,2026-10-02,2026-10-11,Domestic,Qantas,2127.42,EUR,CANCELLED
BKG102357,EMP00281,  LIAM CHEN  ,Finance,new york,LONDON,2026-09-20,2026-09-26,International,Lufthansa,3855.29,USD,CONFIRMED
BKG102358,EMP00027,Isabella Rossi,Sales,dubai,tokyo,2026-09-15,2026-09-17,Domestic,United Airlines,1939.48,EUR,PENDING
BKG102359,EMP00165,Lucas Silva,Operations,Toronto,new york,2026-09-13,2026-09-25,International,British Airways,2153.51,USD,CANCELLED
BKG102360,EMP00296,Liam Chen,Operations,Sydney,Bengaluru,2026-10-02,2026-10-08,International,Singapore Airlines,1645.67,INR,CONFIRMED
BKG102361,EMP00204,Mia Anderson,Human Resources,Sydney, singapore ,2026-09-24,2026-10-05,International,Singapore Airlines,3895.50,INR,PENDING
BKG102362,EMP00237,Priya Patel,Operations,Toronto,LONDON,2026-09-25,2026-09-29,Domestic,British Airways,2308.96,gbp,CONFIRMED
BKG102363,EMP00274,Liam Chen,Operations,LONDON,tokyo,2026-09-23,2026-10-04,Domestic,Delta,3874.29,GBP,CONFIRMED
BKG102364,EMP00113,Arjun Nair,Marketing,San Francisco,Sydney,2026-09-12,2026-09-13,International,United Airlines,1597.99,GBP,CANCELLED
BKG102365,EMP00032,Noah Williams,Sales, singapore ,Bengaluru,2026-09-23,2026-09-29,International,Air India,3065.92,INR,CONFIRMED
BKG102366,EMP00174,  AARAV SHARMA  ,Operations,dubai,tokyo,2026-09-17,2026-09-28,Domestic,United Airlines,2777.94,USD,pending
BKG102367,EMP00309,Emma Johnson,Engineering,dubai,San Francisco,2026-09-15,2026-09-19,International,Emirates,4125.20,GBP,PENDING
BKG102368,EMP00093,Olivia Davis,Marketing,dubai,San Francisco,2026-09-16,2026-09-17,Domestic,British Airways,828.23,USD,PENDING
BKG102369,EMP00312,Priya Patel,Engineering,LONDON,tokyo,2026-09-30,2026-10-01,International,Delta,3580.48,INR,PENDING
BKG102370,EMP00291,Noah Williams,Marketing,Sydney,Bengaluru,2026-09-19,2026-09-29,International,Air India,3631.37,INR,PENDING
BKG102371,EMP00318,Lucas Silva,Finance,new york,PARIS,2026-10-02,2026-10-03,International,United Airlines,3557.66,EUR,PENDING
BKG102372,EMP00201,Isabella Rossi,Engineering,Toronto,San Francisco,2026-09-30,2026-10-14,Domestic,Delta,542.33,INR,CONFIRMED
BKG102373,EMP00152,Liam Chen,Human Resources,Bengaluru,Toronto,2026-09-22,2026-09-23,International,Lufthansa,340.72,USD,CANCELLED
BKG102374,EMP00086,Priya Patel,Marketing,tokyo,PARIS,2026-09-24,2026-09-30,Domestic,Air India,1343.85,EUR,CANCELLED
BKG102375,EMP00123,  ISABELLA ROSSI  ,Finance,PARIS,new york,2026-10-02,2026-10-13,Domestic,Emirates,1113.65,eur,PENDING
BKG102376,EMP00085,Isabella Rossi,Finance,tokyo,Sydney,2026-10-01,2026-10-04,International,Delta,2656.98,USD,CANCELLED
BKG102377,EMP00312,Sofia Martinez,Marketing,LONDON,PARIS,2026-09-16,2026-09-18,International,Singapore Airlines,2896.95,EUR,confirmed
BKG102378,EMP00130,Ethan Brown,Finance,dubai,Sydney,2026-09-19,2026-09-26,Domestic,British Airways,2538.00,EUR,PENDING
BKG102379,EMP00007,Ethan Brown,Sales,new york,Bengaluru,2026-09-20,2026-09-25,International,British Airways,1876.20,INR,CONFIRMED
BKG102380,EMP00076,Aarav Sharma,Sales,new york,dubai,2026-09-12,2026-09-25,International,British Airways,3787.86,USD,CONFIRMED
BKG102381,EMP00300,Mia Anderson,Human Resources,Toronto,PARIS,2026-09-23,2026-10-06,Domestic,Singapore Airlines,1856.94,GBP,PENDING
BKG102382,EMP00266,Aarav Sharma,Engineering,San Francisco,Sydney,2026-09-16,2026-09-17,International,British Airways,3241.62,INR,CANCELLED
BKG102383,EMP00207,Ethan Brown,Finance,new york,dubai,2026-09-29,2026-10-04,Domestic,Lufthansa,3091.19,USD,PENDING
BKG102384,EMP00144,  MIA ANDERSON  ,Marketing,PARIS,LONDON,2026-09-26,2026-10-08,International,Lufthansa,204.09,GBP,CANCELLED
BKG102385,EMP00108,Noah Williams,Sales,new york,Bengaluru,2026-10-02,2026-10-08,Domestic,Qantas,2865.21,USD,CONFIRMED
BKG102386,EMP00126,Liam Chen,Engineering,PARIS,Bengaluru,2026-10-01,2026-10-06,Domestic,Emirates,3411.21,EUR,CONFIRMED
BKG102387,EMP00260,Olivia Davis,Marketing,tokyo, singapore ,2026-09-17,2026-09-20,Domestic,Air India,2769.09,USD,CONFIRMED
BKG102388,EMP00207,Liam Chen,Operations,new york,San Francisco,2026-09-21,2026-10-01,Domestic,Singapore Airlines,354.27,inr,pending
BKG102389,EMP00091,Aarav Sharma,Marketing,Bengaluru,Toronto,2026-10-01,2026-10-10,Domestic,Emirates,2373.53,GBP,PENDING
BKG102390,EMP00209,Isabella Rossi,Engineering,tokyo,new york,2026-09-19,2026-09-25,International,United Airlines,1373.83,INR,CONFIRMED
BKG102391,EMP00219,Priya Patel,Finance,San Francisco,new york,2026-09-26,2026-10-01,International,British Airways,1328.24,INR,PENDING
BKG102392,EMP00013,Priya Patel,Marketing,Bengaluru,dubai,2026-09-17,2026-09-26,Domestic,Emirates,2201.66,USD,CANCELLED
BKG102393,EMP00169,  EMMA JOHNSON  ,Marketing,PARIS,new york,2026-09-16,2026-09-19,International,Delta,2532.21,USD,CONFIRMED
BKG102394,EMP00204,Sofia Martinez,Marketing,LONDON, singapore ,2026-09-11,2026-09-24,Domestic,Delta,2643.44,GBP,PENDING
BKG102395,EMP00072,Ethan Brown,Operations,PARIS,Sydney,2026-09-25,2026-09-29,International,British Airways,1867.36,GBP,PENDING
BKG102396,EMP00062,Arjun Nair,Engineering,LONDON,dubai,2026-09-14,2026-09-28,International,Singapore Airlines,2322.30,INR,PENDING
BKG102397,EMP00275,Sofia Martinez,Operations,LONDON,PARIS,2026-09-21,2026-09-28,Domestic,British Airways,1023.12,INR,CANCELLED
BKG102398,EMP00034,Liam Chen,Finance, singapore ,LONDON,2026-09-12,2026-09-20,Domestic,United Airlines,1632.26,GBP,CANCELLED
BKG102399,EMP00301,Noah Williams,Sales,LONDON,dubai,2026-09-14,2026-09-18,Domestic,Emirates,1012.99,GBP,confirmed
BKG102400,EMP00086,Emma Johnson,Engineering,Bengaluru,Toronto,2026-09-19,2026-10-01,International,Delta,2649.41,EUR,PENDING
BKG102401,EMP00212,Ethan Brown,Sales,new york,Toronto,2026-09-16,2026-09-21,International,Lufthansa,2788.79,usd,CANCELLED
BKG102402,EMP00093,  ARJUN NAIR  ,Sales,new york,San Francisco,2026-09-23,2026-10-06,Domestic,Lufthansa,3255.48,EUR,CANCELLED
BKG102403,EMP00018,Priya Patel,Sales,Toronto,new york,2026-09-11,2026-09-25,International,Qantas,3529.67,INR,CANCELLED
BKG102404,EMP00192,Arjun Nair,Engineering,dubai,Bengaluru,2026-09-25,2026-10-05,Domestic,Qantas,1206.23,EUR,PENDING
BKG102405,EMP00236,Olivia Davis,Operations, singapore ,new york,2026-09-25,2026-09-28,International,United Airlines,545.80,GBP,CANCELLED
BKG102406,EMP00147,Emma Johnson,Human Resources,tokyo,new york,2026-09-19,2026-09-28,Domestic,Qantas,985.18,INR,CANCELLED
BKG102407,EMP00127,Priya Patel,Engineering,dubai,San Francisco,2026-09-21,2026-09-26,International,British Airways,644.31,GBP,CONFIRMED
BKG102408,EMP00288,Priya Patel,Marketing,Bengaluru,PARIS,2026-09-29,2026-10-01,Domestic,British Airways,3088.21,INR,CONFIRMED
BKG102409,EMP00314,Lucas Silva,Operations,Sydney,tokyo,2026-09-27,2026-10-06,Domestic,Lufthansa,2662.96,GBP,CANCELLED
BKG102410,EMP00082,Aarav Sharma,Engineering,San Francisco, singapore ,2026-09-14,2026-09-25,Domestic,Delta,1543.09,EUR,cancelled
BKG102411,EMP00348,  PRIYA PATEL  ,Sales,Bengaluru, singapore ,2026-09-11,2026-09-16,International,Delta,210.97,GBP,CONFIRMED
BKG102412,EMP00083,Sofia Martinez,Marketing,LONDON, singapore ,2026-10-01,2026-10-06,International,Air India,3638.57,EUR,PENDING
BKG102413,EMP00216,Sofia Martinez,Finance,PARIS, singapore ,2026-09-30,2026-10-07,International,Qantas,4179.90,EUR,CONFIRMED
BKG102414,EMP00212,Arjun Nair,Engineering,new york,Toronto,2026-09-20,2026-09-25,Domestic,British Airways,370.62,gbp,CONFIRMED
BKG102415,EMP00077,Olivia Davis,Marketing,San Francisco,Bengaluru,2026-09-29,2026-10-01,Domestic,British Airways,1469.55,USD,CONFIRMED
BKG102416,EMP00062,Ethan Brown,Finance,LONDON,Sydney,2026-09-25,2026-09-29,Domestic,Singapore Airlines,3922.10,INR,CANCELLED
BKG102417,EMP00177,Priya Patel,Engineering,Bengaluru,Sydney,2026-09-28,2026-10-10,International,Emirates,1727.24,INR,PENDING
BKG102418,EMP00145,Noah Williams,Finance, singapore ,LONDON,2026-09-27,2026-10-08,International,Qantas,3008.75,USD,CONFIRMED
BKG102419,EMP00283,Olivia Davis,Engineering,Bengaluru,PARIS,2026-09-16,2026-09-17,International,British Airways,959.67,USD,CONFIRMED
BKG102420,EMP00068,  SOFIA MARTINEZ  ,Finance,dubai,Sydney,2026-09-19,2026-10-02,Domestic,Singapore Airlines,479.94,GBP,CANCELLED
BKG102421,EMP00331,Priya Patel,Operations,Toronto,Sydney,2026-09-23,2026-09-24,Domestic,Singapore Airlines,3320.92,INR,confirmed
BKG102422,EMP00319,Arjun Nair,Operations,tokyo,Bengaluru,2026-09-17,2026-09-22,International,Singapore Airlines,2360.08,GBP,CONFIRMED
BKG102423,EMP00039,Liam Chen,Marketing,Bengaluru,dubai,2026-09-23,2026-10-07,Domestic,Emirates,2119.99,INR,CONFIRMED
BKG102424,EMP00082,Aarav Sharma,Human Resources,new york,PARIS,2026-09-12,2026-09-14,International,Singapore Airlines,3473.22,USD,CONFIRMED
BKG102425,EMP00111,Liam Chen,Sales,Sydney,dubai,2026-09-14,2026-09-23,International,Delta,2145.59,USD,PENDING
BKG102426,EMP00020,Lucas Silva,Operations,LONDON,San Francisco,2026-10-02,2026-10-08,International,Singapore Airlines,1375.49,EUR,CANCELLED
BKG102427,EMP00117,Arjun Nair,Human Resources,Bengaluru, singapore ,2026-09-17,2026-09-20,International,Emirates,2385.03,eur,CANCELLED
BKG102428,EMP00235,Arjun Nair,Human Resources,PARIS,tokyo,2026-09-22,2026-09-26,Domestic,Emirates,306.04,EUR,CANCELLED
BKG102429,EMP00325,  MIA ANDERSON  ,Finance,dubai,Toronto,2026-09-17,2026-09-23,International,Qantas,1937.67,INR,PENDING
BKG102430,EMP00001,Priya Patel,Finance,LONDON,Toronto,2026-09-13,2026-09-26,Domestic,Singapore Airlines,2805.26,EUR,CONFIRMED
BKG102431,EMP00323,Liam Chen,Finance,dubai,PARIS,2026-09-15,2026-09-23,International,British Airways,1589.56,INR,CANCELLED
BKG102432,EMP00047,Noah Williams,Operations,San Francisco,Toronto,2026-09-23,2026-09-29,Domestic,Emirates,3030.52,GBP,pending
BKG102433,EMP00347,Priya Patel,Human Resources,new york,Bengaluru,2026-09-27,2026-09-29,International,United Airlines,4027.46,GBP,CONFIRMED
BKG102434,EMP00145,Emma Johnson,Sales,Bengaluru,PARIS,2026-09-18,2026-09-20,International,Qantas,617.80,INR,CONFIRMED
BKG102435,EMP00072,Priya Patel,Engineering,Sydney,dubai,2026-09-12,2026-09-18,Domestic,Air India,2837.97,USD,PENDING
BKG102436,EMP00243,Liam Chen,Operations,PARIS,LONDON,2026-09-21,2026-10-02,Domestic,British Airways,1661.82,INR,PENDING
BKG102437,EMP00044,Mia Anderson,Marketing,Toronto,new york,2026-09-26,2026-10-04,International,Qantas,1246.16,USD,PENDING
BKG102438,EMP00298,  AARAV SHARMA  ,Marketing, singapore ,Toronto,2026-10-01,2026-10-11,Domestic,Delta,1537.58,EUR,CANCELLED
BKG102439,EMP00252,Arjun Nair,Finance,LONDON,Toronto,2026-09-28,2026-10-12,International,Qantas,1844.61,USD,CANCELLED
BKG102440,EMP00109,Mia Anderson,Finance,dubai, singapore ,2026-09-11,2026-09-16,International,Singapore Airlines,2088.34,usd,CONFIRMED
BKG102441,EMP00082,Emma Johnson,Finance,tokyo,new york,2026-09-16,2026-09-24,International,Air India,1518.14,GBP,CANCELLED
BKG102442,EMP00011,Mia Anderson,Engineering,LONDON,Sydney,2026-09-24,2026-10-01,Domestic,Singapore Airlines,3709.83,INR,CANCELLED
BKG102443,EMP00342,Lucas Silva,Operations,new york,PARIS,2026-09-17,2026-09-25,Domestic,Emirates,567.77,GBP,cancelled
BKG102444,EMP00039,Isabella Rossi,Engineering,dubai,PARIS,2026-09-29,2026-10-07,International,Qantas,2975.72,INR,CONFIRMED
BKG102445,EMP00229,Liam Chen,Engineering,dubai,Bengaluru,2026-09-12,2026-09-23,International,British Airways,3430.92,INR,CANCELLED
BKG102446,EMP00186,Isabella Rossi,Finance,new york,tokyo,2026-09-26,2026-10-10,International,Qantas,4023.79,USD,CONFIRMED
BKG102447,EMP00052,  ARJUN NAIR  ,Operations,Bengaluru,LONDON,2026-09-14,2026-09-26,Domestic,Qantas,695.45,EUR,CONFIRMED
BKG102448,EMP00175,Ethan Brown,Finance,Sydney,LONDON,2026-09-22,2026-09-28,Domestic,United Airlines,1081.60,GBP,PENDING
BKG102449,EMP00274,Olivia Davis,Finance,Sydney,dubai,2026-09-28,2026-10-06,Domestic,British Airways,271.34,EUR,PENDING
BKG102450,EMP00249,Arjun Nair,Operations,dubai,PARIS,2026-09-16,2026-09-20,International,United Airlines,215.25,INR,CONFIRMED
BKG102451,EMP00322,Emma Johnson,Marketing,tokyo,Toronto,2026-09-21,2026-09-22,International,Qantas,1780.13,USD,CANCELLED
BKG102452,EMP00135,Mia Anderson,Human Resources,Toronto,tokyo,2026-09-12,2026-09-17,Domestic,Singapore Airlines,938.37,USD,CANCELLED
BKG102453,EMP00274,Priya Patel,Engineering,Sydney, singapore ,2026-09-22,2026-09-29,International,Qantas,2449.23,gbp,CANCELLED
BKG102454,EMP00121,Noah Williams,Marketing,tokyo,new york,2026-09-12,2026-09-22,Domestic,Air India,818.13,INR,confirmed
BKG102455,EMP00274,Olivia Davis,Engineering,dubai,PARIS,2026-09-26,2026-10-05,International,Lufthansa,808.69,INR,CONFIRMED
BKG102456,EMP00148,  LIAM CHEN  ,Human Resources,new york,LONDON,2026-09-19,2026-09-29,International,Singapore Airlines,3642.56,USD,PENDING
BKG102457,EMP00214,Priya Patel,Operations,LONDON,tokyo,2026-09-29,2026-10-07,Domestic,Singapore Airlines,2562.93,GBP,PENDING
BKG102458,EMP00202,Olivia Davis,Engineering,PARIS, singapore ,2026-09-18,2026-09-21,Domestic,Delta,2050.55,EUR,PENDING
BKG102459,EMP00261,Noah Williams,Marketing,PARIS,San Francisco,2026-09-13,2026-09-20,Domestic,United Airlines,1692.44,EUR,PENDING
BKG102460,EMP00049,Emma Johnson,Sales,Toronto,new york,2026-10-02,2026-10-05,International,British Airways,1890.75,USD,CANCELLED
BKG102461,EMP00039,Liam Chen,Operations,PARIS,new york,2026-09-19,2026-09-22,Domestic,Delta,2769.37,USD,PENDING
BKG102462,EMP00102,Noah Williams,Engineering,PARIS,LONDON,2026-09-20,2026-10-03,Domestic,United Airlines,2371.22,EUR,PENDING
BKG102463,EMP00206,Olivia Davis,Marketing,tokyo,dubai,2026-09-11,2026-09-18,Domestic,United Airlines,752.02,INR,CANCELLED
BKG102464,EMP00057,Mia Anderson,Engineering, singapore ,dubai,2026-09-30,2026-10-10,Domestic,Lufthansa,1250.17,INR,PENDING
BKG102465,EMP00210,  ISABELLA ROSSI  ,Engineering,dubai,tokyo,2026-09-27,2026-10-03,Domestic,Emirates,201.86,EUR,confirmed
BKG102466,EMP00008,Ethan Brown,Sales,PARIS,Sydney,2026-09-26,2026-10-02,Domestic,Delta,584.85,gbp,PENDING
BKG102467,EMP00270,Noah Williams,Human Resources,San Francisco,dubai,2026-09-18,2026-09-25,Domestic,British Airways,2345.30,GBP,CANCELLED
BKG102468,EMP00224,Ethan Brown,Sales,Bengaluru, singapore ,2026-09-27,2026-10-09,Domestic,Singapore Airlines,1537.13,GBP,PENDING
BKG102469,EMP00015,Emma Johnson,Human Resources,Toronto,new york,2026-09-24,2026-10-02,Domestic,Emirates,3791.20,GBP,PENDING
BKG102470,EMP00082,Ethan Brown,Human Resources,San Francisco,PARIS,2026-09-12,2026-09-20,Domestic,Emirates,2098.73,INR,CONFIRMED
BKG102471,EMP00088,Mia Anderson,Human Resources,Bengaluru,LONDON,2026-09-23,2026-09-27,Domestic,Delta,580.41,INR,PENDING
BKG102472,EMP00151,Priya Patel,Human Resources,Bengaluru,new york,2026-09-20,2026-10-04,Domestic,Air India,3538.48,EUR,CANCELLED
BKG102473,EMP00199,Sofia Martinez,Sales,PARIS,Bengaluru,2026-09-16,2026-09-23,Domestic,Qantas,984.57,EUR,CONFIRMED
BKG102474,EMP00102,  LUCAS SILVA  ,Marketing,San Francisco,new york,2026-09-28,2026-10-11,International,Air India,995.06,INR,CONFIRMED
BKG102475,EMP00065,Sofia Martinez,Engineering, singapore ,Bengaluru,2026-09-28,2026-10-05,Domestic,Singapore Airlines,1853.33,USD,CONFIRMED
BKG102476,EMP00287,Aarav Sharma,Sales,San Francisco,Bengaluru,2026-09-27,2026-10-08,Domestic,Singapore Airlines,1354.68,GBP,pending
BKG102477,EMP00217,Noah Williams,Human Resources, singapore ,Bengaluru,2026-09-28,2026-10-09,Domestic,Qantas,1080.33,EUR,PENDING
BKG102478,EMP00166,Liam Chen,Human Resources,Sydney,new york,2026-09-13,2026-09-14,Domestic,United Airlines,3569.33,USD,CANCELLED
BKG102479,EMP00119,Arjun Nair,Human Resources,Bengaluru,tokyo,2026-09-29,2026-10-05,International,Emirates,468.77,inr,CONFIRMED
BKG102480,EMP00054,Olivia Davis,Marketing,PARIS, singapore ,2026-09-27,2026-10-04,International,Emirates,631.17,USD,CANCELLED
BKG102481,EMP00294,Noah Williams,Sales,San Francisco,new york,2026-09-19,2026-09-25,Domestic,Emirates,1857.40,EUR,CONFIRMED
BKG102482,EMP00171,Lucas Silva,Human Resources,San Francisco,dubai,2026-09-29,2026-09-30,Domestic,United Airlines,927.13,GBP,CONFIRMED
BKG102483,EMP00115,  MIA ANDERSON  ,Finance,tokyo, singapore ,2026-09-16,2026-09-22,International,Air India,2500.84,GBP,CONFIRMED
BKG102484,EMP00016,Mia Anderson,Sales,LONDON,Sydney,2026-09-25,2026-09-29,International,Singapore Airlines,3118.72,EUR,PENDING
BKG102485,EMP00316,Mia Anderson,Finance,Bengaluru,LONDON,2026-09-18,2026-09-29,Domestic,Lufthansa,1856.89,INR,PENDING
BKG102486,EMP00155,Arjun Nair,Engineering,dubai,PARIS,2026-09-14,2026-09-26,International,Delta,3741.55,USD,PENDING
BKG102487,EMP00105,Noah Williams,Marketing,San Francisco,PARIS,2026-09-21,2026-09-23,Domestic,United Airlines,292.36,USD,cancelled
BKG102488,EMP00309,Olivia Davis,Human Resources,tokyo,LONDON,2026-09-15,2026-09-16,Domestic,Singapore Airlines,314.52,INR,CONFIRMED
BKG102489,EMP00305,Sofia Martinez,Finance,dubai,LONDON,2026-10-02,2026-10-10,International,Qantas,3795.78,INR,CANCELLED
BKG102490,EMP00104,Aarav Sharma,Engineering, singapore ,LONDON,2026-09-18,2026-09-26,Domestic,Singapore Airlines,2690.82,USD,PENDING
BKG102491,EMP00250,Arjun Nair,Operations,PARIS,LONDON,2026-09-28,2026-10-05,Domestic,British Airways,3996.89,USD,PENDING
BKG102492,EMP00102,  ETHAN BROWN  ,Marketing,tokyo,LONDON,2026-09-19,2026-09-21,International,United Airlines,457.18,gbp,CONFIRMED
BKG102493,EMP00262,Lucas Silva,Sales, singapore ,dubai,2026-09-21,2026-09-24,International,Singapore Airlines,4148.23,EUR,CANCELLED
BKG102494,EMP00242,Olivia Davis,Operations,new york,San Francisco,2026-09-28,2026-10-11,Domestic,Qantas,3297.36,GBP,CANCELLED
BKG102495,EMP00056,Isabella Rossi,Finance,LONDON,PARIS,2026-09-24,2026-09-27,International,Emirates,3852.61,USD,CONFIRMED
BKG102496,EMP00067,Aarav Sharma,Marketing,LONDON,Bengaluru,2026-09-24,2026-09-28,International,United Airlines,1009.29,EUR,PENDING
BKG102497,EMP00310,Lucas Silva,Finance,new york,LONDON,2026-09-21,2026-10-05,International,United Airlines,2481.08,INR,CONFIRMED
BKG102498,EMP00026,Lucas Silva,Engineering,LONDON,dubai,2026-09-21,2026-10-05,International,United Airlines,2167.03,EUR,confirmed
BKG102499,EMP00109,Priya Patel,Marketing, singapore ,tokyo,2026-09-18,2026-09-22,International,Lufthansa,1501.10,GBP,PENDING
BKG102500,EMP00299,Sofia Martinez,Sales,PARIS,Sydney,2026-09-17,2026-09-18,Domestic,Delta,816.90,GBP,CANCELLED
BKG102501,EMP00226,  ETHAN BROWN  ,Operations,Toronto,Bengaluru,2026-09-24,2026-10-03,International,Air India,3016.64,GBP,CONFIRMED
BKG102502,EMP00017,Emma Johnson,Human Resources, singapore ,tokyo,2026-10-02,2026-10-11,International,Lufthansa,3850.83,GBP,PENDING
BKG102503,EMP00153,Noah Williams,Operations,PARIS,Sydney,2026-09-21,2026-09-23,International,British Airways,3086.86,USD,CONFIRMED
BKG102504,EMP00228,Lucas Silva,Finance,Bengaluru, singapore ,2026-09-29,2026-10-06,Domestic,Emirates,1982.03,EUR,PENDING
BKG102505,EMP00167,Mia Anderson,Marketing,LONDON,dubai,2026-09-13,2026-09-16,International,Delta,2400.94,usd,CONFIRMED
BKG102506,EMP00227,Lucas Silva,Engineering, singapore ,PARIS,2026-10-01,2026-10-05,Domestic,Emirates,1836.96,INR,CONFIRMED
BKG102507,EMP00252,Priya Patel,Sales, singapore ,Toronto,2026-10-01,2026-10-11,Domestic,British Airways,737.76,USD,PENDING
BKG102508,EMP00083,Priya Patel,Sales, singapore ,Sydney,2026-09-28,2026-10-06,Domestic,Lufthansa,2268.39,INR,CONFIRMED
BKG102509,EMP00349,Liam Chen,Finance,new york, singapore ,2026-09-17,2026-09-18,Domestic,Air India,3502.45,INR,confirmed
BKG102510,EMP00039,  EMMA JOHNSON  ,Finance,Toronto,San Francisco,2026-10-01,2026-10-07,International,Emirates,2509.91,GBP,PENDING
BKG102511,EMP00020,Noah Williams,Human Resources,PARIS,San Francisco,2026-09-23,2026-09-24,International,Delta,1116.76,GBP,PENDING
BKG102512,EMP00188,Ethan Brown,Finance,Bengaluru,dubai,2026-10-01,2026-10-14,Domestic,Qantas,4160.63,GBP,CONFIRMED
BKG102513,EMP00122,Olivia Davis,Sales,PARIS,tokyo,2026-09-26,2026-10-09,Domestic,Air India,2722.54,EUR,CANCELLED
BKG102514,EMP00187,Lucas Silva,Sales,Toronto,PARIS,2026-09-21,2026-10-04,Domestic,British Airways,1676.25,USD,CONFIRMED
BKG102515,EMP00284,Isabella Rossi,Finance,San Francisco,new york,2026-09-21,2026-09-29,Domestic,Air India,130.09,INR,CONFIRMED
BKG102516,EMP00307,Isabella Rossi,Finance,Bengaluru,LONDON,2026-09-20,2026-09-21,Domestic,Delta,4095.53,GBP,PENDING
BKG102517,EMP00293,Noah Williams,Marketing,tokyo, singapore ,2026-10-02,2026-10-15,Domestic,Emirates,2353.94,USD,PENDING
BKG102518,EMP00083,Noah Williams,Human Resources,LONDON, singapore ,2026-09-30,2026-10-09,Domestic,Air India,4177.16,eur,CANCELLED
BKG102519,EMP00074,  SOFIA MARTINEZ  ,Human Resources,LONDON,Sydney,2026-09-21,2026-09-25,International,Lufthansa,1918.56,INR,PENDING
BKG102520,EMP00096,Liam Chen,Sales, singapore ,dubai,2026-09-19,2026-10-01,Domestic,Singapore Airlines,954.29,EUR,confirmed
BKG102521,EMP00083,Aarav Sharma,Sales, singapore ,Toronto,2026-09-20,2026-09-24,International,Singapore Airlines,2392.30,EUR,CANCELLED
BKG102522,EMP00219,Priya Patel,Marketing,Sydney,new york,2026-09-28,2026-10-09,Domestic,British Airways,3336.51,INR,PENDING
BKG102523,EMP00230,Arjun Nair,Human Resources,Sydney,dubai,2026-09-22,2026-09-24,Domestic,Singapore Airlines,1182.76,INR,CONFIRMED
BKG102524,EMP00088,Mia Anderson,Engineering, singapore ,LONDON,2026-09-13,2026-09-22,International,United Airlines,3707.11,INR,CANCELLED
BKG102525,EMP00296,Noah Williams,Marketing,PARIS,dubai,2026-09-15,2026-09-16,International,Air India,2853.53,GBP,PENDING
BKG102526,EMP00213,Isabella Rossi,Sales,PARIS, singapore ,2026-09-28,2026-09-30,International,Delta,1283.23,GBP,CONFIRMED
BKG102527,EMP00276,Emma Johnson,Marketing,Bengaluru, singapore ,2026-09-22,2026-09-24,Domestic,Delta,2909.94,INR,PENDING
BKG102528,EMP00175,  ISABELLA ROSSI  ,Engineering,LONDON,tokyo,2026-09-24,2026-10-08,Domestic,Qantas,1457.36,USD,CANCELLED
BKG102529,EMP00335,Isabella Rossi,Marketing,tokyo,Sydney,2026-09-26,2026-10-09,Domestic,Lufthansa,1079.95,EUR,PENDING
BKG102530,EMP00144,Sofia Martinez,Marketing,Toronto,PARIS,2026-09-11,2026-09-21,Domestic,Air India,1599.59,EUR,PENDING
BKG102531,EMP00332,Mia Anderson,Sales,San Francisco,Bengaluru,2026-09-17,2026-10-01,Domestic,Air India,3491.90,inr,confirmed
BKG102532,EMP00022,Noah Williams,Operations,Toronto,Bengaluru,2026-09-18,2026-09-24,Domestic,British Airways,445.20,GBP,CONFIRMED
BKG102533,EMP00271,Sofia Martinez,Human Resources,PARIS,LONDON,2026-09-16,2026-09-28,Domestic,Lufthansa,2569.49,EUR,PENDING
BKG102534,EMP00258,Ethan Brown,Engineering,dubai, singapore ,2026-09-14,2026-09-20,International,Delta,1667.66,INR,CONFIRMED
BKG102535,EMP00291,Arjun Nair,Sales,dubai,Toronto,2026-09-18,2026-09-20,Domestic,Qantas,1107.08,EUR,PENDING
BKG102536,EMP00108,Noah Williams,Sales, singapore ,PARIS,2026-09-22,2026-10-01,International,United Airlines,2953.50,INR,CANCELLED
BKG102537,EMP00017,  OLIVIA DAVIS  ,Marketing, singapore ,Toronto,2026-09-18,2026-09-27,International,Singapore Airlines,2997.36,EUR,PENDING
BKG102538,EMP00286,Lucas Silva,Human Resources,Toronto,new york,2026-09-20,2026-09-29,Domestic,Singapore Airlines,2571.01,USD,CANCELLED
BKG102539,EMP00243,Liam Chen,Sales,LONDON,PARIS,2026-09-20,2026-09-24,International,United Airlines,417.88,GBP,PENDING
BKG102540,EMP00047,Noah Williams,Human Resources,Toronto,San Francisco,2026-09-28,2026-10-06,Domestic,Lufthansa,3986.58,EUR,CANCELLED
BKG102541,EMP00056,Isabella Rossi,Sales,PARIS,Bengaluru,2026-09-21,2026-09-27,International,Delta,2840.05,INR,CANCELLED
BKG102542,EMP00227,Ethan Brown,Human Resources,dubai,new york,2026-09-27,2026-10-11,Domestic,Lufthansa,2298.59,USD,pending
BKG102543,EMP00060,Ethan Brown,Marketing,Sydney,tokyo,2026-09-21,2026-09-26,Domestic,Qantas,576.92,GBP,PENDING
BKG102544,EMP00143,Isabella Rossi,Marketing,new york,tokyo,2026-09-19,2026-09-22,International,Delta,659.71,gbp,PENDING
BKG102545,EMP00344,Liam Chen,Marketing,Bengaluru, singapore ,2026-09-12,2026-09-13,International,British Airways,994.54,USD,CANCELLED
BKG102546,EMP00233,  PRIYA PATEL  ,Operations,Sydney,new york,2026-09-27,2026-10-03,Domestic,British Airways,1208.29,GBP,PENDING
BKG102547,EMP00200,Liam Chen,Operations,Bengaluru,dubai,2026-09-19,2026-09-28,International,British Airways,761.31,INR,PENDING
BKG102548,EMP00090,Lucas Silva,Marketing,tokyo,Sydney,2026-09-21,2026-09-23,Domestic,Delta,2232.47,INR,PENDING
BKG102549,EMP00256,Lucas Silva,Finance,Toronto,San Francisco,2026-09-16,2026-09-23,Domestic,Emirates,1752.39,INR,CANCELLED
BKG102550,EMP00193,Priya Patel,Engineering,new york,LONDON,2026-09-22,2026-09-25,Domestic,Air India,771.09,EUR,CANCELLED
BKG102551,EMP00219,Liam Chen,Operations,new york, singapore ,2026-09-20,2026-10-04,Domestic,Emirates,2783.66,USD,CONFIRMED
BKG102552,EMP00299,Priya Patel,Human Resources,dubai,San Francisco,2026-09-11,2026-09-16,Domestic,Singapore Airlines,1785.72,GBP,CANCELLED
BKG102553,EMP00087,Priya Patel,Finance,San Francisco,Toronto,2026-09-17,2026-10-01,International,Singapore Airlines,1825.20,EUR,confirmed
BKG102554,EMP00159,Priya Patel,Finance,tokyo,LONDON,2026-09-12,2026-09-19,International,Qantas,2807.14,EUR,CONFIRMED
BKG102555,EMP00281,  EMMA JOHNSON  ,Finance,new york,PARIS,2026-09-29,2026-10-12,Domestic,Qantas,1695.08,GBP,CONFIRMED
BKG102556,EMP00259,Arjun Nair,Engineering,new york,tokyo,2026-09-29,2026-10-10,International,Lufthansa,2353.51,INR,CANCELLED
BKG102557,EMP00226,Priya Patel,Finance,PARIS,new york,2026-09-26,2026-09-30,International,Delta,2758.97,eur,CONFIRMED
BKG102558,EMP00111,Sofia Martinez,Sales,Bengaluru,new york,2026-09-20,2026-09-24,International,British Airways,2121.96,EUR,CANCELLED
BKG102559,EMP00087,Olivia Davis,Marketing,Sydney,San Francisco,2026-09-26,2026-10-10,Domestic,British Airways,2916.63,EUR,CONFIRMED
BKG102560,EMP00327,Priya Patel,Marketing,LONDON, singapore ,2026-09-24,2026-09-30,International,Delta,457.10,INR,PENDING
BKG102561,EMP00143,Ethan Brown,Sales,Sydney,San Francisco,2026-09-25,2026-10-09,International,Qantas,229.88,INR,CANCELLED
BKG102562,EMP00083,Olivia Davis,Marketing,Bengaluru, singapore ,2026-09-12,2026-09-23,International,Qantas,1153.59,USD,CONFIRMED
BKG102563,EMP00280,Olivia Davis,Engineering,new york,LONDON,2026-09-29,2026-10-08,International,Air India,4109.96,GBP,CONFIRMED
BKG102564,EMP00261,  PRIYA PATEL  ,Engineering,Sydney,tokyo,2026-09-21,2026-09-22,International,Lufthansa,3256.48,EUR,cancelled
BKG102565,EMP00067,Isabella Rossi,Finance,Toronto,dubai,2026-09-19,2026-09-26,International,Singapore Airlines,2871.26,USD,PENDING
BKG102566,EMP00181,Liam Chen,Finance,PARIS,Toronto,2026-09-24,2026-10-08,International,Qantas,2320.89,INR,CONFIRMED
BKG102567,EMP00193,Lucas Silva,Finance,dubai, singapore ,2026-09-28,2026-10-11,Domestic,Air India,143.38,GBP,CANCELLED
BKG102568,EMP00211,Priya Patel,Sales,dubai, singapore ,2026-10-01,2026-10-07,Domestic,British Airways,3975.46,EUR,CANCELLED
BKG102569,EMP00182,Ethan Brown,Operations,San Francisco,new york,2026-09-29,2026-10-04,Domestic,Lufthansa,3583.52,GBP,CANCELLED
BKG102570,EMP00085,Priya Patel,Operations,Bengaluru,new york,2026-09-14,2026-09-22,International,Qantas,1586.72,inr,PENDING
BKG102571,EMP00158,Lucas Silva,Operations,Sydney,San Francisco,2026-09-26,2026-10-01,International,Delta,1594.27,USD,CANCELLED
BKG102572,EMP00163,Priya Patel,Operations,LONDON,Bengaluru,2026-09-18,2026-10-01,Domestic,British Airways,1510.42,INR,PENDING
BKG102573,EMP00048,  OLIVIA DAVIS  ,Operations,LONDON,Toronto,2026-09-25,2026-10-05,International,Delta,628.20,EUR,PENDING
BKG102574,EMP00312,Lucas Silva,Engineering,new york,LONDON,2026-09-23,2026-10-03,International,Lufthansa,918.72,EUR,CANCELLED
BKG102575,EMP00227,Lucas Silva,Finance,LONDON,Bengaluru,2026-09-14,2026-09-15,International,Singapore Airlines,1414.55,GBP,cancelled
BKG102576,EMP00056,Mia Anderson,Operations,San Francisco,LONDON,2026-09-23,2026-09-24,International,Emirates,3703.77,USD,CONFIRMED
BKG102577,EMP00127,Emma Johnson,Human Resources, singapore ,Toronto,2026-09-21,2026-09-26,International,Emirates,2376.23,EUR,PENDING
BKG102578,EMP00274,Lucas Silva,Marketing,PARIS,new york,2026-09-20,2026-09-29,Domestic,Singapore Airlines,574.82,USD,PENDING
BKG102579,EMP00337,Arjun Nair,Finance,Toronto,Sydney,2026-09-23,2026-10-02,Domestic,United Airlines,348.06,INR,PENDING
BKG102580,EMP00128,Priya Patel,Operations,San Francisco,LONDON,2026-09-13,2026-09-15,International,British Airways,1172.82,USD,CONFIRMED
BKG102581,EMP00220,Mia Anderson,Finance,LONDON,dubai,2026-09-14,2026-09-15,International,Qantas,2433.68,EUR,CANCELLED
BKG102582,EMP00021,  ISABELLA ROSSI  ,Engineering,new york,PARIS,2026-09-25,2026-09-27,International,United Airlines,1906.20,EUR,CONFIRMED
BKG102583,EMP00287,Priya Patel,Sales,LONDON,PARIS,2026-10-01,2026-10-13,International,Lufthansa,1485.31,gbp,PENDING
BKG102584,EMP00075,Lucas Silva,Sales,Toronto,San Francisco,2026-09-22,2026-10-04,International,United Airlines,2170.07,INR,CONFIRMED
BKG102585,EMP00161,Arjun Nair,Finance,San Francisco, singapore ,2026-09-15,2026-09-28,International,Singapore Airlines,3942.05,EUR,CANCELLED
BKG102586,EMP00250,Sofia Martinez,Engineering,tokyo, singapore ,2026-10-02,2026-10-12,Domestic,United Airlines,2082.37,USD,cancelled
BKG102587,EMP00028,Olivia Davis,Human Resources,new york,Sydney,2026-09-16,2026-09-17,International,Lufthansa,2207.82,EUR,PENDING
BKG102588,EMP00210,Sofia Martinez,Finance,new york,PARIS,2026-09-18,2026-10-02,International,British Airways,1934.55,GBP,CANCELLED
BKG102589,EMP00194,Liam Chen,Engineering,San Francisco,LONDON,2026-09-16,2026-09-22,Domestic,British Airways,1339.34,USD,PENDING
BKG102590,EMP00227,Ethan Brown,Finance,PARIS,Sydney,2026-09-15,2026-09-29,International,Delta,1610.64,EUR,CONFIRMED
BKG102591,EMP00288,  AARAV SHARMA  ,Engineering,Bengaluru,new york,2026-09-21,2026-09-22,Domestic,Qantas,1339.19,GBP,CONFIRMED
BKG102592,EMP00162,Isabella Rossi,Engineering,dubai,San Francisco,2026-09-11,2026-09-24,International,Lufthansa,1075.11,GBP,CANCELLED
BKG102593,EMP00019,Sofia Martinez,Sales,Bengaluru,dubai,2026-09-14,2026-09-19,International,Delta,3764.77,EUR,PENDING
BKG102594,EMP00174,Isabella Rossi,Sales,LONDON,dubai,2026-10-01,2026-10-09,Domestic,British Airways,4006.60,EUR,CONFIRMED
BKG102595,EMP00102,Arjun Nair,Engineering,new york,Sydney,2026-09-16,2026-09-17,Domestic,Qantas,304.41,GBP,PENDING
BKG102596,EMP00286,Emma Johnson,Sales,Toronto,PARIS,2026-09-22,2026-09-26,Domestic,Air India,3480.03,gbp,CONFIRMED
BKG102597,EMP00314,Aarav Sharma,Operations,Toronto,new york,2026-09-12,2026-09-17,International,Qantas,1590.02,USD,cancelled
BKG102598,EMP00045,Olivia Davis,Sales,LONDON, singapore ,2026-10-01,2026-10-14,Domestic,British Airways,1734.42,INR,CONFIRMED
BKG102599,EMP00317,Olivia Davis,Operations,Bengaluru,San Francisco,2026-09-25,2026-09-27,International,Singapore Airlines,2481.67,INR,PENDING
BKG102600,EMP00021,  ISABELLA ROSSI  ,Marketing,Sydney,San Francisco,2026-09-24,2026-10-05,Domestic,Emirates,2571.88,INR,CANCELLED
BKG102601,EMP00315,Lucas Silva,Engineering,tokyo,LONDON,2026-09-11,2026-09-25,International,Emirates,3112.63,GBP,CANCELLED
BKG102602,EMP00277,Liam Chen,Finance,tokyo,Toronto,2026-09-27,2026-10-01,International,Delta,3306.74,USD,CANCELLED
BKG102603,EMP00118,Arjun Nair,Finance, singapore ,Toronto,2026-10-02,2026-10-10,International,Singapore Airlines,3411.13,INR,PENDING
BKG102604,EMP00018,Emma Johnson,Engineering,tokyo, singapore ,2026-09-24,2026-09-26,Domestic,Air India,1546.93,INR,PENDING
BKG102605,EMP00082,Ethan Brown,Operations,dubai,PARIS,2026-09-19,2026-09-28,International,Singapore Airlines,1504.62,INR,PENDING
BKG102606,EMP00009,Lucas Silva,Human Resources,Bengaluru,Sydney,2026-09-18,2026-09-21,Domestic,Qantas,3423.09,USD,PENDING
BKG102607,EMP00225,Lucas Silva,Human Resources,new york,tokyo,2026-09-11,2026-09-24,International,Lufthansa,3177.90,INR,CONFIRMED
BKG102608,EMP00128,Liam Chen,Engineering,PARIS,San Francisco,2026-09-28,2026-10-10,International,Delta,3381.82,USD,confirmed
BKG102609,EMP00196,  PRIYA PATEL  ,Operations,LONDON,Toronto,2026-09-21,2026-10-02,Domestic,Air India,3317.13,inr,CONFIRMED
BKG102610,EMP00213,Arjun Nair,Operations,Toronto,PARIS,2026-09-15,2026-09-23,Domestic,United Airlines,3073.17,INR,CANCELLED
BKG102611,EMP00091,Sofia Martinez,Engineering,new york,tokyo,2026-09-18,2026-09-28,International,Delta,1363.27,INR,PENDING
BKG102612,EMP00207,Emma Johnson,Engineering,San Francisco,Toronto,2026-09-22,2026-10-01,International,United Airlines,3960.59,USD,CANCELLED
BKG102613,EMP00041,Arjun Nair,Engineering,tokyo,dubai,2026-09-27,2026-10-05,International,Lufthansa,155.01,USD,CANCELLED
BKG102614,EMP00256,Mia Anderson,Marketing,Bengaluru, singapore ,2026-09-21,2026-09-28,Domestic,Qantas,3564.91,USD,CANCELLED
BKG102615,EMP00040,Priya Patel,Operations,San Francisco,Toronto,2026-09-27,2026-10-07,Domestic,Air India,2090.37,USD,CONFIRMED
BKG102616,EMP00119,Priya Patel,Human Resources,new york,San Francisco,2026-09-28,2026-09-30,International,Emirates,3167.87,USD,CONFIRMED
BKG102617,EMP00218,Emma Johnson,Marketing,Sydney,San Francisco,2026-09-12,2026-09-25,International,Emirates,1772.00,EUR,CANCELLED
BKG102618,EMP00074,  AARAV SHARMA  ,Marketing,Sydney,Toronto,2026-09-15,2026-09-28,Domestic,Lufthansa,2831.78,USD,CONFIRMED
BKG102619,EMP00166,Sofia Martinez,Operations, singapore ,Toronto,2026-09-16,2026-09-21,Domestic,Lufthansa,1782.06,USD,cancelled
BKG102620,EMP00175,Arjun Nair,Engineering,Bengaluru,new york,2026-09-11,2026-09-13,International,United Airlines,2993.97,GBP,CANCELLED
BKG102621,EMP00001,Isabella Rossi,Marketing,dubai, singapore ,2026-09-21,2026-09-24,Domestic,British Airways,796.35,INR,PENDING
BKG102622,EMP00200,Liam Chen,Marketing, singapore ,Bengaluru,2026-09-14,2026-09-27,International,Emirates,1846.47,usd,PENDING
BKG102623,EMP00179,Aarav Sharma,Engineering,San Francisco,Bengaluru,2026-09-26,2026-10-06,Domestic,United Airlines,2632.07,USD,PENDING
BKG102624,EMP00160,Emma Johnson,Human Resources,San Francisco,tokyo,2026-09-11,2026-09-25,International,Emirates,3535.41,INR,CANCELLED
BKG102625,EMP00192,Ethan Brown,Engineering,Sydney,tokyo,2026-09-28,2026-10-07,International,British Airways,1621.97,EUR,PENDING
BKG102626,EMP00024,Emma Johnson,Marketing, singapore ,PARIS,2026-09-17,2026-09-23,Domestic,Lufthansa,4195.17,USD,PENDING
BKG102627,EMP00228,  PRIYA PATEL  ,Finance,tokyo,Bengaluru,2026-09-26,2026-10-02,International,Singapore Airlines,1351.87,EUR,PENDING
BKG102628,EMP00316,Aarav Sharma,Sales,LONDON,tokyo,2026-09-15,2026-09-22,International,Emirates,3444.86,EUR,CONFIRMED
BKG102629,EMP00234,Aarav Sharma,Engineering,San Francisco,LONDON,2026-09-13,2026-09-14,Domestic,British Airways,1543.55,GBP,PENDING
BKG102630,EMP00202,Lucas Silva,Operations,tokyo, singapore ,2026-09-29,2026-10-09,Domestic,British Airways,1023.48,GBP,confirmed
BKG102631,EMP00147,Noah Williams,Sales,tokyo, singapore ,2026-09-17,2026-09-20,International,Qantas,844.88,GBP,CANCELLED
BKG102632,EMP00070,Aarav Sharma,Finance,PARIS,tokyo,2026-09-13,2026-09-20,International,Air India,2394.20,GBP,PENDING
BKG102633,EMP00265,Isabella Rossi,Sales,dubai,Sydney,2026-10-01,2026-10-06,Domestic,Qantas,1789.53,INR,CONFIRMED
BKG102634,EMP00240,Mia Anderson,Marketing,Sydney,LONDON,2026-09-30,2026-10-08,International,Singapore Airlines,612.63,GBP,CANCELLED
BKG102635,EMP00107,Mia Anderson,Operations,tokyo,San Francisco,2026-09-22,2026-10-01,Domestic,United Airlines,582.11,gbp,CANCELLED
BKG102636,EMP00133,  AARAV SHARMA  ,Operations,dubai,PARIS,2026-09-29,2026-10-04,Domestic,Air India,2028.59,INR,CANCELLED
BKG102637,EMP00118,Olivia Davis,Marketing,San Francisco,tokyo,2026-09-30,2026-10-09,Domestic,Singapore Airlines,195.61,USD,CANCELLED
BKG102638,EMP00307,Sofia Martinez,Marketing,Sydney,dubai,2026-09-23,2026-09-29,International,Air India,1498.33,EUR,CONFIRMED
BKG102639,EMP00065,Emma Johnson,Operations,new york,LONDON,2026-09-14,2026-09-26,International,British Airways,1662.90,EUR,CANCELLED
BKG102640,EMP00088,Aarav Sharma,Marketing,Sydney,LONDON,2026-09-15,2026-09-26,International,Air India,1168.85,INR,CANCELLED
BKG102641,EMP00140,Emma Johnson,Marketing,dubai,Toronto,2026-09-22,2026-10-05,International,British Airways,3813.03,EUR,pending
BKG102642,EMP00307,Aarav Sharma,Sales,new york,PARIS,2026-09-14,2026-09-16,International,Air India,3342.61,EUR,CONFIRMED
BKG102643,EMP00137,Aarav Sharma,Human Resources, singapore ,dubai,2026-09-25,2026-09-28,Domestic,British Airways,2234.37,EUR,CANCELLED
BKG102644,EMP00024,Priya Patel,Human Resources,Toronto, singapore ,2026-09-29,2026-10-03,Domestic,Qantas,205.40,INR,PENDING
BKG102645,EMP00122,  NOAH WILLIAMS  ,Finance,dubai, singapore ,2026-09-25,2026-10-08,Domestic,Delta,1572.99,EUR,CONFIRMED
BKG102646,EMP00142,Isabella Rossi,Human Resources,San Francisco,new york,2026-09-22,2026-09-27,Domestic,Emirates,1903.12,USD,CONFIRMED
BKG102647,EMP00017,Noah Williams,Marketing,Bengaluru, singapore ,2026-09-17,2026-10-01,Domestic,Air India,573.33,INR,PENDING
BKG102648,EMP00016,Mia Anderson,Marketing, singapore ,new york,2026-09-18,2026-09-22,International,Emirates,1234.97,gbp,CANCELLED
BKG102649,EMP00304,Arjun Nair,Finance,LONDON, singapore ,2026-09-18,2026-09-22,Domestic,Delta,477.85,EUR,CANCELLED
BKG102650,EMP00152,Sofia Martinez,Finance,San Francisco,LONDON,2026-09-19,2026-09-23,International,British Airways,3968.67,USD,CONFIRMED
BKG102651,EMP00133,Aarav Sharma,Engineering,Bengaluru,tokyo,2026-09-30,2026-10-06,International,Singapore Airlines,3962.29,EUR,PENDING
BKG102652,EMP00108,Ethan Brown,Human Resources,San Francisco,new york,2026-09-14,2026-09-28,International,Air India,3091.31,INR,cancelled
BKG102653,EMP00345,Sofia Martinez,Finance,dubai,new york,2026-10-02,2026-10-13,Domestic,Air India,2908.42,GBP,CONFIRMED
BKG102654,EMP00022,  LUCAS SILVA  ,Marketing,new york,tokyo,2026-09-15,2026-09-29,International,Emirates,1534.88,GBP,CONFIRMED
BKG102655,EMP00130,Priya Patel,Human Resources,Bengaluru,tokyo,2026-09-20,2026-09-29,International,Singapore Airlines,2130.04,INR,CONFIRMED
BKG102656,EMP00275,Olivia Davis,Human Resources,San Francisco, singapore ,2026-09-25,2026-10-09,Domestic,Emirates,3293.16,INR,CANCELLED
BKG102657,EMP00221,Noah Williams,Operations,LONDON,dubai,2026-09-23,2026-09-26,International,British Airways,2617.74,EUR,PENDING
BKG102658,EMP00056,Aarav Sharma,Marketing,LONDON, singapore ,2026-09-26,2026-10-07,International,British Airways,3274.23,USD,PENDING
BKG102659,EMP00089,Olivia Davis,Human Resources,dubai,Bengaluru,2026-09-28,2026-10-05,International,Air India,2345.26,INR,CONFIRMED
BKG102660,EMP00025,Lucas Silva,Human Resources,PARIS,tokyo,2026-09-23,2026-09-29,International,Delta,2169.56,EUR,PENDING
BKG102661,EMP00112,Priya Patel,Sales,PARIS,new york,2026-09-16,2026-09-27,Domestic,Emirates,2602.78,inr,CONFIRMED
BKG102662,EMP00074,Noah Williams,Operations,new york,Sydney,2026-10-01,2026-10-04,International,British Airways,630.11,GBP,CONFIRMED
BKG102663,EMP00020,  LIAM CHEN  ,Engineering,Bengaluru,Sydney,2026-10-02,2026-10-16,International,British Airways,980.75,USD,confirmed
BKG102664,EMP00047,Noah Williams,Sales,new york,tokyo,2026-09-13,2026-09-24,International,Qantas,189.69,EUR,CONFIRMED
BKG102665,EMP00192,Olivia Davis,Operations,San Francisco,new york,2026-09-28,2026-10-06,International,Qantas,3698.31,EUR,PENDING
BKG102666,EMP00174,Ethan Brown,Engineering,Bengaluru,LONDON,2026-09-20,2026-10-02,Domestic,Air India,2680.59,INR,CANCELLED
BKG102667,EMP00105,Ethan Brown,Marketing,tokyo,dubai,2026-10-01,2026-10-08,Domestic,Air India,1298.21,USD,CANCELLED
BKG102668,EMP00124,Sofia Martinez,Engineering,San Francisco,PARIS,2026-10-01,2026-10-05,Domestic,Qantas,4162.89,GBP,CONFIRMED
BKG102669,EMP00296,Noah Williams,Finance,new york,PARIS,2026-09-20,2026-10-03,International,United Airlines,1779.83,USD,PENDING
BKG102670,EMP00255,Noah Williams,Marketing,LONDON,dubai,2026-10-02,2026-10-14,International,Qantas,3830.33,USD,PENDING
BKG102671,EMP00051,Lucas Silva,Sales,Bengaluru,Sydney,2026-10-02,2026-10-05,International,Qantas,753.59,EUR,CANCELLED
BKG102672,EMP00339,  LUCAS SILVA  ,Engineering,PARIS,Toronto,2026-09-23,2026-10-07,Domestic,Lufthansa,2037.30,USD,CONFIRMED
BKG102673,EMP00275,Mia Anderson,Human Resources,San Francisco,Bengaluru,2026-09-24,2026-09-30,International,Emirates,1417.10,EUR,PENDING
BKG102674,EMP00196,Arjun Nair,Marketing,PARIS,Toronto,2026-09-27,2026-09-29,Domestic,Delta,388.42,inr,confirmed
BKG102675,EMP00024,Noah Williams,Operations,San Francisco,Sydney,2026-09-12,2026-09-23,International,Qantas,2992.86,GBP,CANCELLED
BKG102676,EMP00336,Isabella Rossi,Finance,San Francisco,tokyo,2026-09-29,2026-10-01,International,Air India,3536.13,INR,CONFIRMED
BKG102677,EMP00227,Aarav Sharma,Engineering, singapore ,LONDON,2026-10-01,2026-10-12,Domestic,British Airways,3352.14,USD,CANCELLED
BKG102678,EMP00161,Ethan Brown,Finance,PARIS,new york,2026-09-13,2026-09-19,International,Qantas,1919.59,GBP,CANCELLED
BKG102679,EMP00033,Arjun Nair,Human Resources,Bengaluru,tokyo,2026-09-27,2026-10-09,International,Singapore Airlines,646.36,USD,CONFIRMED
BKG102680,EMP00192,Aarav Sharma,Human Resources,PARIS,San Francisco,2026-09-27,2026-10-06,International,Qantas,993.43,EUR,CONFIRMED
BKG102681,EMP00309,  OLIVIA DAVIS  ,Engineering,tokyo,Bengaluru,2026-09-26,2026-09-27,International,Emirates,2096.41,USD,CANCELLED
BKG102682,EMP00276,Isabella Rossi,Marketing, singapore ,dubai,2026-09-27,2026-10-11,International,Emirates,244.24,INR,CANCELLED
BKG102683,EMP00236,Liam Chen,Sales,tokyo,San Francisco,2026-09-16,2026-09-25,International,United Airlines,394.85,USD,PENDING
BKG102684,EMP00107,Priya Patel,Finance,Toronto,Bengaluru,2026-09-17,2026-09-27,International,Emirates,2043.20,GBP,CONFIRMED
BKG102685,EMP00248,Isabella Rossi,Human Resources,Sydney,PARIS,2026-09-28,2026-10-05,Domestic,Lufthansa,3186.26,GBP,confirmed
BKG102686,EMP00034,Noah Williams,Sales,LONDON,dubai,2026-09-29,2026-10-09,Domestic,Air India,3425.09,GBP,CANCELLED
BKG102687,EMP00209,Aarav Sharma,Finance,dubai,Toronto,2026-09-26,2026-10-05,International,Singapore Airlines,2403.93,eur,PENDING
BKG102688,EMP00233,Mia Anderson,Sales,new york,tokyo,2026-09-30,2026-10-09,Domestic,Qantas,1668.73,USD,PENDING
BKG102689,EMP00224,Ethan Brown,Operations,Sydney,dubai,2026-09-25,2026-10-09,International,United Airlines,4113.12,EUR,CONFIRMED
BKG102690,EMP00063,  ISABELLA ROSSI  ,Marketing,dubai,new york,2026-09-30,2026-10-07,Domestic,United Airlines,312.92,INR,PENDING
BKG102691,EMP00286,Mia Anderson,Sales,PARIS,tokyo,2026-09-15,2026-09-18,Domestic,Singapore Airlines,2313.48,EUR,CANCELLED
BKG102692,EMP00008,Lucas Silva,Sales,Bengaluru,tokyo,2026-09-18,2026-09-25,Domestic,Emirates,1009.66,INR,CONFIRMED
BKG102693,EMP00316,Priya Patel,Sales,Toronto, singapore ,2026-09-25,2026-10-04,Domestic,Qantas,3710.71,INR,CANCELLED
BKG102694,EMP00098,Noah Williams,Sales,Toronto,dubai,2026-09-27,2026-09-28,International,Qantas,2559.42,EUR,CANCELLED
BKG102695,EMP00135,Isabella Rossi,Sales, singapore ,new york,2026-09-27,2026-10-09,Domestic,Qantas,2445.39,INR,CANCELLED
BKG102696,EMP00318,Isabella Rossi,Finance,Bengaluru,Toronto,2026-09-26,2026-09-28,International,United Airlines,3088.79,USD,cancelled
BKG102697,EMP00235,Priya Patel,Sales,Sydney,Toronto,2026-09-30,2026-10-09,International,Lufthansa,1726.34,EUR,PENDING
BKG102698,EMP00273,Lucas Silva,Finance,LONDON,tokyo,2026-09-20,2026-09-25,International,Air India,595.29,USD,CANCELLED
BKG102699,EMP00108,  OLIVIA DAVIS  ,Marketing,Bengaluru,tokyo,2026-09-25,2026-10-02,International,British Airways,660.36,INR,CANCELLED
BKG102700,EMP00312,Sofia Martinez,Engineering,LONDON,dubai,2026-09-19,2026-09-28,International,British Airways,3937.59,eur,CONFIRMED
BKG102701,EMP00288,Ethan Brown,Sales,San Francisco,new york,2026-09-23,2026-09-21,International,Delta,1943.45,INR,CANCELLED
BKG102702,EMP00236,Isabella Rossi,Finance,Bengaluru,San Francisco,2026-09-27,2026-09-25,International,British Airways,3662.69,GBP,CONFIRMED
BKG102703,EMP00180,Lucas Silva,Marketing,Bengaluru,PARIS,2026-99-42,2026-09-19,Domestic,Singapore Airlines,893.00,USD,PENDING
BKG102704,EMP00254,Arjun Nair,Sales,Bengaluru,San Francisco,2026-99-42,2026-09-29,International,Lufthansa,4025.77,GBP,CANCELLED
BKG102705,EMP00282,Priya Patel,Operations,new york,PARIS,2026-09-22,2026-10-05,Domestic,Lufthansa,1638.65,EUR,APPROVED
BKG102706,EMP00317,Aarav Sharma,Operations,PARIS,tokyo,2026-09-23,2026-10-02,Domestic,British Airways,585.06,INR,APPROVED
BKG102707,EMP00117,Arjun Nair,Operations,Sydney,Bengaluru,2026-09-11,2026-09-20,Domestic,United Airlines,-50.00,INR,confirmed
BKG102708,EMP00051,  EMMA JOHNSON  ,Sales,Bengaluru,tokyo,2026-09-16,2026-09-19,International,British Airways,-50.00,INR,CANCELLED
BKG102709,EMP00173,   ,Marketing,San Francisco,Sydney,2026-09-29,2026-10-04,International,Delta,3314.82,EUR,CANCELLED
BKG102710,EMP00127,   ,Operations,LONDON,PARIS,2026-09-17,2026-09-19,Domestic,Air India,312.77,USD,PENDING
BKG102711,,Noah Williams,Engineering,Bengaluru, singapore ,2026-09-14,2026-09-27,Domestic,British Airways,168.72,USD,PENDING
BKG102712,,Noah Williams,Finance,Toronto,dubai,2026-09-19,2026-09-29,International,Emirates,2820.49,EUR,PENDING
BKG100013,EMP00078,Emma Johnson,Finance, singapore ,dubai,2026-09-20,2026-10-01,International,Singapore Airlines,412.57,eur,PENDING
BKG100014,EMP00282,Noah Williams,Operations,Bengaluru,San Francisco,2026-09-17,2026-09-21,Domestic,Lufthansa,3384.89,EUR,CANCELLED
BKG102715,EMP00062,Ethan Brown,Engineering,new york, singapore ,2026-09-28,2026-10-09,Domestic,Qantas,1223.93,USD,PENDING
BKG102716,EMP00321,Lucas Silva,Engineering, singapore ,PARIS,2026-09-16,2026-09-25,International,United Airlines,1325.41,USD,CANCELLED
BKG102717,EMP00248,  NOAH WILLIAMS  ,Marketing,PARIS, singapore ,2026-09-23,2026-09-26,International,Qantas,784.43,GBP,CONFIRMED
BKG102718,EMP00109,Olivia Davis,Finance, singapore ,dubai,2026-09-19,2026-09-30,International,Singapore Airlines,3006.36,INR,pending
BKG102719,EMP00071,Aarav Sharma,Finance,San Francisco,Toronto,2026-09-16,2026-09-18,International,Delta,1523.58,INR,CANCELLED
BKG102720,EMP00261,Arjun Nair,Finance,Sydney,San Francisco,2026-09-29,2026-10-11,International,United Airlines,3594.10,EUR,CANCELLED
BKG102721,EMP00107,Lucas Silva,Operations,Sydney,PARIS,2026-09-30,2026-10-11,International,Singapore Airlines,2561.70,INR,CANCELLED
BKG102722,EMP00187,Isabella Rossi,Human Resources, singapore ,Bengaluru,2026-09-19,2026-09-27,International,British Airways,720.28,GBP,CANCELLED
BKG102723,EMP00070,Sofia Martinez,Operations,tokyo,PARIS,2026-09-21,2026-10-05,International,Singapore Airlines,3992.10,INR,CANCELLED
BKG102724,EMP00281,Priya Patel,Engineering,dubai,Bengaluru,2026-09-21,2026-09-28,International,Delta,1047.69,INR,CONFIRMED
BKG102725,EMP00101,Ethan Brown,Marketing, singapore ,PARIS,2026-09-12,2026-09-23,Domestic,Air India,803.09,GBP,CANCELLED
BKG102726,EMP00090,  EMMA JOHNSON  ,Operations,LONDON,Sydney,2026-09-14,2026-09-18,International,Singapore Airlines,3770.90,gbp,PENDING
BKG102727,EMP00168,Olivia Davis,Finance,PARIS,Sydney,2026-09-27,2026-10-06,Domestic,Lufthansa,3813.92,GBP,CANCELLED
BKG102728,EMP00044,Sofia Martinez,Human Resources,PARIS,Toronto,2026-09-20,2026-09-26,International,United Airlines,3803.93,USD,CONFIRMED
BKG102729,EMP00155,Ethan Brown,Sales,Bengaluru,tokyo,2026-09-28,2026-09-30,International,Air India,715.36,USD,cancelled
BKG102730,EMP00179,Sofia Martinez,Sales,San Francisco,Sydney,2026-09-15,2026-09-18,International,Qantas,3023.20,USD,CONFIRMED
BKG102731,EMP00067,Sofia Martinez,Human Resources,tokyo,San Francisco,2026-09-17,2026-09-25,International,Delta,3365.29,INR,PENDING
BKG102732,EMP00319,Liam Chen,Human Resources,LONDON,San Francisco,2026-09-27,2026-10-04,Domestic,Singapore Airlines,1016.03,GBP,CONFIRMED
BKG102733,EMP00307,Arjun Nair,Finance,dubai,tokyo,2026-09-27,2026-09-28,Domestic,Singapore Airlines,3749.64,GBP,CANCELLED
BKG102734,EMP00153,Liam Chen,Human Resources,Bengaluru,LONDON,2026-10-01,2026-10-15,International,Air India,3591.15,INR,CANCELLED
BKG102735,EMP00194,  NOAH WILLIAMS  ,Engineering,Bengaluru,Sydney,2026-09-21,2026-09-30,International,Air India,1081.01,GBP,CANCELLED
BKG102736,EMP00316,Sofia Martinez,Engineering,San Francisco,dubai,2026-09-13,2026-09-22,Domestic,British Airways,1000.94,INR,CONFIRMED
BKG102737,EMP00065,Aarav Sharma,Operations,Sydney,LONDON,2026-09-14,2026-09-21,International,Singapore Airlines,1471.37,USD,CONFIRMED
BKG102738,EMP00320,Priya Patel,Sales,PARIS,LONDON,2026-09-25,2026-10-08,Domestic,Singapore Airlines,2005.03,USD,CANCELLED
BKG102739,EMP00324,Sofia Martinez,Marketing,Bengaluru,San Francisco,2026-09-16,2026-09-21,Domestic,Delta,4132.51,eur,CANCELLED
BKG102740,EMP00033,Emma Johnson,Finance,new york,LONDON,2026-10-02,2026-10-08,International,Qantas,1291.60,EUR,cancelled
BKG102741,EMP00069,Olivia Davis,Human Resources, singapore ,LONDON,2026-09-23,2026-09-28,International,Emirates,603.04,INR,CONFIRMED
BKG102742,EMP00303,Isabella Rossi,Operations,Toronto,Sydney,2026-09-21,2026-09-28,International,United Airlines,1054.85,EUR,CANCELLED
BKG102743,EMP00027,Ethan Brown,Marketing, singapore ,Bengaluru,2026-09-14,2026-09-23,International,Delta,606.22,INR,PENDING
BKG102744,EMP00246,  AARAV SHARMA  ,Sales, singapore ,tokyo,2026-09-12,2026-09-20,Domestic,United Airlines,3389.08,EUR,PENDING
BKG102745,EMP00290,Arjun Nair,Sales,dubai,San Francisco,2026-09-17,2026-09-18,International,Air India,3232.51,INR,CANCELLED
BKG102746,EMP00288,Ethan Brown,Human Resources, singapore ,San Francisco,2026-09-15,2026-09-21,Domestic,Emirates,2858.24,GBP,CONFIRMED
BKG102747,EMP00195,Emma Johnson,Operations,PARIS, singapore ,2026-09-24,2026-10-03,International,United Airlines,3030.35,EUR,PENDING
BKG102748,EMP00008,Aarav Sharma,Operations, singapore ,dubai,2026-10-02,2026-10-11,Domestic,Qantas,4118.20,GBP,CONFIRMED
BKG102749,EMP00347,Mia Anderson,Human Resources,Sydney,dubai,2026-09-22,2026-10-04,International,United Airlines,779.86,GBP,PENDING
BKG102750,EMP00007,Lucas Silva,Sales,Sydney, singapore ,2026-09-26,2026-10-04,Domestic,Singapore Airlines,565.02,GBP,CANCELLED
BKG102751,EMP00170,Noah Williams,Sales,Bengaluru,tokyo,2026-09-21,2026-09-23,International,Qantas,2229.39,GBP,pending
BKG102752,EMP00256,Liam Chen,Marketing,Bengaluru,LONDON,2026-09-25,2026-10-07,International,Qantas,2070.44,gbp,PENDING
BKG102753,EMP00345,  PRIYA PATEL  ,Marketing,Sydney,LONDON,2026-09-21,2026-09-29,Domestic,United Airlines,1537.63,EUR,CONFIRMED
BKG102754,EMP00090,Lucas Silva,Sales,LONDON,dubai,2026-09-19,2026-10-03,Domestic,United Airlines,2148.89,INR,CANCELLED
BKG102755,EMP00313,Liam Chen,Engineering,Bengaluru,PARIS,2026-09-22,2026-09-23,International,Singapore Airlines,1776.17,USD,CONFIRMED
BKG102756,EMP00072,Sofia Martinez,Sales, singapore ,dubai,2026-10-01,2026-10-08,International,Lufthansa,3800.04,USD,CONFIRMED
BKG102757,EMP00291,Isabella Rossi,Sales,San Francisco,Sydney,2026-09-12,2026-09-23,International,Air India,3552.95,GBP,CONFIRMED
BKG102758,EMP00125,Isabella Rossi,Finance,new york,LONDON,2026-09-22,2026-09-25,International,British Airways,146.89,USD,CANCELLED
BKG102759,EMP00010,Isabella Rossi,Marketing,PARIS,San Francisco,2026-09-25,2026-10-05,International,British Airways,1765.03,GBP,PENDING
BKG102760,EMP00313,Aarav Sharma,Operations,PARIS,LONDON,2026-09-19,2026-10-02,International,Air India,1816.19,GBP,CANCELLED
BKG102761,EMP00309,Priya Patel,Marketing,new york,LONDON,2026-09-28,2026-10-04,Domestic,Singapore Airlines,451.33,INR,PENDING
BKG102762,EMP00137,  SOFIA MARTINEZ  ,Marketing, singapore ,new york,2026-09-13,2026-09-22,International,British Airways,3058.30,USD,confirmed
BKG102763,EMP00253,Isabella Rossi,Marketing,tokyo,PARIS,2026-10-02,2026-10-11,Domestic,Lufthansa,360.11,INR,CANCELLED
BKG102764,EMP00053,Ethan Brown,Finance, singapore ,tokyo,2026-09-12,2026-09-22,Domestic,Delta,4098.00,EUR,CONFIRMED
BKG102765,EMP00334,Aarav Sharma,Human Resources,new york,Toronto,2026-09-21,2026-09-30,Domestic,Delta,2131.92,gbp,CANCELLED
BKG102766,EMP00151,Emma Johnson,Marketing,PARIS,San Francisco,2026-09-28,2026-09-30,Domestic,Delta,2419.27,USD,PENDING
BKG102767,EMP00080,Olivia Davis,Marketing,Sydney,San Francisco,2026-09-17,2026-09-25,International,Delta,2218.16,USD,CANCELLED
BKG102768,EMP00337,Liam Chen,Operations,San Francisco,Toronto,2026-09-25,2026-10-05,International,British Airways,353.66,EUR,CANCELLED
BKG102769,EMP00049,Aarav Sharma,Marketing,PARIS,San Francisco,2026-09-17,2026-09-18,Domestic,Emirates,3550.87,GBP,CANCELLED
BKG102770,EMP00152,Emma Johnson,Human Resources, singapore ,Toronto,2026-09-27,2026-09-28,Domestic,United Airlines,3230.23,USD,PENDING
BKG102771,EMP00125,  LIAM CHEN  ,Engineering,San Francisco, singapore ,2026-09-23,2026-10-01,Domestic,British Airways,805.77,INR,PENDING
BKG102772,EMP00076,Mia Anderson,Human Resources,Sydney,tokyo,2026-09-30,2026-10-06,Domestic,Lufthansa,3715.51,GBP,CANCELLED
BKG102773,EMP00193,Ethan Brown,Engineering,dubai,new york,2026-09-15,2026-09-24,International,Singapore Airlines,1480.14,INR,confirmed
BKG102774,EMP00046,Isabella Rossi,Human Resources,LONDON,dubai,2026-09-29,2026-10-05,International,United Airlines,989.94,EUR,CONFIRMED
BKG102775,EMP00290,Emma Johnson,Human Resources,Sydney, singapore ,2026-09-26,2026-10-07,Domestic,Emirates,2835.03,USD,CANCELLED
BKG102776,EMP00171,Priya Patel,Finance,tokyo,PARIS,2026-09-27,2026-10-03,International,Delta,3041.89,USD,CONFIRMED
BKG102777,EMP00339,Isabella Rossi,Operations,PARIS,Toronto,2026-09-18,2026-09-25,International,Singapore Airlines,3677.03,GBP,CONFIRMED
BKG102778,EMP00327,Arjun Nair,Engineering,tokyo,dubai,2026-09-13,2026-09-23,Domestic,Air India,1370.37,usd,PENDING
BKG102779,EMP00174,Sofia Martinez,Marketing,Toronto,dubai,2026-09-28,2026-10-06,Domestic,Emirates,3462.87,GBP,PENDING
BKG102780,EMP00032,  OLIVIA DAVIS  ,Sales,tokyo,Bengaluru,2026-09-11,2026-09-21,Domestic,Delta,835.54,USD,CANCELLED
BKG102781,EMP00271,Lucas Silva,Marketing,Sydney,new york,2026-09-30,2026-10-10,International,British Airways,2932.97,EUR,CANCELLED
BKG102782,EMP00208,Noah Williams,Finance,new york,Toronto,2026-09-16,2026-09-19,International,Delta,793.75,INR,PENDING
BKG102783,EMP00130,Ethan Brown,Engineering,San Francisco,Sydney,2026-09-25,2026-10-07,International,British Airways,614.87,INR,PENDING
BKG102784,EMP00028,Mia Anderson,Engineering,new york,San Francisco,2026-09-20,2026-09-21,International,Qantas,1052.43,EUR,pending
BKG102785,EMP00040,Liam Chen,Operations,tokyo,dubai,2026-09-23,2026-09-29,Domestic,Lufthansa,3935.15,EUR,CANCELLED
BKG102786,EMP00120,Mia Anderson,Sales,new york,Sydney,2026-09-11,2026-09-22,Domestic,Emirates,1088.74,INR,CONFIRMED
BKG102787,EMP00336,Sofia Martinez,Human Resources,tokyo, singapore ,2026-10-02,2026-10-11,International,Delta,2684.89,EUR,PENDING
BKG102788,EMP00037,Mia Anderson,Marketing,Bengaluru,PARIS,2026-10-02,2026-10-07,Domestic,Lufthansa,1540.44,USD,CONFIRMED
BKG102789,EMP00169,  MIA ANDERSON  ,Operations,Bengaluru,PARIS,2026-09-16,2026-09-30,Domestic,Singapore Airlines,3937.24,GBP,CANCELLED
BKG102790,EMP00221,Sofia Martinez,Operations,dubai,San Francisco,2026-09-22,2026-10-04,Domestic,Lufthansa,1508.12,INR,CONFIRMED
BKG102791,EMP00297,Emma Johnson,Sales,PARIS,LONDON,2026-09-15,2026-09-20,International,Delta,3532.60,eur,CONFIRMED
BKG102792,EMP00044,Priya Patel,Human Resources,San Francisco,new york,2026-09-20,2026-09-25,Domestic,Qantas,328.29,INR,CONFIRMED
BKG102793,EMP00062,Mia Anderson,Finance,PARIS,Bengaluru,2026-09-14,2026-09-18,International,Lufthansa,420.81,EUR,PENDING
BKG102794,EMP00259,Isabella Rossi,Sales,tokyo,PARIS,2026-09-16,2026-09-18,International,Delta,162.18,EUR,PENDING
BKG102795,EMP00293,Noah Williams,Sales,PARIS,Toronto,2026-09-23,2026-10-01,International,Lufthansa,396.34,USD,pending
BKG102796,EMP00202,Liam Chen,Sales,PARIS,LONDON,2026-09-18,2026-10-01,International,Singapore Airlines,127.21,EUR,CANCELLED
BKG102797,EMP00100,Lucas Silva,Marketing,dubai,LONDON,2026-09-14,2026-09-28,International,Qantas,3462.98,GBP,CANCELLED
BKG102798,EMP00327,  LIAM CHEN  ,Marketing,new york,Toronto,2026-09-21,2026-09-28,International,British Airways,491.31,USD,CONFIRMED
BKG102799,EMP00196,Aarav Sharma,Human Resources,tokyo, singapore ,2026-09-27,2026-10-08,International,Lufthansa,296.41,EUR,CANCELLED
BKG102800,EMP00077,Noah Williams,Engineering,new york,Toronto,2026-09-27,2026-10-02,International,Air India,1672.41,EUR,PENDING
BKG102801,EMP00129,Mia Anderson,Sales,Bengaluru,San Francisco,2026-09-25,2026-10-09,Domestic,Lufthansa,3611.71,INR,PENDING
BKG102802,EMP00095,Lucas Silva,Human Resources,dubai,tokyo,2026-09-12,2026-09-25,International,Qantas,3814.35,GBP,PENDING
BKG102803,EMP00303,Lucas Silva,Engineering,tokyo,San Francisco,2026-09-28,2026-10-09,Domestic,Singapore Airlines,236.07,GBP,CONFIRMED
BKG102804,EMP00325,Ethan Brown,Operations,PARIS,dubai,2026-09-24,2026-10-04,International,Lufthansa,1798.86,eur,CANCELLED
BKG102805,EMP00313,Olivia Davis,Marketing,new york,Sydney,2026-10-02,2026-10-07,Domestic,Singapore Airlines,4000.85,EUR,PENDING
BKG102806,EMP00133,Priya Patel,Engineering,Sydney,new york,2026-09-30,2026-10-01,Domestic,Delta,3919.14,GBP,pending
BKG102807,EMP00341,  MIA ANDERSON  ,Human Resources,new york,dubai,2026-09-30,2026-10-03,International,Delta,499.97,INR,CANCELLED
BKG102808,EMP00103,Aarav Sharma,Human Resources,Bengaluru,PARIS,2026-09-26,2026-09-27,International,Delta,3015.50,EUR,PENDING
BKG102809,EMP00108,Olivia Davis,Engineering,PARIS,tokyo,2026-09-30,2026-10-09,International,Emirates,3861.11,GBP,PENDING
BKG102810,EMP00214,Liam Chen,Finance,new york,San Francisco,2026-09-24,2026-10-07,International,Qantas,3557.14,EUR,CONFIRMED
BKG102811,EMP00238,Priya Patel,Finance,dubai,LONDON,2026-09-24,2026-10-06,International,Qantas,1254.06,INR,PENDING
BKG102812,EMP00168,Isabella Rossi,Marketing, singapore ,San Francisco,2026-09-17,2026-09-26,Domestic,Emirates,1282.40,USD,CANCELLED
BKG102813,EMP00131,Noah Williams,Engineering,PARIS,LONDON,2026-09-16,2026-09-25,International,Delta,1184.46,EUR,CONFIRMED
BKG102814,EMP00032,Aarav Sharma,Finance,Bengaluru,Sydney,2026-10-01,2026-10-04,International,Singapore Airlines,2024.02,USD,CONFIRMED
BKG102815,EMP00065,Priya Patel,Operations, singapore ,Toronto,2026-09-12,2026-09-17,Domestic,Air India,2747.23,INR,CANCELLED
BKG102816,EMP00059,  SOFIA MARTINEZ  ,Finance, singapore ,Toronto,2026-09-21,2026-09-24,Domestic,Qantas,2643.80,GBP,CONFIRMED
BKG102817,EMP00087,Mia Anderson,Human Resources,LONDON,Sydney,2026-09-25,2026-10-01,International,Singapore Airlines,1718.06,usd,confirmed
BKG102818,EMP00210,Olivia Davis,Engineering, singapore ,Bengaluru,2026-09-11,2026-09-13,Domestic,Lufthansa,3137.23,GBP,PENDING
BKG102819,EMP00205,Lucas Silva,Sales,San Francisco,Bengaluru,2026-09-27,2026-10-10,Domestic,Qantas,1256.91,GBP,CONFIRMED
BKG102820,EMP00188,Olivia Davis,Human Resources,Sydney,PARIS,2026-09-16,2026-09-29,International,Qantas,705.14,INR,CANCELLED
BKG102821,EMP00068,Isabella Rossi,Human Resources,Sydney,Bengaluru,2026-09-23,2026-10-06,International,Air India,2641.82,EUR,CONFIRMED
BKG102822,EMP00150,Mia Anderson,Finance,Bengaluru,Toronto,2026-10-02,2026-10-13,Domestic,Lufthansa,136.58,EUR,PENDING
BKG102823,EMP00149,Aarav Sharma,Engineering,Toronto, singapore ,2026-09-21,2026-10-01,International,United Airlines,978.11,USD,CONFIRMED
BKG102824,EMP00095,Aarav Sharma,Finance,Sydney,San Francisco,2026-09-15,2026-09-25,International,Lufthansa,2774.29,USD,CANCELLED
BKG102825,EMP00092,  LIAM CHEN  ,Human Resources,tokyo,San Francisco,2026-09-27,2026-09-28,International,Air India,1041.14,INR,CANCELLED
BKG102826,EMP00345,Emma Johnson,Marketing, singapore ,tokyo,2026-09-20,2026-09-27,Domestic,Emirates,1300.84,USD,CONFIRMED
BKG102827,EMP00304,Mia Anderson,Sales,Sydney,LONDON,2026-09-14,2026-09-27,Domestic,Qantas,345.90,GBP,CANCELLED
BKG102828,EMP00067,Olivia Davis,Marketing,Sydney,San Francisco,2026-09-13,2026-09-19,Domestic,British Airways,2317.08,GBP,confirmed
BKG102829,EMP00118,Liam Chen,Marketing,Toronto,Bengaluru,2026-09-18,2026-09-21,Domestic,Singapore Airlines,2219.64,USD,CANCELLED
BKG102830,EMP00279,Emma Johnson,Sales,LONDON,PARIS,2026-09-28,2026-10-10,International,Delta,1871.82,gbp,CONFIRMED
BKG102831,EMP00348,Emma Johnson,Finance,tokyo,San Francisco,2026-09-19,2026-09-28,International,Qantas,3592.45,INR,CANCELLED
BKG102832,EMP00318,Emma Johnson,Finance,dubai, singapore ,2026-09-15,2026-09-23,Domestic,Emirates,1023.78,EUR,CANCELLED
BKG102833,EMP00241,Noah Williams,Marketing,Sydney,dubai,2026-09-27,2026-10-06,Domestic,Qantas,3692.10,INR,CONFIRMED
BKG102834,EMP00246,  NOAH WILLIAMS  ,Sales, singapore ,Toronto,2026-09-26,2026-09-27,International,United Airlines,1137.57,GBP,CANCELLED
BKG102835,EMP00318,Sofia Martinez,Sales,new york,Toronto,2026-09-26,2026-10-09,Domestic,United Airlines,3984.53,INR,CANCELLED
BKG102836,EMP00055,Liam Chen,Sales,PARIS,LONDON,2026-09-20,2026-09-28,Domestic,British Airways,2862.23,EUR,CANCELLED
BKG102837,EMP00160,Mia Anderson,Human Resources,San Francisco,new york,2026-09-13,2026-09-21,International,British Airways,1073.72,INR,CANCELLED
BKG102838,EMP00318,Aarav Sharma,Finance,tokyo,Bengaluru,2026-09-16,2026-09-22,International,Singapore Airlines,267.42,INR,PENDING
BKG102839,EMP00233,Liam Chen,Human Resources,tokyo,new york,2026-09-11,2026-09-19,Domestic,Singapore Airlines,3725.32,INR,cancelled
BKG102840,EMP00319,Sofia Martinez,Operations,Bengaluru,San Francisco,2026-09-23,2026-09-28,Domestic,Air India,3024.89,GBP,PENDING
BKG102841,EMP00060,Liam Chen,Sales,Sydney,tokyo,2026-09-20,2026-09-23,Domestic,Delta,304.97,INR,PENDING
BKG102842,EMP00040,Aarav Sharma,Marketing,San Francisco,new york,2026-10-01,2026-10-10,International,Air India,289.19,GBP,CANCELLED
BKG102843,EMP00264,  PRIYA PATEL  ,Operations, singapore ,San Francisco,2026-10-02,2026-10-09,International,Delta,309.27,gbp,CANCELLED
BKG102844,EMP00132,Ethan Brown,Operations,new york,tokyo,2026-09-16,2026-09-24,International,Emirates,668.67,USD,PENDING
BKG102845,EMP00173,Mia Anderson,Sales,tokyo,Sydney,2026-09-25,2026-09-27,Domestic,United Airlines,2617.29,USD,PENDING
BKG102846,EMP00049,Sofia Martinez,Finance,dubai,San Francisco,2026-09-20,2026-09-24,Domestic,Emirates,196.92,INR,PENDING
BKG102847,EMP00237,Ethan Brown,Finance,Sydney,tokyo,2026-09-27,2026-10-10,Domestic,Delta,1510.40,GBP,PENDING
BKG102848,EMP00334,Ethan Brown,Sales, singapore ,Toronto,2026-09-13,2026-09-26,International,Singapore Airlines,1804.69,USD,CANCELLED
BKG102849,EMP00045,Aarav Sharma,Finance,San Francisco,Sydney,2026-09-20,2026-09-30,International,Air India,944.79,EUR,PENDING
BKG102850,EMP00315,Ethan Brown,Finance,Sydney,dubai,2026-09-13,2026-09-25,Domestic,Air India,2318.25,INR,pending
BKG102851,EMP00312,Sofia Martinez,Operations,Toronto,dubai,2026-09-12,2026-09-21,Domestic,Qantas,383.93,USD,CANCELLED
BKG102852,EMP00190,  AARAV SHARMA  ,Marketing,Toronto,LONDON,2026-09-18,2026-10-01,Domestic,Qantas,4124.66,INR,PENDING
BKG102853,EMP00194,Isabella Rossi,Finance,San Francisco,Bengaluru,2026-10-02,2026-10-08,International,Emirates,1343.27,USD,CANCELLED
BKG102854,EMP00039,Olivia Davis,Sales,LONDON,dubai,2026-09-11,2026-09-23,International,Emirates,583.71,INR,CONFIRMED
BKG102855,EMP00260,Olivia Davis,Human Resources,tokyo,Toronto,2026-09-28,2026-10-06,Domestic,Qantas,1798.66,EUR,CONFIRMED
BKG102856,EMP00015,Emma Johnson,Engineering, singapore ,new york,2026-09-14,2026-09-21,International,Lufthansa,1343.52,eur,CANCELLED
BKG102857,EMP00319,Liam Chen,Engineering,Sydney,San Francisco,2026-09-13,2026-09-24,International,British Airways,295.61,INR,CANCELLED
BKG102858,EMP00031,Emma Johnson,Sales, singapore ,tokyo,2026-09-28,2026-09-30,International,Air India,1587.91,EUR,CANCELLED
BKG102859,EMP00198,Emma Johnson,Operations,San Francisco,new york,2026-09-17,2026-09-28,International,United Airlines,1773.03,INR,CANCELLED
BKG102860,EMP00118,Mia Anderson,Human Resources,LONDON,Toronto,2026-09-28,2026-10-11,Domestic,Emirates,2277.66,EUR,CONFIRMED
BKG102861,EMP00201,  PRIYA PATEL  ,Sales,dubai,new york,2026-09-26,2026-10-04,Domestic,United Airlines,1653.85,USD,confirmed
BKG102862,EMP00338,Liam Chen,Sales,San Francisco,LONDON,2026-09-25,2026-09-29,Domestic,United Airlines,1016.65,GBP,PENDING
BKG102863,EMP00275,Noah Williams,Finance,San Francisco,dubai,2026-09-29,2026-10-10,International,Qantas,652.81,EUR,CONFIRMED
BKG102864,EMP00215,Liam Chen,Finance,tokyo, singapore ,2026-09-21,2026-09-24,International,Delta,3101.91,GBP,CONFIRMED
BKG102865,EMP00154,Mia Anderson,Marketing,San Francisco, singapore ,2026-09-27,2026-09-29,Domestic,Emirates,3577.34,EUR,CANCELLED
BKG102866,EMP00055,Noah Williams,Finance,dubai,Bengaluru,2026-09-26,2026-10-01,International,Emirates,2642.84,EUR,CANCELLED
BKG102867,EMP00181,Emma Johnson,Finance,tokyo,Toronto,2026-09-21,2026-10-03,International,United Airlines,1644.36,EUR,CANCELLED
BKG102868,EMP00026,Priya Patel,Sales,Toronto,Bengaluru,2026-09-26,2026-10-05,Domestic,Air India,3577.02,EUR,CANCELLED
BKG102869,EMP00157,Ethan Brown,Operations, singapore ,Sydney,2026-10-01,2026-10-14,Domestic,Singapore Airlines,2923.26,gbp,CANCELLED
BKG102870,EMP00151,  EMMA JOHNSON  ,Finance,Toronto,San Francisco,2026-09-27,2026-10-08,Domestic,Air India,2639.63,GBP,CANCELLED
BKG102871,EMP00339,Aarav Sharma,Sales,PARIS, singapore ,2026-09-14,2026-09-26,Domestic,United Airlines,560.22,EUR,PENDING
BKG102872,EMP00259,Lucas Silva,Operations,tokyo, singapore ,2026-09-17,2026-09-23,International,Lufthansa,255.40,INR,confirmed
BKG102873,EMP00084,Ethan Brown,Engineering,new york,tokyo,2026-09-19,2026-09-28,International,Delta,1787.80,USD,CANCELLED
BKG102874,EMP00104,Arjun Nair,Marketing, singapore ,PARIS,2026-09-30,2026-10-06,International,Singapore Airlines,1754.06,EUR,PENDING
BKG102875,EMP00039,Noah Williams,Engineering,tokyo,Bengaluru,2026-10-02,2026-10-12,Domestic,Qantas,2891.98,EUR,CONFIRMED
BKG102876,EMP00289,Mia Anderson,Human Resources,new york,dubai,2026-09-28,2026-10-07,International,Singapore Airlines,4060.42,USD,CONFIRMED
BKG102877,EMP00012,Ethan Brown,Sales,Sydney,new york,2026-09-29,2026-10-02,Domestic,Lufthansa,3906.27,GBP,PENDING
BKG102878,EMP00024,Noah Williams,Operations,Toronto,dubai,2026-09-29,2026-10-05,International,Lufthansa,3279.88,INR,PENDING
BKG102879,EMP00022,  ISABELLA ROSSI  ,Engineering,dubai,tokyo,2026-09-16,2026-09-23,Domestic,Qantas,4113.15,GBP,PENDING
BKG102880,EMP00275,Sofia Martinez,Marketing,Bengaluru,Toronto,2026-09-15,2026-09-29,International,United Airlines,2065.62,USD,CONFIRMED
BKG102881,EMP00084,Mia Anderson,Marketing,new york,tokyo,2026-09-25,2026-10-07,International,Emirates,1617.48,EUR,CANCELLED
BKG102882,EMP00122,Arjun Nair,Engineering,tokyo,San Francisco,2026-10-01,2026-10-14,Domestic,Qantas,1575.36,usd,CANCELLED
BKG102883,EMP00011,Arjun Nair,Engineering,Sydney, singapore ,2026-10-01,2026-10-04,Domestic,British Airways,725.24,INR,confirmed
BKG102884,EMP00033,Lucas Silva,Marketing,tokyo,Toronto,2026-09-13,2026-09-15,Domestic,Delta,513.96,INR,CONFIRMED
BKG102885,EMP00196,Sofia Martinez,Engineering,Sydney,new york,2026-09-19,2026-10-01,International,United Airlines,503.74,INR,PENDING
BKG102886,EMP00006,Arjun Nair,Marketing,Bengaluru,Sydney,2026-09-17,2026-09-26,Domestic,Qantas,2538.58,USD,CANCELLED
BKG102887,EMP00293,Priya Patel,Human Resources,dubai,Sydney,2026-10-02,2026-10-09,International,Emirates,2276.26,INR,PENDING
BKG102888,EMP00287,  LUCAS SILVA  ,Marketing,LONDON,tokyo,2026-09-24,2026-09-29,Domestic,Delta,220.73,INR,PENDING
BKG102889,EMP00016,Liam Chen,Finance,tokyo,San Francisco,2026-09-16,2026-09-22,Domestic,Delta,181.77,USD,CANCELLED
BKG102890,EMP00213,Lucas Silva,Operations,San Francisco,Toronto,2026-09-20,2026-09-22,Domestic,Singapore Airlines,3283.09,EUR,CONFIRMED
BKG102891,EMP00143,Liam Chen,Sales,PARIS,Bengaluru,2026-09-16,2026-09-21,Domestic,Emirates,3300.80,USD,CONFIRMED
BKG102892,EMP00116,Ethan Brown,Finance, singapore ,Sydney,2026-09-23,2026-10-07,International,Lufthansa,2378.85,GBP,CANCELLED
BKG102893,EMP00303,Mia Anderson,Marketing,PARIS,dubai,2026-09-22,2026-09-23,International,Air India,1978.80,GBP,CANCELLED
BKG102894,EMP00104,Lucas Silva,Finance,new york,Bengaluru,2026-10-01,2026-10-08,International,Air India,2420.99,USD,confirmed
BKG102895,EMP00026,Emma Johnson,Marketing,LONDON,Toronto,2026-09-18,2026-10-01,Domestic,Lufthansa,2441.32,inr,CANCELLED
BKG102896,EMP00227,Arjun Nair,Engineering,San Francisco,LONDON,2026-09-21,2026-10-01,Domestic,Delta,785.30,INR,PENDING
BKG102897,EMP00095,  MIA ANDERSON  ,Marketing,San Francisco,Toronto,2026-09-21,2026-09-25,International,Qantas,1802.09,INR,PENDING
BKG102898,EMP00062,Aarav Sharma,Human Resources, singapore ,Bengaluru,2026-09-30,2026-10-06,Domestic,Delta,1106.77,GBP,PENDING
BKG102899,EMP00272,Olivia Davis,Marketing,San Francisco,tokyo,2026-09-18,2026-09-30,International,Lufthansa,1524.77,EUR,CANCELLED
BKG102900,EMP00136,Lucas Silva,Marketing,Toronto,Bengaluru,2026-09-16,2026-09-27,International,British Airways,2632.68,GBP,PENDING
BKG102901,EMP00330,Ethan Brown,Sales,new york,tokyo,2026-09-21,2026-10-01,Domestic,Singapore Airlines,2293.20,GBP,CONFIRMED
BKG102902,EMP00105,Liam Chen,Human Resources,LONDON, singapore ,2026-09-28,2026-10-04,Domestic,Emirates,3559.74,EUR,CANCELLED
BKG102903,EMP00339,Mia Anderson,Finance,Sydney,new york,2026-10-02,2026-10-13,International,Qantas,478.32,INR,PENDING
BKG102904,EMP00010,Ethan Brown,Human Resources,Bengaluru,Sydney,2026-09-25,2026-10-08,Domestic,United Airlines,3527.67,USD,PENDING
BKG102905,EMP00010,Isabella Rossi,Marketing,PARIS, singapore ,2026-09-27,2026-10-11,International,Air India,361.87,USD,confirmed
BKG102906,EMP00166,  EMMA JOHNSON  ,Sales,LONDON,tokyo,2026-09-18,2026-09-19,Domestic,Singapore Airlines,456.76,GBP,PENDING
BKG102907,EMP00239,Olivia Davis,Engineering,dubai,LONDON,2026-09-15,2026-09-24,Domestic,United Airlines,3009.53,INR,CANCELLED
BKG102908,EMP00350,Lucas Silva,Marketing,San Francisco,PARIS,2026-09-25,2026-10-05,Domestic,Emirates,3646.90,eur,CANCELLED
BKG102909,EMP00318,Olivia Davis,Engineering,tokyo,dubai,2026-09-23,2026-10-01,Domestic,Singapore Airlines,2034.80,USD,CANCELLED
BKG102910,EMP00039,Mia Anderson,Human Resources,PARIS, singapore ,2026-09-13,2026-09-18,Domestic,Emirates,1030.43,INR,CONFIRMED
BKG102911,EMP00024,Olivia Davis,Human Resources,dubai, singapore ,2026-09-29,2026-10-05,International,Delta,826.78,INR,CANCELLED
BKG102912,EMP00226,Aarav Sharma,Operations,San Francisco,Sydney,2026-09-25,2026-10-08,International,Delta,4128.51,INR,PENDING
BKG102913,EMP00299,Aarav Sharma,Operations,Bengaluru, singapore ,2026-09-19,2026-09-24,Domestic,Qantas,3034.36,GBP,CONFIRMED
BKG102914,EMP00099,Priya Patel,Sales, singapore ,Sydney,2026-09-30,2026-10-14,Domestic,Singapore Airlines,1315.31,USD,PENDING
BKG102915,EMP00074,  NOAH WILLIAMS  ,Sales,San Francisco,Sydney,2026-09-23,2026-10-05,International,Lufthansa,2641.34,USD,CONFIRMED
BKG102916,EMP00010,Emma Johnson,Operations,LONDON,San Francisco,2026-09-28,2026-10-12,International,Delta,415.88,EUR,pending
BKG102917,EMP00169,Lucas Silva,Finance,Toronto,Bengaluru,2026-09-19,2026-10-01,Domestic,Air India,3425.33,USD,CANCELLED
BKG102918,EMP00117,Sofia Martinez,Finance,Bengaluru,San Francisco,2026-09-19,2026-10-01,International,Delta,819.56,INR,CONFIRMED
BKG102919,EMP00146,Arjun Nair,Sales,dubai,tokyo,2026-10-01,2026-10-02,International,Lufthansa,745.46,INR,PENDING
BKG102920,EMP00003,Liam Chen,Operations,Toronto,San Francisco,2026-09-30,2026-10-13,Domestic,British Airways,3022.34,USD,CANCELLED
BKG102921,EMP00195,Liam Chen,Marketing,new york,Bengaluru,2026-09-12,2026-09-17,Domestic,Singapore Airlines,2811.78,gbp,CANCELLED
BKG102922,EMP00061,Olivia Davis,Sales,tokyo,LONDON,2026-09-29,2026-10-03,Domestic,Air India,3600.70,EUR,CONFIRMED
BKG102923,EMP00087,Lucas Silva,Human Resources,tokyo,dubai,2026-10-01,2026-10-05,International,United Airlines,4178.71,GBP,CONFIRMED
BKG102924,EMP00122,  SOFIA MARTINEZ  ,Engineering,PARIS,San Francisco,2026-09-22,2026-10-02,International,United Airlines,910.32,INR,CANCELLED
BKG102925,EMP00260,Noah Williams,Finance,Bengaluru,dubai,2026-09-30,2026-10-03,International,Air India,3339.90,GBP,PENDING
BKG102926,EMP00009,Mia Anderson,Operations,dubai,new york,2026-09-16,2026-09-30,International,Singapore Airlines,1545.05,USD,CONFIRMED
BKG102927,EMP00234,Isabella Rossi,Marketing,LONDON,new york,2026-09-20,2026-09-24,Domestic,British Airways,623.95,GBP,cancelled
BKG102928,EMP00042,Olivia Davis,Marketing, singapore ,LONDON,2026-09-26,2026-10-07,International,Qantas,415.76,INR,CONFIRMED
BKG102929,EMP00059,Sofia Martinez,Operations,Toronto, singapore ,2026-09-18,2026-09-26,International,Delta,2752.81,EUR,CANCELLED
BKG102930,EMP00336,Ethan Brown,Sales,Toronto,Sydney,2026-09-12,2026-09-26,International,Singapore Airlines,3389.30,INR,CONFIRMED
BKG102931,EMP00165,Lucas Silva,Marketing,LONDON,PARIS,2026-09-12,2026-09-19,International,Singapore Airlines,1727.79,GBP,CANCELLED
BKG102932,EMP00209,Priya Patel,Sales,Toronto,LONDON,2026-09-17,2026-09-21,Domestic,British Airways,3693.09,USD,CONFIRMED
BKG102933,EMP00192,  LIAM CHEN  ,Marketing,tokyo,PARIS,2026-09-23,2026-09-28,International,Qantas,580.87,GBP,CONFIRMED
BKG102934,EMP00117,Ethan Brown,Finance,Bengaluru,PARIS,2026-10-01,2026-10-10,International,Lufthansa,4064.38,usd,CANCELLED
BKG102935,EMP00064,Sofia Martinez,Finance,PARIS,tokyo,2026-09-23,2026-09-30,Domestic,Singapore Airlines,2183.03,GBP,PENDING
BKG102936,EMP00330,Liam Chen,Operations,PARIS,Toronto,2026-09-29,2026-10-01,International,British Airways,1152.45,GBP,CANCELLED
BKG102937,EMP00311,Aarav Sharma,Operations,Toronto,Bengaluru,2026-09-28,2026-10-06,International,Lufthansa,3614.73,GBP,CANCELLED
BKG102938,EMP00066,Lucas Silva,Human Resources,Toronto,tokyo,2026-09-28,2026-10-02,International,Air India,765.29,GBP,cancelled
BKG102939,EMP00037,Sofia Martinez,Engineering, singapore ,PARIS,2026-09-13,2026-09-22,International,British Airways,4198.53,INR,CONFIRMED
BKG102940,EMP00129,Liam Chen,Human Resources,Toronto, singapore ,2026-09-29,2026-10-04,International,Emirates,1586.92,GBP,PENDING
BKG102941,EMP00280,Arjun Nair,Marketing,dubai,San Francisco,2026-09-19,2026-10-02,International,United Airlines,1770.41,USD,PENDING
BKG102942,EMP00329,  LUCAS SILVA  ,Human Resources,tokyo,Bengaluru,2026-09-22,2026-10-05,International,United Airlines,4046.95,GBP,CONFIRMED
BKG102943,EMP00008,Aarav Sharma,Finance, singapore ,Toronto,2026-09-20,2026-09-28,Domestic,Qantas,503.33,USD,PENDING
BKG102944,EMP00159,Mia Anderson,Human Resources,dubai,San Francisco,2026-09-15,2026-09-25,International,Air India,335.15,USD,PENDING
BKG102945,EMP00338,Sofia Martinez,Engineering,LONDON,San Francisco,2026-09-29,2026-10-10,Domestic,Delta,3297.67,USD,CONFIRMED
BKG102946,EMP00152,Sofia Martinez,Engineering,new york,Bengaluru,2026-09-21,2026-09-23,International,British Airways,200.91,USD,CANCELLED
BKG102947,EMP00164,Aarav Sharma,Engineering,Sydney,dubai,2026-09-19,2026-09-20,International,British Airways,915.06,inr,CANCELLED
BKG102948,EMP00091,Emma Johnson,Engineering,PARIS,dubai,2026-09-18,2026-09-25,Domestic,Delta,2683.15,INR,PENDING
BKG102949,EMP00288,Isabella Rossi,Engineering,new york,LONDON,2026-09-20,2026-09-28,International,United Airlines,3402.36,INR,cancelled
BKG102950,EMP00151,Arjun Nair,Marketing,LONDON,Sydney,2026-09-19,2026-09-26,International,Singapore Airlines,2209.40,INR,CONFIRMED
BKG102951,EMP00032,  LUCAS SILVA  ,Sales,new york, singapore ,2026-09-16,2026-09-30,Domestic,Emirates,3395.20,GBP,CANCELLED
BKG102952,EMP00175,Liam Chen,Engineering, singapore ,Sydney,2026-09-28,2026-10-06,Domestic,Singapore Airlines,2714.11,INR,CANCELLED
BKG102953,EMP00336,Liam Chen,Marketing, singapore ,Sydney,2026-09-15,2026-09-26,International,Air India,2567.68,GBP,CANCELLED
BKG102954,EMP00057,Isabella Rossi,Operations,dubai,Sydney,2026-10-01,2026-10-14,Domestic,Lufthansa,1469.37,GBP,PENDING
BKG102955,EMP00185,Lucas Silva,Engineering,tokyo,Toronto,2026-09-23,2026-09-26,International,Emirates,791.21,EUR,CANCELLED
BKG102956,EMP00186,Lucas Silva,Marketing,LONDON,dubai,2026-09-15,2026-09-16,Domestic,Qantas,1587.67,EUR,PENDING
BKG102957,EMP00326,Priya Patel,Human Resources,new york,dubai,2026-09-27,2026-10-02,Domestic,United Airlines,2136.16,GBP,PENDING
BKG102958,EMP00192,Lucas Silva,Operations, singapore ,tokyo,2026-09-29,2026-10-04,Domestic,Delta,694.79,EUR,CANCELLED
BKG102959,EMP00281,Noah Williams,Human Resources,LONDON,PARIS,2026-09-20,2026-09-28,Domestic,Air India,2768.91,USD,PENDING
BKG102960,EMP00007,  PRIYA PATEL  ,Sales,new york,Toronto,2026-09-20,2026-09-21,Domestic,Qantas,615.34,inr,pending
BKG102961,EMP00281,Mia Anderson,Sales,dubai,LONDON,2026-09-18,2026-09-30,Domestic,Singapore Airlines,709.35,GBP,PENDING
BKG102962,EMP00225,Emma Johnson,Sales,tokyo,Toronto,2026-09-28,2026-10-02,Domestic,Lufthansa,3631.98,INR,CANCELLED
BKG102963,EMP00018,Isabella Rossi,Sales,new york,Sydney,2026-09-29,2026-10-07,Domestic,United Airlines,3915.83,INR,CANCELLED
BKG102964,EMP00254,Lucas Silva,Marketing,Sydney,San Francisco,2026-09-20,2026-09-27,International,Emirates,3418.50,USD,PENDING
BKG102965,EMP00271,Aarav Sharma,Human Resources, singapore ,Sydney,2026-09-23,2026-09-25,Domestic,Lufthansa,143.93,USD,CONFIRMED
BKG102966,EMP00344,Liam Chen,Operations, singapore ,LONDON,2026-09-16,2026-09-17,Domestic,British Airways,2062.68,USD,CONFIRMED
BKG102967,EMP00215,Lucas Silva,Human Resources,new york,Toronto,2026-09-26,2026-10-02,International,Air India,1295.96,GBP,PENDING
BKG102968,EMP00068,Priya Patel,Sales, singapore ,dubai,2026-09-24,2026-09-28,Domestic,Singapore Airlines,1829.20,GBP,CANCELLED
BKG102969,EMP00164,  ARJUN NAIR  ,Finance,San Francisco, singapore ,2026-10-01,2026-10-10,Domestic,Singapore Airlines,2741.55,USD,PENDING
BKG102970,EMP00003,Lucas Silva,Engineering,San Francisco,Sydney,2026-09-23,2026-09-25,Domestic,United Airlines,748.01,EUR,PENDING
BKG102971,EMP00033,Olivia Davis,Finance,Sydney,dubai,2026-10-02,2026-10-12,International,British Airways,2863.32,INR,pending
BKG102972,EMP00033,Lucas Silva,Operations,new york,San Francisco,2026-09-17,2026-09-19,International,Delta,128.83,INR,CANCELLED
BKG102973,EMP00235,Ethan Brown,Engineering,Bengaluru,PARIS,2026-09-21,2026-09-30,International,Lufthansa,2416.18,eur,PENDING
BKG102974,EMP00025,Lucas Silva,Marketing,San Francisco,Sydney,2026-10-01,2026-10-02,Domestic,Emirates,2524.33,USD,CANCELLED
BKG102975,EMP00177,Priya Patel,Marketing,tokyo,Sydney,2026-09-29,2026-10-10,Domestic,United Airlines,3644.43,EUR,CONFIRMED
BKG102976,EMP00048,Arjun Nair,Marketing,tokyo,Sydney,2026-09-14,2026-09-18,Domestic,British Airways,1243.24,GBP,CANCELLED
BKG102977,EMP00168,Emma Johnson,Finance,Toronto, singapore ,2026-09-28,2026-10-11,Domestic,Emirates,3149.51,EUR,CANCELLED
BKG102978,EMP00119,  LIAM CHEN  ,Operations,Toronto,Sydney,2026-09-14,2026-09-21,International,Emirates,1259.48,INR,CONFIRMED
BKG102979,EMP00162,Arjun Nair,Finance,Bengaluru,new york,2026-09-17,2026-09-25,Domestic,Singapore Airlines,2421.10,GBP,CANCELLED
BKG102980,EMP00119,Liam Chen,Finance,Toronto,Sydney,2026-09-23,2026-10-07,International,Air India,4060.38,GBP,CANCELLED
BKG102981,EMP00153,Noah Williams,Operations,Toronto,Bengaluru,2026-09-20,2026-09-28,International,Lufthansa,162.17,INR,PENDING
BKG102982,EMP00153,Priya Patel,Engineering,PARIS, singapore ,2026-09-15,2026-09-29,Domestic,Lufthansa,3802.66,GBP,cancelled
BKG102983,EMP00338,Noah Williams,Human Resources,PARIS,tokyo,2026-09-24,2026-09-29,Domestic,United Airlines,617.37,USD,CANCELLED
BKG102984,EMP00276,Ethan Brown,Marketing,Sydney,San Francisco,2026-09-17,2026-09-24,Domestic,Lufthansa,2723.23,USD,CANCELLED
BKG102985,EMP00241,Priya Patel,Finance,Toronto,dubai,2026-09-29,2026-10-03,International,Emirates,868.79,GBP,CANCELLED
BKG102986,EMP00073,Lucas Silva,Human Resources,LONDON,Toronto,2026-09-24,2026-09-30,International,Singapore Airlines,3856.10,eur,CONFIRMED
BKG102987,EMP00181,  ARJUN NAIR  ,Marketing, singapore ,Bengaluru,2026-09-23,2026-10-01,Domestic,Emirates,3540.49,EUR,CANCELLED
BKG102988,EMP00101,Ethan Brown,Engineering, singapore ,tokyo,2026-09-28,2026-10-03,Domestic,Qantas,3799.60,INR,PENDING
BKG102989,EMP00012,Liam Chen,Finance,Bengaluru,Sydney,2026-09-26,2026-10-03,International,Lufthansa,392.11,INR,CONFIRMED
BKG102990,EMP00152,Sofia Martinez,Human Resources,PARIS,Toronto,2026-09-16,2026-09-17,Domestic,United Airlines,1177.65,GBP,PENDING
BKG102991,EMP00188,Priya Patel,Sales,PARIS,San Francisco,2026-09-29,2026-10-10,Domestic,Singapore Airlines,2911.69,USD,CONFIRMED
BKG102992,EMP00205,Liam Chen,Operations,Bengaluru,LONDON,2026-09-16,2026-09-23,International,Qantas,260.17,INR,PENDING
BKG102993,EMP00345,Isabella Rossi,Sales,tokyo,new york,2026-09-25,2026-09-26,Domestic,Emirates,1609.88,USD,confirmed
BKG102994,EMP00332,Liam Chen,Finance,LONDON,PARIS,2026-09-17,2026-09-22,International,Air India,674.92,USD,CANCELLED
BKG102995,EMP00090,Mia Anderson,Human Resources,Bengaluru, singapore ,2026-09-30,2026-10-03,International,Delta,2116.24,EUR,CONFIRMED
BKG102996,EMP00090,  LIAM CHEN  ,Operations,dubai,Toronto,2026-09-18,2026-09-22,Domestic,Delta,3288.64,INR,CONFIRMED
BKG102997,EMP00241,Sofia Martinez,Operations,LONDON,Sydney,2026-09-20,2026-10-03,Domestic,Delta,2602.60,USD,CANCELLED
BKG102998,EMP00054,Liam Chen,Sales,new york,San Francisco,2026-09-13,2026-09-25,International,United Airlines,522.40,USD,CANCELLED
BKG102999,EMP00016,Noah Williams,Human Resources,tokyo,Bengaluru,2026-09-19,2026-09-27,Domestic,Delta,3435.19,gbp,PENDING
BKG103000,EMP00176,Liam Chen,Sales,San Francisco,tokyo,2026-09-23,2026-09-29,Domestic,Emirates,3636.34,USD,CANCELLED
